=== Running Experiment exp4_013026 ===
Inference file: inference_exp4_020126_1.jld2
Output prefix: steps_dict_exp4_031726_2
This wrapper runs each scenario separately to avoid type conflicts.

==================================================
PHASE 1: Running all maps for Scenario 1
==================================================
WARNING: redefinition of constant Main.PLANNER_CACHE. This may fail, cause incorrect answers, or produce other errors.
WARNING: redefinition of constant Main.CACHE_HITS. This may fail, cause incorrect answers, or produce other errors.
WARNING: redefinition of constant Main.CACHE_MISSES. This may fail, cause incorrect answers, or produce other errors.
WARNING: redefinition of constant Main.PLANNER_CACHE. This may fail, cause incorrect answers, or produce other errors.
WARNING: redefinition of constant Main.CACHE_HITS. This may fail, cause incorrect answers, or produce other errors.
WARNING: redefinition of constant Main.CACHE_MISSES. This may fail, cause incorrect answers, or produce other errors.
WARNING: redefinition of constant Main.PLANNER_CACHE. This may fail, cause incorrect answers, or produce other errors.
WARNING: redefinition of constant Main.CACHE_HITS. This may fail, cause incorrect answers, or produce other errors.
WARNING: redefinition of constant Main.CACHE_MISSES. This may fail, cause incorrect answers, or produce other errors.
┌ Warning: type PDDL.##CompiledDoorsKeysGemsState#235 does not exist in workspace; interpreting Array{PDDL.##CompiledDoorsKeysGemsState#235} as Array{Any}
└ @ JLD2 ~/.julia/packages/JLD2/WDhXU/src/datasets.jl:128
┌ Warning: type PDDL.##CompiledDoorsKeysGemsState#235 does not exist in workspace; reconstructing
└ @ JLD2 ~/.julia/packages/JLD2/WDhXU/src/data/reconstructing_datatypes.jl:588
┌ Warning: type PDDL.##CompiledDoorsKeysGemsState#293 does not exist in workspace; reconstructing
└ @ JLD2 ~/.julia/packages/JLD2/WDhXU/src/data/reconstructing_datatypes.jl:588
┌ Warning: type PDDL.##CompiledDoorsKeysGemsState#351 does not exist in workspace; reconstructing
└ @ JLD2 ~/.julia/packages/JLD2/WDhXU/src/data/reconstructing_datatypes.jl:588
┌ Warning: type PDDL.##CompiledDoorsKeysGemsState#409 does not exist in workspace; reconstructing
└ @ JLD2 ~/.julia/packages/JLD2/WDhXU/src/data/reconstructing_datatypes.jl:588
┌ Warning: type PDDL.##CompiledDoorsKeysGemsState#467 does not exist in workspace; reconstructing
└ @ JLD2 ~/.julia/packages/JLD2/WDhXU/src/data/reconstructing_datatypes.jl:588
┌ Warning: type PDDL.##CompiledDoorsKeysGemsState#525 does not exist in workspace; reconstructing
└ @ JLD2 ~/.julia/packages/JLD2/WDhXU/src/data/reconstructing_datatypes.jl:588
┌ Warning: type PDDL.##CompiledDoorsKeysGemsState#583 does not exist in workspace; reconstructing
└ @ JLD2 ~/.julia/packages/JLD2/WDhXU/src/data/reconstructing_datatypes.jl:588
┌ Warning: type PDDL.##CompiledDoorsKeysGemsState#641 does not exist in workspace; reconstructing
└ @ JLD2 ~/.julia/packages/JLD2/WDhXU/src/data/reconstructing_datatypes.jl:588
┌ Warning: type PDDL.##CompiledDoorsKeysGemsState#699 does not exist in workspace; reconstructing
└ @ JLD2 ~/.julia/packages/JLD2/WDhXU/src/data/reconstructing_datatypes.jl:588
┌ Warning: type PDDL.##CompiledDoorsKeysGemsState#757 does not exist in workspace; reconstructing
└ @ JLD2 ~/.julia/packages/JLD2/WDhXU/src/data/reconstructing_datatypes.jl:588
┌ Warning: type PDDL.##CompiledDoorsKeysGemsState#815 does not exist in workspace; reconstructing
└ @ JLD2 ~/.julia/packages/JLD2/WDhXU/src/data/reconstructing_datatypes.jl:588
┌ Warning: type PDDL.##CompiledDoorsKeysGemsState#873 does not exist in workspace; reconstructing
└ @ JLD2 ~/.julia/packages/JLD2/WDhXU/src/data/reconstructing_datatypes.jl:588
┌ Warning: type PDDL.##CompiledDoorsKeysGemsState#931 does not exist in workspace; reconstructing
└ @ JLD2 ~/.julia/packages/JLD2/WDhXU/src/data/reconstructing_datatypes.jl:588
┌ Warning: type PDDL.##CompiledDoorsKeysGemsState#989 does not exist in workspace; reconstructing
└ @ JLD2 ~/.julia/packages/JLD2/WDhXU/src/data/reconstructing_datatypes.jl:588
┌ Warning: type PDDL.##CompiledDoorsKeysGemsState#1047 does not exist in workspace; reconstructing
└ @ JLD2 ~/.julia/packages/JLD2/WDhXU/src/data/reconstructing_datatypes.jl:588
┌ Warning: type PDDL.##CompiledDoorsKeysGemsState#1105 does not exist in workspace; reconstructing
└ @ JLD2 ~/.julia/packages/JLD2/WDhXU/src/data/reconstructing_datatypes.jl:588
┌ Warning: type PDDL.##CompiledDoorsKeysGemsState#1163 does not exist in workspace; reconstructing
└ @ JLD2 ~/.julia/packages/JLD2/WDhXU/src/data/reconstructing_datatypes.jl:588
┌ Warning: type PDDL.##CompiledDoorsKeysGemsState#1221 does not exist in workspace; reconstructing
└ @ JLD2 ~/.julia/packages/JLD2/WDhXU/src/data/reconstructing_datatypes.jl:588
┌ Warning: type PDDL.##CompiledDoorsKeysGemsState#1279 does not exist in workspace; reconstructing
└ @ JLD2 ~/.julia/packages/JLD2/WDhXU/src/data/reconstructing_datatypes.jl:588
┌ Warning: type PDDL.##CompiledDoorsKeysGemsState#1337 does not exist in workspace; reconstructing
└ @ JLD2 ~/.julia/packages/JLD2/WDhXU/src/data/reconstructing_datatypes.jl:588
┌ Warning: type PDDL.##CompiledDoorsKeysGemsState#1395 does not exist in workspace; reconstructing
└ @ JLD2 ~/.julia/packages/JLD2/WDhXU/src/data/reconstructing_datatypes.jl:588
┌ Warning: type PDDL.##CompiledDoorsKeysGemsState#1453 does not exist in workspace; reconstructing
└ @ JLD2 ~/.julia/packages/JLD2/WDhXU/src/data/reconstructing_datatypes.jl:588
┌ Warning: type PDDL.##CompiledDoorsKeysGemsState#1511 does not exist in workspace; reconstructing
└ @ JLD2 ~/.julia/packages/JLD2/WDhXU/src/data/reconstructing_datatypes.jl:588
┌ Warning: type PDDL.##CompiledDoorsKeysGemsState#1569 does not exist in workspace; reconstructing
└ @ JLD2 ~/.julia/packages/JLD2/WDhXU/src/data/reconstructing_datatypes.jl:588
┌ Warning: type PDDL.##CompiledDoorsKeysGemsState#1627 does not exist in workspace; reconstructing
└ @ JLD2 ~/.julia/packages/JLD2/WDhXU/src/data/reconstructing_datatypes.jl:588
┌ Warning: type PDDL.##CompiledDoorsKeysGemsState#1685 does not exist in workspace; reconstructing
└ @ JLD2 ~/.julia/packages/JLD2/WDhXU/src/data/reconstructing_datatypes.jl:588
┌ Warning: type PDDL.##CompiledDoorsKeysGemsState#1743 does not exist in workspace; reconstructing
└ @ JLD2 ~/.julia/packages/JLD2/WDhXU/src/data/reconstructing_datatypes.jl:588
┌ Warning: type PDDL.##CompiledDoorsKeysGemsState#1801 does not exist in workspace; reconstructing
└ @ JLD2 ~/.julia/packages/JLD2/WDhXU/src/data/reconstructing_datatypes.jl:588
┌ Warning: type PDDL.##CompiledDoorsKeysGemsState#1859 does not exist in workspace; reconstructing
└ @ JLD2 ~/.julia/packages/JLD2/WDhXU/src/data/reconstructing_datatypes.jl:588
┌ Warning: type PDDL.##CompiledDoorsKeysGemsState#1917 does not exist in workspace; reconstructing
└ @ JLD2 ~/.julia/packages/JLD2/WDhXU/src/data/reconstructing_datatypes.jl:588
┌ Warning: type PDDL.##CompiledDoorsKeysGemsState#1975 does not exist in workspace; reconstructing
└ @ JLD2 ~/.julia/packages/JLD2/WDhXU/src/data/reconstructing_datatypes.jl:588
┌ Warning: type PDDL.##CompiledDoorsKeysGemsState#2033 does not exist in workspace; reconstructing
└ @ JLD2 ~/.julia/packages/JLD2/WDhXU/src/data/reconstructing_datatypes.jl:588
┌ Warning: type PDDL.##CompiledDoorsKeysGemsState#2091 does not exist in workspace; reconstructing
└ @ JLD2 ~/.julia/packages/JLD2/WDhXU/src/data/reconstructing_datatypes.jl:588
┌ Warning: type PDDL.##CompiledDoorsKeysGemsState#2149 does not exist in workspace; reconstructing
└ @ JLD2 ~/.julia/packages/JLD2/WDhXU/src/data/reconstructing_datatypes.jl:588
┌ Warning: type PDDL.##CompiledDoorsKeysGemsState#2207 does not exist in workspace; reconstructing
└ @ JLD2 ~/.julia/packages/JLD2/WDhXU/src/data/reconstructing_datatypes.jl:588
┌ Warning: type PDDL.##CompiledDoorsKeysGemsState#2265 does not exist in workspace; reconstructing
└ @ JLD2 ~/.julia/packages/JLD2/WDhXU/src/data/reconstructing_datatypes.jl:588
┌ Warning: type PDDL.##CompiledDoorsKeysGemsState#2323 does not exist in workspace; reconstructing
└ @ JLD2 ~/.julia/packages/JLD2/WDhXU/src/data/reconstructing_datatypes.jl:588
┌ Warning: type PDDL.##CompiledDoorsKeysGemsState#2381 does not exist in workspace; reconstructing
└ @ JLD2 ~/.julia/packages/JLD2/WDhXU/src/data/reconstructing_datatypes.jl:588
┌ Warning: type PDDL.##CompiledDoorsKeysGemsState#2439 does not exist in workspace; reconstructing
└ @ JLD2 ~/.julia/packages/JLD2/WDhXU/src/data/reconstructing_datatypes.jl:588
┌ Warning: type PDDL.##CompiledDoorsKeysGemsState#2497 does not exist in workspace; reconstructing
└ @ JLD2 ~/.julia/packages/JLD2/WDhXU/src/data/reconstructing_datatypes.jl:588

Processing map: sm521
Const[wizard1, wizard2, wizard3, wizard4, wizard5]Const[wizard1, wizard2, wizard3, wizard4, wizard5]  Scenario 1
    agent2 (X) -> gem3 (actual), agent3 (Y) -> gem2 (naive)
    Loading probability data: s_id_agent2=1, s_id_agent3=1
    agent2_gem=3, agent3_gem=2
    Loaded agent2 probs: goal_probs size=(3, 44), state_probs size=(5, 44)
    Loaded agent3 probs: goal_probs size=(3, 53), state_probs size=(5, 53)
    Planning for agent1...
    problem.goal = has(agent1, gem2)
    agent1 location = (1, 10)
    Agent1 plan computed, length=48
    agent3 initial goal_probs: [0.333, 0.333, 0.333]
    agent3 initial state_probs: [0.2, 0.2, 0.2, 0.2, 0.2]
    t=0: Q_observe_agent2=131.33, Q_observe_agent3=135.93, Q_not_observe=187.0
    wizard_candidates: 5
    agent2_count=0, agent3_count=0
    timestep_agent2=1, timestep_agent3=1
    === agent2 (actual) breakdown ===
      g=1, i=1: T=11, n_wiz=1, Q_T=143.0, obs_cost=10.0, prob=0.067
      g=1, i=2: T=11, n_wiz=1, Q_T=101.0, obs_cost=10.0, prob=0.067
      g=1, i=3: T=9, n_wiz=1, Q_T=89.0, obs_cost=8.0, prob=0.067
      g=1, i=4: T=8, n_wiz=1, Q_T=77.0, obs_cost=7.0, prob=0.067
      g=1, i=5: T=6, n_wiz=1, Q_T=65.0, obs_cost=5.0, prob=0.067
      g=2, i=1: T=11, n_wiz=1, Q_T=143.0, obs_cost=10.0, prob=0.067
      g=2, i=2: T=11, n_wiz=1, Q_T=101.0, obs_cost=10.0, prob=0.067
      g=2, i=3: T=9, n_wiz=1, Q_T=89.0, obs_cost=8.0, prob=0.067
      g=2, i=4: T=8, n_wiz=1, Q_T=77.0, obs_cost=7.0, prob=0.067
      g=2, i=5: T=6, n_wiz=1, Q_T=65.0, obs_cost=5.0, prob=0.067
      g=3, i=1: T=2, n_wiz=5, Q_T=187.0, obs_cost=1.0, prob=0.067
      g=3, i=2: T=2, n_wiz=5, Q_T=187.0, obs_cost=1.0, prob=0.067
      g=3, i=3: T=2, n_wiz=5, Q_T=187.0, obs_cost=1.0, prob=0.067
      g=3, i=4: T=2, n_wiz=5, Q_T=187.0, obs_cost=1.0, prob=0.067
      g=3, i=5: T=2, n_wiz=5, Q_T=187.0, obs_cost=1.0, prob=0.067
    === agent3 (naive) breakdown ===
      g=1, i=1: T=21, n_wiz=1, Q_T=143.0, obs_cost=20.0, prob=0.067
      g=1, i=2: T=21, n_wiz=1, Q_T=101.0, obs_cost=20.0, prob=0.067
      g=1, i=3: T=16, n_wiz=1, Q_T=89.0, obs_cost=15.0, prob=0.067
      g=1, i=4: T=12, n_wiz=1, Q_T=77.0, obs_cost=11.0, prob=0.067
      g=1, i=5: T=7, n_wiz=1, Q_T=65.0, obs_cost=6.0, prob=0.067
      g=2, i=1: T=21, n_wiz=1, Q_T=143.0, obs_cost=20.0, prob=0.067
      g=2, i=2: T=21, n_wiz=1, Q_T=101.0, obs_cost=20.0, prob=0.067
      g=2, i=3: T=16, n_wiz=1, Q_T=89.0, obs_cost=15.0, prob=0.067
      g=2, i=4: T=12, n_wiz=1, Q_T=77.0, obs_cost=11.0, prob=0.067
      g=2, i=5: T=7, n_wiz=1, Q_T=65.0, obs_cost=6.0, prob=0.067
      g=3, i=1: T=3, n_wiz=5, Q_T=187.0, obs_cost=2.0, prob=0.067
      g=3, i=2: T=3, n_wiz=5, Q_T=187.0, obs_cost=2.0, prob=0.067
      g=3, i=3: T=3, n_wiz=5, Q_T=187.0, obs_cost=2.0, prob=0.067
      g=3, i=4: T=3, n_wiz=5, Q_T=187.0, obs_cost=2.0, prob=0.067
      g=3, i=5: T=3, n_wiz=5, Q_T=187.0, obs_cost=2.0, prob=0.067
    t=1: Q_observe_agent2=188.0, Q_observe_agent3=135.93, Q_not_observe=187.0
    wizard_candidates: 5
    agent2_count=1, agent3_count=0
    timestep_agent2=2, timestep_agent3=1
    === agent2 (actual) breakdown ===
      g=3, i=1: T=2, n_wiz=5, Q_T=187.0, obs_cost=1.0, prob=0.193
      g=3, i=2: T=2, n_wiz=5, Q_T=187.0, obs_cost=1.0, prob=0.193
      g=3, i=3: T=2, n_wiz=5, Q_T=187.0, obs_cost=1.0, prob=0.193
      g=3, i=4: T=2, n_wiz=5, Q_T=187.0, obs_cost=1.0, prob=0.193
      g=3, i=5: T=2, n_wiz=5, Q_T=187.0, obs_cost=1.0, prob=0.193
    === agent3 (naive) breakdown ===
      g=1, i=1: T=21, n_wiz=1, Q_T=143.0, obs_cost=20.0, prob=0.067
      g=1, i=2: T=21, n_wiz=1, Q_T=101.0, obs_cost=20.0, prob=0.067
      g=1, i=3: T=16, n_wiz=1, Q_T=89.0, obs_cost=15.0, prob=0.067
      g=1, i=4: T=12, n_wiz=1, Q_T=77.0, obs_cost=11.0, prob=0.067
      g=1, i=5: T=7, n_wiz=1, Q_T=65.0, obs_cost=6.0, prob=0.067
      g=2, i=1: T=21, n_wiz=1, Q_T=143.0, obs_cost=20.0, prob=0.067
      g=2, i=2: T=21, n_wiz=1, Q_T=101.0, obs_cost=20.0, prob=0.067
      g=2, i=3: T=16, n_wiz=1, Q_T=89.0, obs_cost=15.0, prob=0.067
      g=2, i=4: T=12, n_wiz=1, Q_T=77.0, obs_cost=11.0, prob=0.067
      g=2, i=5: T=7, n_wiz=1, Q_T=65.0, obs_cost=6.0, prob=0.067
      g=3, i=1: T=3, n_wiz=5, Q_T=187.0, obs_cost=2.0, prob=0.067
      g=3, i=2: T=3, n_wiz=5, Q_T=187.0, obs_cost=2.0, prob=0.067
      g=3, i=3: T=3, n_wiz=5, Q_T=187.0, obs_cost=2.0, prob=0.067
      g=3, i=4: T=3, n_wiz=5, Q_T=187.0, obs_cost=2.0, prob=0.067
      g=3, i=5: T=3, n_wiz=5, Q_T=187.0, obs_cost=2.0, prob=0.067
    t=2: Q_observe_agent2=188.0, Q_observe_agent3=108.4, Q_not_observe=187.0
    wizard_candidates: 5
    agent2_count=1, agent3_count=1
    timestep_agent2=2, timestep_agent3=2
    === agent2 (actual) breakdown ===
      g=3, i=1: T=2, n_wiz=5, Q_T=187.0, obs_cost=1.0, prob=0.193
      g=3, i=2: T=2, n_wiz=5, Q_T=187.0, obs_cost=1.0, prob=0.193
      g=3, i=3: T=2, n_wiz=5, Q_T=187.0, obs_cost=1.0, prob=0.193
      g=3, i=4: T=2, n_wiz=5, Q_T=187.0, obs_cost=1.0, prob=0.193
      g=3, i=5: T=2, n_wiz=5, Q_T=187.0, obs_cost=1.0, prob=0.193
    === agent3 (naive) breakdown ===
      g=1, i=1: T=21, n_wiz=1, Q_T=143.0, obs_cost=19.0, prob=0.094
      g=1, i=2: T=21, n_wiz=1, Q_T=101.0, obs_cost=19.0, prob=0.094
      g=1, i=3: T=16, n_wiz=1, Q_T=89.0, obs_cost=14.0, prob=0.094
      g=1, i=4: T=12, n_wiz=1, Q_T=77.0, obs_cost=10.0, prob=0.094
      g=1, i=5: T=7, n_wiz=1, Q_T=65.0, obs_cost=5.0, prob=0.094
      g=2, i=1: T=21, n_wiz=1, Q_T=143.0, obs_cost=19.0, prob=0.094
      g=2, i=2: T=21, n_wiz=1, Q_T=101.0, obs_cost=19.0, prob=0.094
      g=2, i=3: T=16, n_wiz=1, Q_T=89.0, obs_cost=14.0, prob=0.094
      g=2, i=4: T=12, n_wiz=1, Q_T=77.0, obs_cost=10.0, prob=0.094
      g=2, i=5: T=7, n_wiz=1, Q_T=65.0, obs_cost=5.0, prob=0.094
    t=3: Q_observe_agent2=188.0, Q_observe_agent3=107.4, Q_not_observe=187.0
    wizard_candidates: 5
    agent2_count=1, agent3_count=2
    timestep_agent2=2, timestep_agent3=3
    === agent2 (actual) breakdown ===
      g=3, i=1: T=2, n_wiz=5, Q_T=187.0, obs_cost=1.0, prob=0.193
      g=3, i=2: T=2, n_wiz=5, Q_T=187.0, obs_cost=1.0, prob=0.193
      g=3, i=3: T=2, n_wiz=5, Q_T=187.0, obs_cost=1.0, prob=0.193
      g=3, i=4: T=2, n_wiz=5, Q_T=187.0, obs_cost=1.0, prob=0.193
      g=3, i=5: T=2, n_wiz=5, Q_T=187.0, obs_cost=1.0, prob=0.193
    === agent3 (naive) breakdown ===
      g=1, i=1: T=21, n_wiz=1, Q_T=143.0, obs_cost=18.0, prob=0.099
      g=1, i=2: T=21, n_wiz=1, Q_T=101.0, obs_cost=18.0, prob=0.099
      g=1, i=3: T=16, n_wiz=1, Q_T=89.0, obs_cost=13.0, prob=0.099
      g=1, i=4: T=12, n_wiz=1, Q_T=77.0, obs_cost=9.0, prob=0.099
      g=1, i=5: T=7, n_wiz=1, Q_T=65.0, obs_cost=4.0, prob=0.099
      g=2, i=1: T=21, n_wiz=1, Q_T=143.0, obs_cost=18.0, prob=0.099
      g=2, i=2: T=21, n_wiz=1, Q_T=101.0, obs_cost=18.0, prob=0.099
      g=2, i=3: T=16, n_wiz=1, Q_T=89.0, obs_cost=13.0, prob=0.099
      g=2, i=4: T=12, n_wiz=1, Q_T=77.0, obs_cost=9.0, prob=0.099
      g=2, i=5: T=7, n_wiz=1, Q_T=65.0, obs_cost=4.0, prob=0.099
    t=4: Q_observe_agent2=188.0, Q_observe_agent3=106.4, Q_not_observe=187.0
    wizard_candidates: 5
    agent2_count=1, agent3_count=3
    timestep_agent2=2, timestep_agent3=4
    === agent2 (actual) breakdown ===
      g=3, i=1: T=2, n_wiz=5, Q_T=187.0, obs_cost=1.0, prob=0.193
      g=3, i=2: T=2, n_wiz=5, Q_T=187.0, obs_cost=1.0, prob=0.193
      g=3, i=3: T=2, n_wiz=5, Q_T=187.0, obs_cost=1.0, prob=0.193
      g=3, i=4: T=2, n_wiz=5, Q_T=187.0, obs_cost=1.0, prob=0.193
      g=3, i=5: T=2, n_wiz=5, Q_T=187.0, obs_cost=1.0, prob=0.193
    === agent3 (naive) breakdown ===
      g=1, i=1: T=21, n_wiz=1, Q_T=143.0, obs_cost=17.0, prob=0.099
      g=1, i=2: T=21, n_wiz=1, Q_T=101.0, obs_cost=17.0, prob=0.099
      g=1, i=3: T=16, n_wiz=1, Q_T=89.0, obs_cost=12.0, prob=0.099
      g=1, i=4: T=12, n_wiz=1, Q_T=77.0, obs_cost=8.0, prob=0.099
      g=1, i=5: T=7, n_wiz=1, Q_T=65.0, obs_cost=3.0, prob=0.099
      g=2, i=1: T=21, n_wiz=1, Q_T=143.0, obs_cost=17.0, prob=0.099
      g=2, i=2: T=21, n_wiz=1, Q_T=101.0, obs_cost=17.0, prob=0.099
      g=2, i=3: T=16, n_wiz=1, Q_T=89.0, obs_cost=12.0, prob=0.099
      g=2, i=4: T=12, n_wiz=1, Q_T=77.0, obs_cost=8.0, prob=0.099
      g=2, i=5: T=7, n_wiz=1, Q_T=65.0, obs_cost=3.0, prob=0.099
    t=5: Q_observe_agent2=188.0, Q_observe_agent3=115.0, Q_not_observe=176.0
    wizard_candidates: 4
    agent2_count=1, agent3_count=4
    timestep_agent2=2, timestep_agent3=5
    === agent2 (actual) breakdown ===
      g=3, i=1: T=2, n_wiz=5, Q_T=187.0, obs_cost=1.0, prob=0.193
      g=3, i=2: T=2, n_wiz=5, Q_T=187.0, obs_cost=1.0, prob=0.193
      g=3, i=3: T=2, n_wiz=5, Q_T=187.0, obs_cost=1.0, prob=0.193
      g=3, i=4: T=2, n_wiz=5, Q_T=187.0, obs_cost=1.0, prob=0.193
      g=3, i=5: T=2, n_wiz=5, Q_T=187.0, obs_cost=1.0, prob=0.193
    === agent3 (naive) breakdown ===
      g=1, i=1: T=21, n_wiz=1, Q_T=143.0, obs_cost=16.0, prob=0.121
      g=1, i=2: T=21, n_wiz=1, Q_T=101.0, obs_cost=16.0, prob=0.121
      g=1, i=3: T=16, n_wiz=1, Q_T=89.0, obs_cost=11.0, prob=0.121
      g=1, i=4: T=12, n_wiz=1, Q_T=77.0, obs_cost=7.0, prob=0.121
      g=2, i=1: T=21, n_wiz=1, Q_T=143.0, obs_cost=16.0, prob=0.121
      g=2, i=2: T=21, n_wiz=1, Q_T=101.0, obs_cost=16.0, prob=0.121
      g=2, i=3: T=16, n_wiz=1, Q_T=89.0, obs_cost=11.0, prob=0.121
      g=2, i=4: T=12, n_wiz=1, Q_T=77.0, obs_cost=7.0, prob=0.121
    t=6: Q_observe_agent2=188.0, Q_observe_agent3=114.0, Q_not_observe=176.0
    wizard_candidates: 4
    agent2_count=1, agent3_count=5
    timestep_agent2=2, timestep_agent3=6
    === agent2 (actual) breakdown ===
      g=3, i=1: T=2, n_wiz=5, Q_T=187.0, obs_cost=1.0, prob=0.193
      g=3, i=2: T=2, n_wiz=5, Q_T=187.0, obs_cost=1.0, prob=0.193
      g=3, i=3: T=2, n_wiz=5, Q_T=187.0, obs_cost=1.0, prob=0.193
      g=3, i=4: T=2, n_wiz=5, Q_T=187.0, obs_cost=1.0, prob=0.193
      g=3, i=5: T=2, n_wiz=5, Q_T=187.0, obs_cost=1.0, prob=0.193
    === agent3 (naive) breakdown ===
      g=1, i=1: T=21, n_wiz=1, Q_T=143.0, obs_cost=15.0, prob=0.124
      g=1, i=2: T=21, n_wiz=1, Q_T=101.0, obs_cost=15.0, prob=0.124
      g=1, i=3: T=16, n_wiz=1, Q_T=89.0, obs_cost=10.0, prob=0.124
      g=1, i=4: T=12, n_wiz=1, Q_T=77.0, obs_cost=6.0, prob=0.124
      g=2, i=1: T=21, n_wiz=1, Q_T=143.0, obs_cost=15.0, prob=0.124
      g=2, i=2: T=21, n_wiz=1, Q_T=101.0, obs_cost=15.0, prob=0.124
      g=2, i=3: T=16, n_wiz=1, Q_T=89.0, obs_cost=10.0, prob=0.124
      g=2, i=4: T=12, n_wiz=1, Q_T=77.0, obs_cost=6.0, prob=0.124
    t=7: Q_observe_agent2=188.0, Q_observe_agent3=113.0, Q_not_observe=176.0
    wizard_candidates: 4
    agent2_count=1, agent3_count=6
    timestep_agent2=2, timestep_agent3=7
    === agent2 (actual) breakdown ===
      g=3, i=1: T=2, n_wiz=5, Q_T=187.0, obs_cost=1.0, prob=0.193
      g=3, i=2: T=2, n_wiz=5, Q_T=187.0, obs_cost=1.0, prob=0.193
      g=3, i=3: T=2, n_wiz=5, Q_T=187.0, obs_cost=1.0, prob=0.193
      g=3, i=4: T=2, n_wiz=5, Q_T=187.0, obs_cost=1.0, prob=0.193
      g=3, i=5: T=2, n_wiz=5, Q_T=187.0, obs_cost=1.0, prob=0.193
    === agent3 (naive) breakdown ===
      g=1, i=1: T=21, n_wiz=1, Q_T=143.0, obs_cost=14.0, prob=0.125
      g=1, i=2: T=21, n_wiz=1, Q_T=101.0, obs_cost=14.0, prob=0.125
      g=1, i=3: T=16, n_wiz=1, Q_T=89.0, obs_cost=9.0, prob=0.125
      g=1, i=4: T=12, n_wiz=1, Q_T=77.0, obs_cost=5.0, prob=0.125
      g=2, i=1: T=21, n_wiz=1, Q_T=143.0, obs_cost=14.0, prob=0.125
      g=2, i=2: T=21, n_wiz=1, Q_T=101.0, obs_cost=14.0, prob=0.125
      g=2, i=3: T=16, n_wiz=1, Q_T=89.0, obs_cost=9.0, prob=0.125
      g=2, i=4: T=12, n_wiz=1, Q_T=77.0, obs_cost=5.0, prob=0.125
    t=8: Q_observe_agent2=188.0, Q_observe_agent3=112.0, Q_not_observe=176.0
    wizard_candidates: 4
    agent2_count=1, agent3_count=7
    timestep_agent2=2, timestep_agent3=8
    === agent2 (actual) breakdown ===
      g=3, i=1: T=2, n_wiz=5, Q_T=187.0, obs_cost=1.0, prob=0.193
      g=3, i=2: T=2, n_wiz=5, Q_T=187.0, obs_cost=1.0, prob=0.193
      g=3, i=3: T=2, n_wiz=5, Q_T=187.0, obs_cost=1.0, prob=0.193
      g=3, i=4: T=2, n_wiz=5, Q_T=187.0, obs_cost=1.0, prob=0.193
      g=3, i=5: T=2, n_wiz=5, Q_T=187.0, obs_cost=1.0, prob=0.193
    === agent3 (naive) breakdown ===
      g=1, i=1: T=21, n_wiz=1, Q_T=143.0, obs_cost=13.0, prob=0.125
      g=1, i=2: T=21, n_wiz=1, Q_T=101.0, obs_cost=13.0, prob=0.125
      g=1, i=3: T=16, n_wiz=1, Q_T=89.0, obs_cost=8.0, prob=0.125
      g=1, i=4: T=12, n_wiz=1, Q_T=77.0, obs_cost=4.0, prob=0.125
      g=2, i=1: T=21, n_wiz=1, Q_T=143.0, obs_cost=13.0, prob=0.125
      g=2, i=2: T=21, n_wiz=1, Q_T=101.0, obs_cost=13.0, prob=0.125
      g=2, i=3: T=16, n_wiz=1, Q_T=89.0, obs_cost=8.0, prob=0.125
      g=2, i=4: T=12, n_wiz=1, Q_T=77.0, obs_cost=4.0, prob=0.125
    t=9: Q_observe_agent2=188.0, Q_observe_agent3=111.0, Q_not_observe=176.0
    wizard_candidates: 4
    agent2_count=1, agent3_count=8
    timestep_agent2=2, timestep_agent3=9
    === agent2 (actual) breakdown ===
      g=3, i=1: T=2, n_wiz=5, Q_T=187.0, obs_cost=1.0, prob=0.193
      g=3, i=2: T=2, n_wiz=5, Q_T=187.0, obs_cost=1.0, prob=0.193
      g=3, i=3: T=2, n_wiz=5, Q_T=187.0, obs_cost=1.0, prob=0.193
      g=3, i=4: T=2, n_wiz=5, Q_T=187.0, obs_cost=1.0, prob=0.193
      g=3, i=5: T=2, n_wiz=5, Q_T=187.0, obs_cost=1.0, prob=0.193
    === agent3 (naive) breakdown ===
      g=1, i=1: T=21, n_wiz=1, Q_T=143.0, obs_cost=12.0, prob=0.125
      g=1, i=2: T=21, n_wiz=1, Q_T=101.0, obs_cost=12.0, prob=0.125
      g=1, i=3: T=16, n_wiz=1, Q_T=89.0, obs_cost=7.0, prob=0.125
      g=1, i=4: T=12, n_wiz=1, Q_T=77.0, obs_cost=3.0, prob=0.125
      g=2, i=1: T=21, n_wiz=1, Q_T=143.0, obs_cost=12.0, prob=0.125
      g=2, i=2: T=21, n_wiz=1, Q_T=101.0, obs_cost=12.0, prob=0.125
      g=2, i=3: T=16, n_wiz=1, Q_T=89.0, obs_cost=7.0, prob=0.125
      g=2, i=4: T=12, n_wiz=1, Q_T=77.0, obs_cost=3.0, prob=0.125
    t=10: Q_observe_agent2=188.0, Q_observe_agent3=120.33, Q_not_observe=165.0
    wizard_candidates: 3
    agent2_count=1, agent3_count=9
    timestep_agent2=2, timestep_agent3=10
    === agent2 (actual) breakdown ===
      g=3, i=1: T=2, n_wiz=5, Q_T=187.0, obs_cost=1.0, prob=0.193
      g=3, i=2: T=2, n_wiz=5, Q_T=187.0, obs_cost=1.0, prob=0.193
      g=3, i=3: T=2, n_wiz=5, Q_T=187.0, obs_cost=1.0, prob=0.193
      g=3, i=4: T=2, n_wiz=5, Q_T=187.0, obs_cost=1.0, prob=0.193
      g=3, i=5: T=2, n_wiz=5, Q_T=187.0, obs_cost=1.0, prob=0.193
    === agent3 (naive) breakdown ===
      g=1, i=1: T=21, n_wiz=1, Q_T=143.0, obs_cost=11.0, prob=0.159
      g=1, i=2: T=21, n_wiz=1, Q_T=101.0, obs_cost=11.0, prob=0.159
      g=1, i=3: T=16, n_wiz=1, Q_T=89.0, obs_cost=6.0, prob=0.159
      g=2, i=1: T=21, n_wiz=1, Q_T=143.0, obs_cost=11.0, prob=0.159
      g=2, i=2: T=21, n_wiz=1, Q_T=101.0, obs_cost=11.0, prob=0.159
      g=2, i=3: T=16, n_wiz=1, Q_T=89.0, obs_cost=6.0, prob=0.159
    t=11: Q_observe_agent2=188.0, Q_observe_agent3=119.33, Q_not_observe=165.0
    wizard_candidates: 3
    agent2_count=1, agent3_count=10
    timestep_agent2=2, timestep_agent3=11
    === agent2 (actual) breakdown ===
      g=3, i=1: T=2, n_wiz=5, Q_T=187.0, obs_cost=1.0, prob=0.193
      g=3, i=2: T=2, n_wiz=5, Q_T=187.0, obs_cost=1.0, prob=0.193
      g=3, i=3: T=2, n_wiz=5, Q_T=187.0, obs_cost=1.0, prob=0.193
      g=3, i=4: T=2, n_wiz=5, Q_T=187.0, obs_cost=1.0, prob=0.193
      g=3, i=5: T=2, n_wiz=5, Q_T=187.0, obs_cost=1.0, prob=0.193
    === agent3 (naive) breakdown ===
      g=1, i=1: T=21, n_wiz=1, Q_T=143.0, obs_cost=10.0, prob=0.166
      g=1, i=2: T=21, n_wiz=1, Q_T=101.0, obs_cost=10.0, prob=0.166
      g=1, i=3: T=16, n_wiz=1, Q_T=89.0, obs_cost=5.0, prob=0.166
      g=2, i=1: T=21, n_wiz=1, Q_T=143.0, obs_cost=10.0, prob=0.166
      g=2, i=2: T=21, n_wiz=1, Q_T=101.0, obs_cost=10.0, prob=0.166
      g=2, i=3: T=16, n_wiz=1, Q_T=89.0, obs_cost=5.0, prob=0.166
    t=12: Q_observe_agent2=188.0, Q_observe_agent3=118.33, Q_not_observe=165.0
    wizard_candidates: 3
    agent2_count=1, agent3_count=11
    timestep_agent2=2, timestep_agent3=12
    === agent2 (actual) breakdown ===
      g=3, i=1: T=2, n_wiz=5, Q_T=187.0, obs_cost=1.0, prob=0.193
      g=3, i=2: T=2, n_wiz=5, Q_T=187.0, obs_cost=1.0, prob=0.193
      g=3, i=3: T=2, n_wiz=5, Q_T=187.0, obs_cost=1.0, prob=0.193
      g=3, i=4: T=2, n_wiz=5, Q_T=187.0, obs_cost=1.0, prob=0.193
      g=3, i=5: T=2, n_wiz=5, Q_T=187.0, obs_cost=1.0, prob=0.193
    === agent3 (naive) breakdown ===
      g=1, i=1: T=21, n_wiz=1, Q_T=143.0, obs_cost=9.0, prob=0.167
      g=1, i=2: T=21, n_wiz=1, Q_T=101.0, obs_cost=9.0, prob=0.167
      g=1, i=3: T=16, n_wiz=1, Q_T=89.0, obs_cost=4.0, prob=0.167
      g=2, i=1: T=21, n_wiz=1, Q_T=143.0, obs_cost=9.0, prob=0.167
      g=2, i=2: T=21, n_wiz=1, Q_T=101.0, obs_cost=9.0, prob=0.167
      g=2, i=3: T=16, n_wiz=1, Q_T=89.0, obs_cost=4.0, prob=0.167
    t=13: Q_observe_agent2=188.0, Q_observe_agent3=117.33, Q_not_observe=165.0
    wizard_candidates: 3
    agent2_count=1, agent3_count=12
    timestep_agent2=2, timestep_agent3=13
    === agent2 (actual) breakdown ===
      g=3, i=1: T=2, n_wiz=5, Q_T=187.0, obs_cost=1.0, prob=0.193
      g=3, i=2: T=2, n_wiz=5, Q_T=187.0, obs_cost=1.0, prob=0.193
      g=3, i=3: T=2, n_wiz=5, Q_T=187.0, obs_cost=1.0, prob=0.193
      g=3, i=4: T=2, n_wiz=5, Q_T=187.0, obs_cost=1.0, prob=0.193
      g=3, i=5: T=2, n_wiz=5, Q_T=187.0, obs_cost=1.0, prob=0.193
    === agent3 (naive) breakdown ===
      g=1, i=1: T=21, n_wiz=1, Q_T=143.0, obs_cost=8.0, prob=0.167
      g=1, i=2: T=21, n_wiz=1, Q_T=101.0, obs_cost=8.0, prob=0.167
      g=1, i=3: T=16, n_wiz=1, Q_T=89.0, obs_cost=3.0, prob=0.167
      g=2, i=1: T=21, n_wiz=1, Q_T=143.0, obs_cost=8.0, prob=0.167
      g=2, i=2: T=21, n_wiz=1, Q_T=101.0, obs_cost=8.0, prob=0.167
      g=2, i=3: T=16, n_wiz=1, Q_T=89.0, obs_cost=3.0, prob=0.167
    t=14: Q_observe_agent2=188.0, Q_observe_agent3=116.33, Q_not_observe=165.0
    wizard_candidates: 3
    agent2_count=1, agent3_count=13
    timestep_agent2=2, timestep_agent3=14
    === agent2 (actual) breakdown ===
      g=3, i=1: T=2, n_wiz=5, Q_T=187.0, obs_cost=1.0, prob=0.193
      g=3, i=2: T=2, n_wiz=5, Q_T=187.0, obs_cost=1.0, prob=0.193
      g=3, i=3: T=2, n_wiz=5, Q_T=187.0, obs_cost=1.0, prob=0.193
      g=3, i=4: T=2, n_wiz=5, Q_T=187.0, obs_cost=1.0, prob=0.193
      g=3, i=5: T=2, n_wiz=5, Q_T=187.0, obs_cost=1.0, prob=0.193
    === agent3 (naive) breakdown ===
      g=1, i=1: T=21, n_wiz=1, Q_T=143.0, obs_cost=7.0, prob=0.167
      g=1, i=2: T=21, n_wiz=1, Q_T=101.0, obs_cost=7.0, prob=0.167
      g=1, i=3: T=16, n_wiz=1, Q_T=89.0, obs_cost=2.0, prob=0.167
      g=2, i=1: T=21, n_wiz=1, Q_T=143.0, obs_cost=7.0, prob=0.167
      g=2, i=2: T=21, n_wiz=1, Q_T=101.0, obs_cost=7.0, prob=0.167
      g=2, i=3: T=16, n_wiz=1, Q_T=89.0, obs_cost=2.0, prob=0.167
    t=15: Q_observe_agent2=188.0, Q_observe_agent3=128.0, Q_not_observe=154.0
    wizard_candidates: 2
    agent2_count=1, agent3_count=14
    timestep_agent2=2, timestep_agent3=15
    === agent2 (actual) breakdown ===
      g=3, i=1: T=2, n_wiz=5, Q_T=187.0, obs_cost=1.0, prob=0.193
      g=3, i=2: T=2, n_wiz=5, Q_T=187.0, obs_cost=1.0, prob=0.193
      g=3, i=3: T=2, n_wiz=5, Q_T=187.0, obs_cost=1.0, prob=0.193
      g=3, i=4: T=2, n_wiz=5, Q_T=187.0, obs_cost=1.0, prob=0.193
      g=3, i=5: T=2, n_wiz=5, Q_T=187.0, obs_cost=1.0, prob=0.193
    === agent3 (naive) breakdown ===
      g=1, i=1: T=21, n_wiz=1, Q_T=143.0, obs_cost=6.0, prob=0.234
      g=1, i=2: T=21, n_wiz=1, Q_T=101.0, obs_cost=6.0, prob=0.234
      g=2, i=1: T=21, n_wiz=1, Q_T=143.0, obs_cost=6.0, prob=0.234
      g=2, i=2: T=21, n_wiz=1, Q_T=101.0, obs_cost=6.0, prob=0.234
    t=16: Q_observe_agent2=188.0, Q_observe_agent3=127.0, Q_not_observe=154.0
    wizard_candidates: 2
    agent2_count=1, agent3_count=15
    timestep_agent2=2, timestep_agent3=16
    === agent2 (actual) breakdown ===
      g=3, i=1: T=2, n_wiz=5, Q_T=187.0, obs_cost=1.0, prob=0.193
      g=3, i=2: T=2, n_wiz=5, Q_T=187.0, obs_cost=1.0, prob=0.193
      g=3, i=3: T=2, n_wiz=5, Q_T=187.0, obs_cost=1.0, prob=0.193
      g=3, i=4: T=2, n_wiz=5, Q_T=187.0, obs_cost=1.0, prob=0.193
      g=3, i=5: T=2, n_wiz=5, Q_T=187.0, obs_cost=1.0, prob=0.193
    === agent3 (naive) breakdown ===
      g=1, i=1: T=21, n_wiz=1, Q_T=143.0, obs_cost=5.0, prob=0.248
      g=1, i=2: T=21, n_wiz=1, Q_T=101.0, obs_cost=5.0, prob=0.248
      g=2, i=1: T=21, n_wiz=1, Q_T=143.0, obs_cost=5.0, prob=0.248
      g=2, i=2: T=21, n_wiz=1, Q_T=101.0, obs_cost=5.0, prob=0.248
    t=17: Q_observe_agent2=188.0, Q_observe_agent3=126.0, Q_not_observe=154.0
    wizard_candidates: 2
    agent2_count=1, agent3_count=16
    timestep_agent2=2, timestep_agent3=17
    === agent2 (actual) breakdown ===
      g=3, i=1: T=2, n_wiz=5, Q_T=187.0, obs_cost=1.0, prob=0.193
      g=3, i=2: T=2, n_wiz=5, Q_T=187.0, obs_cost=1.0, prob=0.193
      g=3, i=3: T=2, n_wiz=5, Q_T=187.0, obs_cost=1.0, prob=0.193
      g=3, i=4: T=2, n_wiz=5, Q_T=187.0, obs_cost=1.0, prob=0.193
      g=3, i=5: T=2, n_wiz=5, Q_T=187.0, obs_cost=1.0, prob=0.193
    === agent3 (naive) breakdown ===
      g=1, i=1: T=21, n_wiz=1, Q_T=143.0, obs_cost=4.0, prob=0.25
      g=1, i=2: T=21, n_wiz=1, Q_T=101.0, obs_cost=4.0, prob=0.25
      g=2, i=1: T=21, n_wiz=1, Q_T=143.0, obs_cost=4.0, prob=0.25
      g=2, i=2: T=21, n_wiz=1, Q_T=101.0, obs_cost=4.0, prob=0.25
    t=18: Q_observe_agent2=188.0, Q_observe_agent3=125.0, Q_not_observe=154.0
    wizard_candidates: 2
    agent2_count=1, agent3_count=17
    timestep_agent2=2, timestep_agent3=18
    === agent2 (actual) breakdown ===
      g=3, i=1: T=2, n_wiz=5, Q_T=187.0, obs_cost=1.0, prob=0.193
      g=3, i=2: T=2, n_wiz=5, Q_T=187.0, obs_cost=1.0, prob=0.193
      g=3, i=3: T=2, n_wiz=5, Q_T=187.0, obs_cost=1.0, prob=0.193
      g=3, i=4: T=2, n_wiz=5, Q_T=187.0, obs_cost=1.0, prob=0.193
      g=3, i=5: T=2, n_wiz=5, Q_T=187.0, obs_cost=1.0, prob=0.193
    === agent3 (naive) breakdown ===
      g=1, i=1: T=21, n_wiz=1, Q_T=143.0, obs_cost=3.0, prob=0.25
      g=1, i=2: T=21, n_wiz=1, Q_T=101.0, obs_cost=3.0, prob=0.25
      g=2, i=1: T=21, n_wiz=1, Q_T=143.0, obs_cost=3.0, prob=0.25
      g=2, i=2: T=21, n_wiz=1, Q_T=101.0, obs_cost=3.0, prob=0.25
    t=19: Q_observe_agent2=188.0, Q_observe_agent3=124.0, Q_not_observe=154.0
    wizard_candidates: 2
    agent2_count=1, agent3_count=18
    timestep_agent2=2, timestep_agent3=19
    === agent2 (actual) breakdown ===
      g=3, i=1: T=2, n_wiz=5, Q_T=187.0, obs_cost=1.0, prob=0.193
      g=3, i=2: T=2, n_wiz=5, Q_T=187.0, obs_cost=1.0, prob=0.193
      g=3, i=3: T=2, n_wiz=5, Q_T=187.0, obs_cost=1.0, prob=0.193
      g=3, i=4: T=2, n_wiz=5, Q_T=187.0, obs_cost=1.0, prob=0.193
      g=3, i=5: T=2, n_wiz=5, Q_T=187.0, obs_cost=1.0, prob=0.193
    === agent3 (naive) breakdown ===
      g=1, i=1: T=21, n_wiz=1, Q_T=143.0, obs_cost=2.0, prob=0.25
      g=1, i=2: T=21, n_wiz=1, Q_T=101.0, obs_cost=2.0, prob=0.25
      g=2, i=1: T=21, n_wiz=1, Q_T=143.0, obs_cost=2.0, prob=0.25
      g=2, i=2: T=21, n_wiz=1, Q_T=101.0, obs_cost=2.0, prob=0.25
    t=20: Q_observe_agent2=188.0, Q_observe_agent3=138.99, Q_not_observe=154.0
    wizard_candidates: 2
    agent2_count=1, agent3_count=19
    timestep_agent2=2, timestep_agent3=20
    === agent2 (actual) breakdown ===
      g=3, i=1: T=2, n_wiz=5, Q_T=187.0, obs_cost=1.0, prob=0.193
      g=3, i=2: T=2, n_wiz=5, Q_T=187.0, obs_cost=1.0, prob=0.193
      g=3, i=3: T=2, n_wiz=5, Q_T=187.0, obs_cost=1.0, prob=0.193
      g=3, i=4: T=2, n_wiz=5, Q_T=187.0, obs_cost=1.0, prob=0.193
      g=3, i=5: T=2, n_wiz=5, Q_T=187.0, obs_cost=1.0, prob=0.193
    === agent3 (naive) breakdown ===
      g=1, i=1: T=21, n_wiz=1, Q_T=143.0, obs_cost=1.0, prob=0.44
      g=1, i=2: T=21, n_wiz=1, Q_T=101.0, obs_cost=1.0, prob=0.06
      g=2, i=1: T=21, n_wiz=1, Q_T=143.0, obs_cost=1.0, prob=0.44
      g=2, i=2: T=21, n_wiz=1, Q_T=101.0, obs_cost=1.0, prob=0.06
    t=21: Q_observe_agent2=188.0, Q_observe_agent3=144.0, Q_not_observe=143.0
    wizard_candidates: 1
    agent2_count=1, agent3_count=20
    timestep_agent2=2, timestep_agent3=21
    === agent2 (actual) breakdown ===
      g=3, i=1: T=2, n_wiz=5, Q_T=187.0, obs_cost=1.0, prob=0.193
      g=3, i=2: T=2, n_wiz=5, Q_T=187.0, obs_cost=1.0, prob=0.193
      g=3, i=3: T=2, n_wiz=5, Q_T=187.0, obs_cost=1.0, prob=0.193
      g=3, i=4: T=2, n_wiz=5, Q_T=187.0, obs_cost=1.0, prob=0.193
      g=3, i=5: T=2, n_wiz=5, Q_T=187.0, obs_cost=1.0, prob=0.193
    === agent3 (naive) breakdown ===
      g=1, i=1: T=21, n_wiz=1, Q_T=143.0, obs_cost=1.0, prob=0.491
      g=2, i=1: T=21, n_wiz=1, Q_T=143.0, obs_cost=1.0, prob=0.491
    Scenario completed in 10.44s
    Cache stats: 8759 hits, 59 misses, 99.3% hit rate
  Map completed in 19.73s

Processing map: sm531
Const[wizard1, wizard2, wizard3]Const[wizard1, wizard2, wizard3]  Scenario 1
    agent2 (X) -> gem1 (actual), agent3 (Y) -> gem2 (naive)
    Loading probability data: s_id_agent2=2, s_id_agent3=2
    agent2_gem=1, agent3_gem=2
    Loaded agent2 probs: goal_probs size=(3, 26), state_probs size=(2, 26)
    Loaded agent3 probs: goal_probs size=(3, 26), state_probs size=(2, 26)
    Planning for agent1...
    problem.goal = has(agent1, gem1)
    agent1 location = (1, 12)
    Agent1 plan computed, length=28
    agent3 initial goal_probs: [0.333, 0.333, 0.333]
    agent3 initial state_probs: [0.5, 0.5]
    t=0: Q_observe_agent2=105.0, Q_observe_agent3=109.33, Q_not_observe=118.0
    wizard_candidates: 2
    agent2_count=0, agent3_count=0
    timestep_agent2=1, timestep_agent3=1
    === agent2 (actual) breakdown ===
      g=1, i=1: T=4, n_wiz=1, Q_T=107.0, obs_cost=3.0, prob=0.167
      g=1, i=2: T=4, n_wiz=1, Q_T=83.0, obs_cost=3.0, prob=0.167
      g=2, i=1: T=4, n_wiz=1, Q_T=107.0, obs_cost=3.0, prob=0.167
      g=2, i=2: T=4, n_wiz=1, Q_T=83.0, obs_cost=3.0, prob=0.167
      g=3, i=1: T=2, n_wiz=2, Q_T=118.0, obs_cost=1.0, prob=0.167
      g=3, i=2: T=2, n_wiz=2, Q_T=118.0, obs_cost=1.0, prob=0.167
    === agent3 (naive) breakdown ===
      g=1, i=1: T=10, n_wiz=1, Q_T=107.0, obs_cost=9.0, prob=0.167
      g=1, i=2: T=10, n_wiz=1, Q_T=83.0, obs_cost=9.0, prob=0.167
      g=2, i=1: T=10, n_wiz=1, Q_T=107.0, obs_cost=9.0, prob=0.167
      g=2, i=2: T=10, n_wiz=1, Q_T=83.0, obs_cost=9.0, prob=0.167
      g=3, i=1: T=3, n_wiz=2, Q_T=118.0, obs_cost=2.0, prob=0.167
      g=3, i=2: T=3, n_wiz=2, Q_T=118.0, obs_cost=2.0, prob=0.167
    t=1: Q_observe_agent2=97.0, Q_observe_agent3=109.33, Q_not_observe=118.0
    wizard_candidates: 2
    agent2_count=1, agent3_count=0
    timestep_agent2=2, timestep_agent3=1
    === agent2 (actual) breakdown ===
      g=1, i=1: T=4, n_wiz=1, Q_T=107.0, obs_cost=2.0, prob=0.248
      g=1, i=2: T=4, n_wiz=1, Q_T=83.0, obs_cost=2.0, prob=0.248
      g=2, i=1: T=4, n_wiz=1, Q_T=107.0, obs_cost=2.0, prob=0.248
      g=2, i=2: T=4, n_wiz=1, Q_T=83.0, obs_cost=2.0, prob=0.248
    === agent3 (naive) breakdown ===
      g=1, i=1: T=10, n_wiz=1, Q_T=107.0, obs_cost=9.0, prob=0.167
      g=1, i=2: T=10, n_wiz=1, Q_T=83.0, obs_cost=9.0, prob=0.167
      g=2, i=1: T=10, n_wiz=1, Q_T=107.0, obs_cost=9.0, prob=0.167
      g=2, i=2: T=10, n_wiz=1, Q_T=83.0, obs_cost=9.0, prob=0.167
      g=3, i=1: T=3, n_wiz=2, Q_T=118.0, obs_cost=2.0, prob=0.167
      g=3, i=2: T=3, n_wiz=2, Q_T=118.0, obs_cost=2.0, prob=0.167
    t=2: Q_observe_agent2=96.0, Q_observe_agent3=109.33, Q_not_observe=118.0
    wizard_candidates: 2
    agent2_count=2, agent3_count=0
    timestep_agent2=3, timestep_agent3=1
    === agent2 (actual) breakdown ===
      g=1, i=1: T=4, n_wiz=1, Q_T=107.0, obs_cost=1.0, prob=0.25
      g=1, i=2: T=4, n_wiz=1, Q_T=83.0, obs_cost=1.0, prob=0.25
      g=2, i=1: T=4, n_wiz=1, Q_T=107.0, obs_cost=1.0, prob=0.25
      g=2, i=2: T=4, n_wiz=1, Q_T=83.0, obs_cost=1.0, prob=0.25
    === agent3 (naive) breakdown ===
      g=1, i=1: T=10, n_wiz=1, Q_T=107.0, obs_cost=9.0, prob=0.167
      g=1, i=2: T=10, n_wiz=1, Q_T=83.0, obs_cost=9.0, prob=0.167
      g=2, i=1: T=10, n_wiz=1, Q_T=107.0, obs_cost=9.0, prob=0.167
      g=2, i=2: T=10, n_wiz=1, Q_T=83.0, obs_cost=9.0, prob=0.167
      g=3, i=1: T=3, n_wiz=2, Q_T=118.0, obs_cost=2.0, prob=0.167
      g=3, i=2: T=3, n_wiz=2, Q_T=118.0, obs_cost=2.0, prob=0.167
    t=3: Q_observe_agent2=84.0, Q_observe_agent3=106.0, Q_not_observe=83.0
    wizard_candidates: 1
    agent2_count=3, agent3_count=0
    timestep_agent2=4, timestep_agent3=1
    === agent2 (actual) breakdown ===
      g=1, i=2: T=4, n_wiz=1, Q_T=83.0, obs_cost=1.0, prob=0.491
      g=2, i=2: T=4, n_wiz=1, Q_T=83.0, obs_cost=1.0, prob=0.491
    === agent3 (naive) breakdown ===
      g=1, i=2: T=10, n_wiz=1, Q_T=83.0, obs_cost=9.0, prob=0.167
      g=2, i=2: T=10, n_wiz=1, Q_T=83.0, obs_cost=9.0, prob=0.167
      g=3, i=1: T=3, n_wiz=2, Q_T=118.0, obs_cost=2.0, prob=0.167
      g=3, i=2: T=3, n_wiz=2, Q_T=118.0, obs_cost=2.0, prob=0.167
    Scenario completed in 3.14s
    Cache stats: 300 hits, 14 misses, 95.5% hit rate
Processing exp4:   5%|█▊                                |  ETA: 0:08:27[K  Map completed in 6.95s

Processing map: sm611
Const[wizard1, wizard2, wizard3]Const[wizard1, wizard2, wizard3]  Scenario 1
    agent2 (X) -> gem1 (actual), agent3 (Y) -> gem1 (naive)
    Loading probability data: s_id_agent2=2, s_id_agent3=2
    agent2_gem=1, agent3_gem=1
    Loaded agent2 probs: goal_probs size=(3, 19), state_probs size=(2, 19)
    Loaded agent3 probs: goal_probs size=(3, 27), state_probs size=(2, 27)
    Planning for agent1...
    problem.goal = has(agent1, gem1)
    agent1 location = (3, 12)
    Agent1 plan computed, length=28
    agent3 initial goal_probs: [0.333, 0.333, 0.333]
    agent3 initial state_probs: [0.5, 0.5]
    t=0: Q_observe_agent2=107.67, Q_observe_agent3=110.17, Q_not_observe=118.0
    wizard_candidates: 2
    agent2_count=0, agent3_count=0
    timestep_agent2=1, timestep_agent3=1
    === agent2 (actual) breakdown ===
      g=1, i=1: T=3, n_wiz=1, Q_T=83.0, obs_cost=2.0, prob=0.167
      g=1, i=2: T=3, n_wiz=1, Q_T=83.0, obs_cost=2.0, prob=0.167
      g=2, i=1: T=2, n_wiz=2, Q_T=118.0, obs_cost=1.0, prob=0.167
      g=2, i=2: T=2, n_wiz=2, Q_T=118.0, obs_cost=1.0, prob=0.167
      g=3, i=1: T=2, n_wiz=2, Q_T=118.0, obs_cost=1.0, prob=0.167
      g=3, i=2: T=2, n_wiz=2, Q_T=118.0, obs_cost=1.0, prob=0.167
    === agent3 (naive) breakdown ===
      g=1, i=1: T=10, n_wiz=1, Q_T=83.0, obs_cost=9.0, prob=0.167
      g=1, i=2: T=11, n_wiz=1, Q_T=83.0, obs_cost=10.0, prob=0.167
      g=2, i=1: T=2, n_wiz=2, Q_T=118.0, obs_cost=1.0, prob=0.167
      g=2, i=2: T=2, n_wiz=2, Q_T=118.0, obs_cost=1.0, prob=0.167
      g=3, i=1: T=2, n_wiz=2, Q_T=118.0, obs_cost=1.0, prob=0.167
      g=3, i=2: T=2, n_wiz=2, Q_T=118.0, obs_cost=1.0, prob=0.167
    t=1: Q_observe_agent2=84.0, Q_observe_agent3=110.17, Q_not_observe=118.0
    wizard_candidates: 2
    agent2_count=1, agent3_count=0
    timestep_agent2=2, timestep_agent3=1
    === agent2 (actual) breakdown ===
      g=1, i=1: T=3, n_wiz=1, Q_T=83.0, obs_cost=1.0, prob=0.482
      g=1, i=2: T=3, n_wiz=1, Q_T=83.0, obs_cost=1.0, prob=0.482
    === agent3 (naive) breakdown ===
      g=1, i=1: T=10, n_wiz=1, Q_T=83.0, obs_cost=9.0, prob=0.167
      g=1, i=2: T=11, n_wiz=1, Q_T=83.0, obs_cost=10.0, prob=0.167
      g=2, i=1: T=2, n_wiz=2, Q_T=118.0, obs_cost=1.0, prob=0.167
      g=2, i=2: T=2, n_wiz=2, Q_T=118.0, obs_cost=1.0, prob=0.167
      g=3, i=1: T=2, n_wiz=2, Q_T=118.0, obs_cost=1.0, prob=0.167
      g=3, i=2: T=2, n_wiz=2, Q_T=118.0, obs_cost=1.0, prob=0.167
    t=2: Q_observe_agent2=84.0, Q_observe_agent3=113.8, Q_not_observe=83.0
    wizard_candidates: 1
    agent2_count=2, agent3_count=0
    timestep_agent2=3, timestep_agent3=1
    === agent2 (actual) breakdown ===
      g=1, i=2: T=3, n_wiz=1, Q_T=83.0, obs_cost=1.0, prob=0.98
    === agent3 (naive) breakdown ===
      g=1, i=2: T=11, n_wiz=1, Q_T=83.0, obs_cost=10.0, prob=0.167
      g=2, i=1: T=2, n_wiz=2, Q_T=118.0, obs_cost=1.0, prob=0.167
      g=2, i=2: T=2, n_wiz=2, Q_T=118.0, obs_cost=1.0, prob=0.167
      g=3, i=1: T=2, n_wiz=2, Q_T=118.0, obs_cost=1.0, prob=0.167
      g=3, i=2: T=2, n_wiz=2, Q_T=118.0, obs_cost=1.0, prob=0.167
    Scenario completed in 3.1s
    Cache stats: 275 hits, 14 misses, 95.2% hit rate
Processing exp4:   8%|██▌                               |  ETA: 0:06:56[K  Map completed in 6.96s

Processing map: sm421
Const[wizard1, wizard2, wizard3, wizard4]Const[wizard1, wizard2, wizard3, wizard4]  Scenario 1
    agent2 (X) -> gem1 (actual), agent3 (Y) -> gem1 (naive)
    Loading probability data: s_id_agent2=1, s_id_agent3=1
    agent2_gem=1, agent3_gem=1
    Loaded agent2 probs: goal_probs size=(3, 44), state_probs size=(4, 44)
    Loaded agent3 probs: goal_probs size=(3, 50), state_probs size=(4, 50)
    Planning for agent1...
    problem.goal = has(agent1, gem2)
    agent1 location = (1, 10)
    Agent1 plan computed, length=48
    agent3 initial goal_probs: [0.333, 0.333, 0.333]
    agent3 initial state_probs: [0.25, 0.25, 0.25, 0.25]
    t=0: Q_observe_agent2=125.83, Q_observe_agent3=129.33, Q_not_observe=176.0
    wizard_candidates: 4
    agent2_count=0, agent3_count=0
    timestep_agent2=1, timestep_agent3=1
    === agent2 (actual) breakdown ===
      g=1, i=1: T=9, n_wiz=1, Q_T=143.0, obs_cost=8.0, prob=0.083
      g=1, i=2: T=9, n_wiz=1, Q_T=89.0, obs_cost=8.0, prob=0.083
      g=1, i=3: T=7, n_wiz=1, Q_T=77.0, obs_cost=6.0, prob=0.083
      g=1, i=4: T=6, n_wiz=1, Q_T=65.0, obs_cost=5.0, prob=0.083
      g=2, i=1: T=9, n_wiz=1, Q_T=143.0, obs_cost=8.0, prob=0.083
      g=2, i=2: T=9, n_wiz=1, Q_T=89.0, obs_cost=8.0, prob=0.083
      g=2, i=3: T=7, n_wiz=1, Q_T=77.0, obs_cost=6.0, prob=0.083
      g=2, i=4: T=6, n_wiz=1, Q_T=65.0, obs_cost=5.0, prob=0.083
      g=3, i=1: T=2, n_wiz=4, Q_T=176.0, obs_cost=1.0, prob=0.083
      g=3, i=2: T=2, n_wiz=4, Q_T=176.0, obs_cost=1.0, prob=0.083
      g=3, i=3: T=2, n_wiz=4, Q_T=176.0, obs_cost=1.0, prob=0.083
      g=3, i=4: T=2, n_wiz=4, Q_T=176.0, obs_cost=1.0, prob=0.083
    === agent3 (naive) breakdown ===
      g=1, i=1: T=16, n_wiz=1, Q_T=143.0, obs_cost=15.0, prob=0.083
      g=1, i=2: T=16, n_wiz=1, Q_T=89.0, obs_cost=15.0, prob=0.083
      g=1, i=3: T=11, n_wiz=1, Q_T=77.0, obs_cost=10.0, prob=0.083
      g=1, i=4: T=7, n_wiz=1, Q_T=65.0, obs_cost=6.0, prob=0.083
      g=2, i=1: T=16, n_wiz=1, Q_T=143.0, obs_cost=15.0, prob=0.083
      g=2, i=2: T=16, n_wiz=1, Q_T=89.0, obs_cost=15.0, prob=0.083
      g=2, i=3: T=11, n_wiz=1, Q_T=77.0, obs_cost=10.0, prob=0.083
      g=2, i=4: T=7, n_wiz=1, Q_T=65.0, obs_cost=6.0, prob=0.083
      g=3, i=1: T=3, n_wiz=4, Q_T=176.0, obs_cost=2.0, prob=0.083
      g=3, i=2: T=3, n_wiz=4, Q_T=176.0, obs_cost=2.0, prob=0.083
      g=3, i=3: T=3, n_wiz=4, Q_T=176.0, obs_cost=2.0, prob=0.083
      g=3, i=4: T=3, n_wiz=4, Q_T=176.0, obs_cost=2.0, prob=0.083
    t=1: Q_observe_agent2=99.25, Q_observe_agent3=129.33, Q_not_observe=176.0
    wizard_candidates: 4
    agent2_count=1, agent3_count=0
    timestep_agent2=2, timestep_agent3=1
    === agent2 (actual) breakdown ===
      g=1, i=1: T=9, n_wiz=1, Q_T=143.0, obs_cost=7.0, prob=0.124
      g=1, i=2: T=9, n_wiz=1, Q_T=89.0, obs_cost=7.0, prob=0.124
      g=1, i=3: T=7, n_wiz=1, Q_T=77.0, obs_cost=5.0, prob=0.124
      g=1, i=4: T=6, n_wiz=1, Q_T=65.0, obs_cost=4.0, prob=0.124
      g=2, i=1: T=9, n_wiz=1, Q_T=143.0, obs_cost=7.0, prob=0.124
      g=2, i=2: T=9, n_wiz=1, Q_T=89.0, obs_cost=7.0, prob=0.124
      g=2, i=3: T=7, n_wiz=1, Q_T=77.0, obs_cost=5.0, prob=0.124
      g=2, i=4: T=6, n_wiz=1, Q_T=65.0, obs_cost=4.0, prob=0.124
    === agent3 (naive) breakdown ===
      g=1, i=1: T=16, n_wiz=1, Q_T=143.0, obs_cost=15.0, prob=0.083
      g=1, i=2: T=16, n_wiz=1, Q_T=89.0, obs_cost=15.0, prob=0.083
      g=1, i=3: T=11, n_wiz=1, Q_T=77.0, obs_cost=10.0, prob=0.083
      g=1, i=4: T=7, n_wiz=1, Q_T=65.0, obs_cost=6.0, prob=0.083
      g=2, i=1: T=16, n_wiz=1, Q_T=143.0, obs_cost=15.0, prob=0.083
      g=2, i=2: T=16, n_wiz=1, Q_T=89.0, obs_cost=15.0, prob=0.083
      g=2, i=3: T=11, n_wiz=1, Q_T=77.0, obs_cost=10.0, prob=0.083
      g=2, i=4: T=7, n_wiz=1, Q_T=65.0, obs_cost=6.0, prob=0.083
      g=3, i=1: T=3, n_wiz=4, Q_T=176.0, obs_cost=2.0, prob=0.083
      g=3, i=2: T=3, n_wiz=4, Q_T=176.0, obs_cost=2.0, prob=0.083
      g=3, i=3: T=3, n_wiz=4, Q_T=176.0, obs_cost=2.0, prob=0.083
      g=3, i=4: T=3, n_wiz=4, Q_T=176.0, obs_cost=2.0, prob=0.083
    t=2: Q_observe_agent2=98.25, Q_observe_agent3=129.33, Q_not_observe=176.0
    wizard_candidates: 4
    agent2_count=2, agent3_count=0
    timestep_agent2=3, timestep_agent3=1
    === agent2 (actual) breakdown ===
      g=1, i=1: T=9, n_wiz=1, Q_T=143.0, obs_cost=6.0, prob=0.125
      g=1, i=2: T=9, n_wiz=1, Q_T=89.0, obs_cost=6.0, prob=0.125
      g=1, i=3: T=7, n_wiz=1, Q_T=77.0, obs_cost=4.0, prob=0.125
      g=1, i=4: T=6, n_wiz=1, Q_T=65.0, obs_cost=3.0, prob=0.125
      g=2, i=1: T=9, n_wiz=1, Q_T=143.0, obs_cost=6.0, prob=0.125
      g=2, i=2: T=9, n_wiz=1, Q_T=89.0, obs_cost=6.0, prob=0.125
      g=2, i=3: T=7, n_wiz=1, Q_T=77.0, obs_cost=4.0, prob=0.125
      g=2, i=4: T=6, n_wiz=1, Q_T=65.0, obs_cost=3.0, prob=0.125
    === agent3 (naive) breakdown ===
      g=1, i=1: T=16, n_wiz=1, Q_T=143.0, obs_cost=15.0, prob=0.083
      g=1, i=2: T=16, n_wiz=1, Q_T=89.0, obs_cost=15.0, prob=0.083
      g=1, i=3: T=11, n_wiz=1, Q_T=77.0, obs_cost=10.0, prob=0.083
      g=1, i=4: T=7, n_wiz=1, Q_T=65.0, obs_cost=6.0, prob=0.083
      g=2, i=1: T=16, n_wiz=1, Q_T=143.0, obs_cost=15.0, prob=0.083
      g=2, i=2: T=16, n_wiz=1, Q_T=89.0, obs_cost=15.0, prob=0.083
      g=2, i=3: T=11, n_wiz=1, Q_T=77.0, obs_cost=10.0, prob=0.083
      g=2, i=4: T=7, n_wiz=1, Q_T=65.0, obs_cost=6.0, prob=0.083
      g=3, i=1: T=3, n_wiz=4, Q_T=176.0, obs_cost=2.0, prob=0.083
      g=3, i=2: T=3, n_wiz=4, Q_T=176.0, obs_cost=2.0, prob=0.083
      g=3, i=3: T=3, n_wiz=4, Q_T=176.0, obs_cost=2.0, prob=0.083
      g=3, i=4: T=3, n_wiz=4, Q_T=176.0, obs_cost=2.0, prob=0.083
    t=3: Q_observe_agent2=97.25, Q_observe_agent3=129.33, Q_not_observe=176.0
    wizard_candidates: 4
    agent2_count=3, agent3_count=0
    timestep_agent2=4, timestep_agent3=1
    === agent2 (actual) breakdown ===
      g=1, i=1: T=9, n_wiz=1, Q_T=143.0, obs_cost=5.0, prob=0.125
      g=1, i=2: T=9, n_wiz=1, Q_T=89.0, obs_cost=5.0, prob=0.125
      g=1, i=3: T=7, n_wiz=1, Q_T=77.0, obs_cost=3.0, prob=0.125
      g=1, i=4: T=6, n_wiz=1, Q_T=65.0, obs_cost=2.0, prob=0.125
      g=2, i=1: T=9, n_wiz=1, Q_T=143.0, obs_cost=5.0, prob=0.125
      g=2, i=2: T=9, n_wiz=1, Q_T=89.0, obs_cost=5.0, prob=0.125
      g=2, i=3: T=7, n_wiz=1, Q_T=77.0, obs_cost=3.0, prob=0.125
      g=2, i=4: T=6, n_wiz=1, Q_T=65.0, obs_cost=2.0, prob=0.125
    === agent3 (naive) breakdown ===
      g=1, i=1: T=16, n_wiz=1, Q_T=143.0, obs_cost=15.0, prob=0.083
      g=1, i=2: T=16, n_wiz=1, Q_T=89.0, obs_cost=15.0, prob=0.083
      g=1, i=3: T=11, n_wiz=1, Q_T=77.0, obs_cost=10.0, prob=0.083
      g=1, i=4: T=7, n_wiz=1, Q_T=65.0, obs_cost=6.0, prob=0.083
      g=2, i=1: T=16, n_wiz=1, Q_T=143.0, obs_cost=15.0, prob=0.083
      g=2, i=2: T=16, n_wiz=1, Q_T=89.0, obs_cost=15.0, prob=0.083
      g=2, i=3: T=11, n_wiz=1, Q_T=77.0, obs_cost=10.0, prob=0.083
      g=2, i=4: T=7, n_wiz=1, Q_T=65.0, obs_cost=6.0, prob=0.083
      g=3, i=1: T=3, n_wiz=4, Q_T=176.0, obs_cost=2.0, prob=0.083
      g=3, i=2: T=3, n_wiz=4, Q_T=176.0, obs_cost=2.0, prob=0.083
      g=3, i=3: T=3, n_wiz=4, Q_T=176.0, obs_cost=2.0, prob=0.083
      g=3, i=4: T=3, n_wiz=4, Q_T=176.0, obs_cost=2.0, prob=0.083
    t=4: Q_observe_agent2=106.33, Q_observe_agent3=141.0, Q_not_observe=165.0
    wizard_candidates: 3
    agent2_count=4, agent3_count=0
    timestep_agent2=5, timestep_agent3=1
    === agent2 (actual) breakdown ===
      g=1, i=1: T=9, n_wiz=1, Q_T=143.0, obs_cost=4.0, prob=0.166
      g=1, i=2: T=9, n_wiz=1, Q_T=89.0, obs_cost=4.0, prob=0.166
      g=1, i=3: T=7, n_wiz=1, Q_T=77.0, obs_cost=2.0, prob=0.166
      g=2, i=1: T=9, n_wiz=1, Q_T=143.0, obs_cost=4.0, prob=0.166
      g=2, i=2: T=9, n_wiz=1, Q_T=89.0, obs_cost=4.0, prob=0.166
      g=2, i=3: T=7, n_wiz=1, Q_T=77.0, obs_cost=2.0, prob=0.166
    === agent3 (naive) breakdown ===
      g=1, i=1: T=16, n_wiz=1, Q_T=143.0, obs_cost=15.0, prob=0.083
      g=1, i=2: T=16, n_wiz=1, Q_T=89.0, obs_cost=15.0, prob=0.083
      g=1, i=3: T=11, n_wiz=1, Q_T=77.0, obs_cost=10.0, prob=0.083
      g=2, i=1: T=16, n_wiz=1, Q_T=143.0, obs_cost=15.0, prob=0.083
      g=2, i=2: T=16, n_wiz=1, Q_T=89.0, obs_cost=15.0, prob=0.083
      g=2, i=3: T=11, n_wiz=1, Q_T=77.0, obs_cost=10.0, prob=0.083
      g=3, i=1: T=3, n_wiz=4, Q_T=176.0, obs_cost=2.0, prob=0.083
      g=3, i=2: T=3, n_wiz=4, Q_T=176.0, obs_cost=2.0, prob=0.083
      g=3, i=3: T=3, n_wiz=4, Q_T=176.0, obs_cost=2.0, prob=0.083
      g=3, i=4: T=3, n_wiz=4, Q_T=176.0, obs_cost=2.0, prob=0.083
    t=5: Q_observe_agent2=105.33, Q_observe_agent3=141.0, Q_not_observe=165.0
    wizard_candidates: 3
    agent2_count=5, agent3_count=0
    timestep_agent2=6, timestep_agent3=1
    === agent2 (actual) breakdown ===
      g=1, i=1: T=9, n_wiz=1, Q_T=143.0, obs_cost=3.0, prob=0.167
      g=1, i=2: T=9, n_wiz=1, Q_T=89.0, obs_cost=3.0, prob=0.167
      g=1, i=3: T=7, n_wiz=1, Q_T=77.0, obs_cost=1.0, prob=0.167
      g=2, i=1: T=9, n_wiz=1, Q_T=143.0, obs_cost=3.0, prob=0.167
      g=2, i=2: T=9, n_wiz=1, Q_T=89.0, obs_cost=3.0, prob=0.167
      g=2, i=3: T=7, n_wiz=1, Q_T=77.0, obs_cost=1.0, prob=0.167
    === agent3 (naive) breakdown ===
      g=1, i=1: T=16, n_wiz=1, Q_T=143.0, obs_cost=15.0, prob=0.083
      g=1, i=2: T=16, n_wiz=1, Q_T=89.0, obs_cost=15.0, prob=0.083
      g=1, i=3: T=11, n_wiz=1, Q_T=77.0, obs_cost=10.0, prob=0.083
      g=2, i=1: T=16, n_wiz=1, Q_T=143.0, obs_cost=15.0, prob=0.083
      g=2, i=2: T=16, n_wiz=1, Q_T=89.0, obs_cost=15.0, prob=0.083
      g=2, i=3: T=11, n_wiz=1, Q_T=77.0, obs_cost=10.0, prob=0.083
      g=3, i=1: T=3, n_wiz=4, Q_T=176.0, obs_cost=2.0, prob=0.083
      g=3, i=2: T=3, n_wiz=4, Q_T=176.0, obs_cost=2.0, prob=0.083
      g=3, i=3: T=3, n_wiz=4, Q_T=176.0, obs_cost=2.0, prob=0.083
      g=3, i=4: T=3, n_wiz=4, Q_T=176.0, obs_cost=2.0, prob=0.083
    t=6: Q_observe_agent2=118.0, Q_observe_agent3=154.5, Q_not_observe=154.0
    wizard_candidates: 2
    agent2_count=6, agent3_count=0
    timestep_agent2=7, timestep_agent3=1
    === agent2 (actual) breakdown ===
      g=1, i=1: T=9, n_wiz=1, Q_T=143.0, obs_cost=2.0, prob=0.248
      g=1, i=2: T=9, n_wiz=1, Q_T=89.0, obs_cost=2.0, prob=0.248
      g=2, i=1: T=9, n_wiz=1, Q_T=143.0, obs_cost=2.0, prob=0.248
      g=2, i=2: T=9, n_wiz=1, Q_T=89.0, obs_cost=2.0, prob=0.248
    === agent3 (naive) breakdown ===
      g=1, i=1: T=16, n_wiz=1, Q_T=143.0, obs_cost=15.0, prob=0.083
      g=1, i=2: T=16, n_wiz=1, Q_T=89.0, obs_cost=15.0, prob=0.083
      g=2, i=1: T=16, n_wiz=1, Q_T=143.0, obs_cost=15.0, prob=0.083
      g=2, i=2: T=16, n_wiz=1, Q_T=89.0, obs_cost=15.0, prob=0.083
      g=3, i=1: T=3, n_wiz=4, Q_T=176.0, obs_cost=2.0, prob=0.083
      g=3, i=2: T=3, n_wiz=4, Q_T=176.0, obs_cost=2.0, prob=0.083
      g=3, i=3: T=3, n_wiz=4, Q_T=176.0, obs_cost=2.0, prob=0.083
      g=3, i=4: T=3, n_wiz=4, Q_T=176.0, obs_cost=2.0, prob=0.083
    t=7: Q_observe_agent2=117.0, Q_observe_agent3=154.5, Q_not_observe=154.0
    wizard_candidates: 2
    agent2_count=7, agent3_count=0
    timestep_agent2=8, timestep_agent3=1
    === agent2 (actual) breakdown ===
      g=1, i=1: T=9, n_wiz=1, Q_T=143.0, obs_cost=1.0, prob=0.25
      g=1, i=2: T=9, n_wiz=1, Q_T=89.0, obs_cost=1.0, prob=0.25
      g=2, i=1: T=9, n_wiz=1, Q_T=143.0, obs_cost=1.0, prob=0.25
      g=2, i=2: T=9, n_wiz=1, Q_T=89.0, obs_cost=1.0, prob=0.25
    === agent3 (naive) breakdown ===
      g=1, i=1: T=16, n_wiz=1, Q_T=143.0, obs_cost=15.0, prob=0.083
      g=1, i=2: T=16, n_wiz=1, Q_T=89.0, obs_cost=15.0, prob=0.083
      g=2, i=1: T=16, n_wiz=1, Q_T=143.0, obs_cost=15.0, prob=0.083
      g=2, i=2: T=16, n_wiz=1, Q_T=89.0, obs_cost=15.0, prob=0.083
      g=3, i=1: T=3, n_wiz=4, Q_T=176.0, obs_cost=2.0, prob=0.083
      g=3, i=2: T=3, n_wiz=4, Q_T=176.0, obs_cost=2.0, prob=0.083
      g=3, i=3: T=3, n_wiz=4, Q_T=176.0, obs_cost=2.0, prob=0.083
      g=3, i=4: T=3, n_wiz=4, Q_T=176.0, obs_cost=2.0, prob=0.083
    t=8: Q_observe_agent2=144.0, Q_observe_agent3=171.33, Q_not_observe=143.0
    wizard_candidates: 1
    agent2_count=8, agent3_count=0
    timestep_agent2=9, timestep_agent3=1
    === agent2 (actual) breakdown ===
      g=1, i=1: T=9, n_wiz=1, Q_T=143.0, obs_cost=1.0, prob=0.491
      g=2, i=1: T=9, n_wiz=1, Q_T=143.0, obs_cost=1.0, prob=0.491
    === agent3 (naive) breakdown ===
      g=1, i=1: T=16, n_wiz=1, Q_T=143.0, obs_cost=15.0, prob=0.083
      g=2, i=1: T=16, n_wiz=1, Q_T=143.0, obs_cost=15.0, prob=0.083
      g=3, i=1: T=3, n_wiz=4, Q_T=176.0, obs_cost=2.0, prob=0.083
      g=3, i=2: T=3, n_wiz=4, Q_T=176.0, obs_cost=2.0, prob=0.083
      g=3, i=3: T=3, n_wiz=4, Q_T=176.0, obs_cost=2.0, prob=0.083
      g=3, i=4: T=3, n_wiz=4, Q_T=176.0, obs_cost=2.0, prob=0.083
    Scenario completed in 5.39s
    Cache stats: 2384 hits, 41 misses, 98.3% hit rate
Processing exp4:  10%|███▍                              |  ETA: 0:06:26[K  Map completed in 9.09s

Processing map: sm612
Const[wizard1, wizard2, wizard3, wizard4]Const[wizard1, wizard2, wizard3, wizard4]  Scenario 1
    agent2 (X) -> gem2 (actual), agent3 (Y) -> gem1 (naive)
    Loading probability data: s_id_agent2=3, s_id_agent3=3
    agent2_gem=2, agent3_gem=1
    Loaded agent2 probs: goal_probs size=(3, 24), state_probs size=(3, 24)
    Loaded agent3 probs: goal_probs size=(3, 33), state_probs size=(3, 33)
    Planning for agent1...
    problem.goal = has(agent1, gem1)
    agent1 location = (11, 9)
    Agent1 plan computed, length=31
    agent3 initial goal_probs: [0.333, 0.333, 0.333]
    agent3 initial state_probs: [0.333, 0.333, 0.333]
    t=0: Q_observe_agent2=107.22, Q_observe_agent3=112.78, Q_not_observe=138.0
    wizard_candidates: 3
    agent2_count=0, agent3_count=0
    timestep_agent2=1, timestep_agent3=1
    === agent2 (actual) breakdown ===
      g=1, i=1: T=5, n_wiz=1, Q_T=80.0, obs_cost=4.0, prob=0.111
      g=1, i=2: T=5, n_wiz=1, Q_T=92.0, obs_cost=4.0, prob=0.111
      g=1, i=3: T=3, n_wiz=1, Q_T=92.0, obs_cost=2.0, prob=0.111
      g=2, i=1: T=5, n_wiz=1, Q_T=80.0, obs_cost=4.0, prob=0.111
      g=2, i=2: T=5, n_wiz=1, Q_T=92.0, obs_cost=4.0, prob=0.111
      g=2, i=3: T=3, n_wiz=1, Q_T=92.0, obs_cost=2.0, prob=0.111
      g=3, i=1: T=2, n_wiz=3, Q_T=138.0, obs_cost=1.0, prob=0.111
      g=3, i=2: T=2, n_wiz=3, Q_T=138.0, obs_cost=1.0, prob=0.111
      g=3, i=3: T=2, n_wiz=3, Q_T=138.0, obs_cost=1.0, prob=0.111
    === agent3 (naive) breakdown ===
      g=1, i=1: T=13, n_wiz=1, Q_T=80.0, obs_cost=12.0, prob=0.111
      g=1, i=2: T=9, n_wiz=1, Q_T=92.0, obs_cost=8.0, prob=0.111
      g=1, i=3: T=13, n_wiz=1, Q_T=92.0, obs_cost=12.0, prob=0.111
      g=2, i=1: T=13, n_wiz=1, Q_T=80.0, obs_cost=12.0, prob=0.111
      g=2, i=2: T=9, n_wiz=1, Q_T=92.0, obs_cost=8.0, prob=0.111
      g=2, i=3: T=13, n_wiz=1, Q_T=92.0, obs_cost=12.0, prob=0.111
      g=3, i=1: T=4, n_wiz=3, Q_T=138.0, obs_cost=3.0, prob=0.111
      g=3, i=2: T=4, n_wiz=3, Q_T=138.0, obs_cost=3.0, prob=0.111
      g=3, i=3: T=4, n_wiz=3, Q_T=138.0, obs_cost=3.0, prob=0.111
    t=1: Q_observe_agent2=90.33, Q_observe_agent3=112.78, Q_not_observe=138.0
    wizard_candidates: 3
    agent2_count=1, agent3_count=0
    timestep_agent2=2, timestep_agent3=1
    === agent2 (actual) breakdown ===
      g=1, i=1: T=5, n_wiz=1, Q_T=80.0, obs_cost=3.0, prob=0.165
      g=1, i=2: T=5, n_wiz=1, Q_T=92.0, obs_cost=3.0, prob=0.165
      g=1, i=3: T=3, n_wiz=1, Q_T=92.0, obs_cost=1.0, prob=0.165
      g=2, i=1: T=5, n_wiz=1, Q_T=80.0, obs_cost=3.0, prob=0.165
      g=2, i=2: T=5, n_wiz=1, Q_T=92.0, obs_cost=3.0, prob=0.165
      g=2, i=3: T=3, n_wiz=1, Q_T=92.0, obs_cost=1.0, prob=0.165
    === agent3 (naive) breakdown ===
      g=1, i=1: T=13, n_wiz=1, Q_T=80.0, obs_cost=12.0, prob=0.111
      g=1, i=2: T=9, n_wiz=1, Q_T=92.0, obs_cost=8.0, prob=0.111
      g=1, i=3: T=13, n_wiz=1, Q_T=92.0, obs_cost=12.0, prob=0.111
      g=2, i=1: T=13, n_wiz=1, Q_T=80.0, obs_cost=12.0, prob=0.111
      g=2, i=2: T=9, n_wiz=1, Q_T=92.0, obs_cost=8.0, prob=0.111
      g=2, i=3: T=13, n_wiz=1, Q_T=92.0, obs_cost=12.0, prob=0.111
      g=3, i=1: T=4, n_wiz=3, Q_T=138.0, obs_cost=3.0, prob=0.111
      g=3, i=2: T=4, n_wiz=3, Q_T=138.0, obs_cost=3.0, prob=0.111
      g=3, i=3: T=4, n_wiz=3, Q_T=138.0, obs_cost=3.0, prob=0.111
    t=2: Q_observe_agent2=93.0, Q_observe_agent3=126.2, Q_not_observe=92.0
    wizard_candidates: 1
    agent2_count=2, agent3_count=0
    timestep_agent2=3, timestep_agent3=1
    === agent2 (actual) breakdown ===
      g=1, i=3: T=3, n_wiz=1, Q_T=92.0, obs_cost=1.0, prob=0.482
      g=2, i=3: T=3, n_wiz=1, Q_T=92.0, obs_cost=1.0, prob=0.482
    === agent3 (naive) breakdown ===
      g=1, i=3: T=13, n_wiz=1, Q_T=92.0, obs_cost=12.0, prob=0.111
      g=2, i=3: T=13, n_wiz=1, Q_T=92.0, obs_cost=12.0, prob=0.111
      g=3, i=1: T=4, n_wiz=3, Q_T=138.0, obs_cost=3.0, prob=0.111
      g=3, i=2: T=4, n_wiz=3, Q_T=138.0, obs_cost=3.0, prob=0.111
      g=3, i=3: T=4, n_wiz=3, Q_T=138.0, obs_cost=3.0, prob=0.111
    Scenario completed in 4.46s
    Cache stats: 469 hits, 26 misses, 94.7% hit rate
Processing exp4:  12%|████▎                             |  ETA: 0:05:57[K  Map completed in 8.18s

Processing map: sm321
Const[wizard1, wizard2, wizard3]Const[wizard1, wizard2, wizard3]  Scenario 1
    agent2 (X) -> gem1 (actual), agent3 (Y) -> gem1 (naive)
    Loading probability data: s_id_agent2=1, s_id_agent3=1
    agent2_gem=1, agent3_gem=1
    Loaded agent2 probs: goal_probs size=(3, 53), state_probs size=(3, 53)
    Loaded agent3 probs: goal_probs size=(3, 47), state_probs size=(3, 47)
    Planning for agent1...
    problem.goal = has(agent1, gem2)
    agent1 location = (4, 10)
    Agent1 plan computed, length=45
    agent3 initial goal_probs: [0.333, 0.333, 0.333]
    agent3 initial state_probs: [0.333, 0.333, 0.333]
    t=0: Q_observe_agent2=119.22, Q_observe_agent3=115.78, Q_not_observe=156.0
    wizard_candidates: 3
    agent2_count=0, agent3_count=0
    timestep_agent2=1, timestep_agent3=1
    === agent2 (actual) breakdown ===
      g=1, i=1: T=16, n_wiz=1, Q_T=134.0, obs_cost=15.0, prob=0.111
      g=1, i=2: T=16, n_wiz=1, Q_T=68.0, obs_cost=15.0, prob=0.111
      g=1, i=3: T=14, n_wiz=1, Q_T=56.0, obs_cost=13.0, prob=0.111
      g=2, i=1: T=16, n_wiz=1, Q_T=134.0, obs_cost=15.0, prob=0.111
      g=2, i=2: T=16, n_wiz=1, Q_T=68.0, obs_cost=15.0, prob=0.111
      g=2, i=3: T=14, n_wiz=1, Q_T=56.0, obs_cost=13.0, prob=0.111
      g=3, i=1: T=2, n_wiz=3, Q_T=156.0, obs_cost=1.0, prob=0.111
      g=3, i=2: T=2, n_wiz=3, Q_T=156.0, obs_cost=1.0, prob=0.111
      g=3, i=3: T=2, n_wiz=3, Q_T=156.0, obs_cost=1.0, prob=0.111
    === agent3 (naive) breakdown ===
      g=1, i=1: T=11, n_wiz=1, Q_T=134.0, obs_cost=10.0, prob=0.111
      g=1, i=2: T=11, n_wiz=1, Q_T=68.0, obs_cost=10.0, prob=0.111
      g=1, i=3: T=7, n_wiz=1, Q_T=56.0, obs_cost=6.0, prob=0.111
      g=2, i=1: T=11, n_wiz=1, Q_T=134.0, obs_cost=10.0, prob=0.111
      g=2, i=2: T=11, n_wiz=1, Q_T=68.0, obs_cost=10.0, prob=0.111
      g=2, i=3: T=7, n_wiz=1, Q_T=56.0, obs_cost=6.0, prob=0.111
      g=3, i=1: T=3, n_wiz=3, Q_T=156.0, obs_cost=2.0, prob=0.111
      g=3, i=2: T=3, n_wiz=3, Q_T=156.0, obs_cost=2.0, prob=0.111
      g=3, i=3: T=3, n_wiz=3, Q_T=156.0, obs_cost=2.0, prob=0.111
    t=1: Q_observe_agent2=119.22, Q_observe_agent3=93.67, Q_not_observe=156.0
    wizard_candidates: 3
    agent2_count=0, agent3_count=1
    timestep_agent2=1, timestep_agent3=2
    === agent2 (actual) breakdown ===
      g=1, i=1: T=16, n_wiz=1, Q_T=134.0, obs_cost=15.0, prob=0.111
      g=1, i=2: T=16, n_wiz=1, Q_T=68.0, obs_cost=15.0, prob=0.111
      g=1, i=3: T=14, n_wiz=1, Q_T=56.0, obs_cost=13.0, prob=0.111
      g=2, i=1: T=16, n_wiz=1, Q_T=134.0, obs_cost=15.0, prob=0.111
      g=2, i=2: T=16, n_wiz=1, Q_T=68.0, obs_cost=15.0, prob=0.111
      g=2, i=3: T=14, n_wiz=1, Q_T=56.0, obs_cost=13.0, prob=0.111
      g=3, i=1: T=2, n_wiz=3, Q_T=156.0, obs_cost=1.0, prob=0.111
      g=3, i=2: T=2, n_wiz=3, Q_T=156.0, obs_cost=1.0, prob=0.111
      g=3, i=3: T=2, n_wiz=3, Q_T=156.0, obs_cost=1.0, prob=0.111
    === agent3 (naive) breakdown ===
      g=1, i=1: T=11, n_wiz=1, Q_T=134.0, obs_cost=9.0, prob=0.156
      g=1, i=2: T=11, n_wiz=1, Q_T=68.0, obs_cost=9.0, prob=0.156
      g=1, i=3: T=7, n_wiz=1, Q_T=56.0, obs_cost=5.0, prob=0.156
      g=2, i=1: T=11, n_wiz=1, Q_T=134.0, obs_cost=9.0, prob=0.156
      g=2, i=2: T=11, n_wiz=1, Q_T=68.0, obs_cost=9.0, prob=0.156
      g=2, i=3: T=7, n_wiz=1, Q_T=56.0, obs_cost=5.0, prob=0.156
    t=2: Q_observe_agent2=119.22, Q_observe_agent3=92.67, Q_not_observe=156.0
    wizard_candidates: 3
    agent2_count=0, agent3_count=2
    timestep_agent2=1, timestep_agent3=3
    === agent2 (actual) breakdown ===
      g=1, i=1: T=16, n_wiz=1, Q_T=134.0, obs_cost=15.0, prob=0.111
      g=1, i=2: T=16, n_wiz=1, Q_T=68.0, obs_cost=15.0, prob=0.111
      g=1, i=3: T=14, n_wiz=1, Q_T=56.0, obs_cost=13.0, prob=0.111
      g=2, i=1: T=16, n_wiz=1, Q_T=134.0, obs_cost=15.0, prob=0.111
      g=2, i=2: T=16, n_wiz=1, Q_T=68.0, obs_cost=15.0, prob=0.111
      g=2, i=3: T=14, n_wiz=1, Q_T=56.0, obs_cost=13.0, prob=0.111
      g=3, i=1: T=2, n_wiz=3, Q_T=156.0, obs_cost=1.0, prob=0.111
      g=3, i=2: T=2, n_wiz=3, Q_T=156.0, obs_cost=1.0, prob=0.111
      g=3, i=3: T=2, n_wiz=3, Q_T=156.0, obs_cost=1.0, prob=0.111
    === agent3 (naive) breakdown ===
      g=1, i=1: T=11, n_wiz=1, Q_T=134.0, obs_cost=8.0, prob=0.165
      g=1, i=2: T=11, n_wiz=1, Q_T=68.0, obs_cost=8.0, prob=0.165
      g=1, i=3: T=7, n_wiz=1, Q_T=56.0, obs_cost=4.0, prob=0.165
      g=2, i=1: T=11, n_wiz=1, Q_T=134.0, obs_cost=8.0, prob=0.165
      g=2, i=2: T=11, n_wiz=1, Q_T=68.0, obs_cost=8.0, prob=0.165
      g=2, i=3: T=7, n_wiz=1, Q_T=56.0, obs_cost=4.0, prob=0.165
    t=3: Q_observe_agent2=119.22, Q_observe_agent3=91.67, Q_not_observe=156.0
    wizard_candidates: 3
    agent2_count=0, agent3_count=3
    timestep_agent2=1, timestep_agent3=4
    === agent2 (actual) breakdown ===
      g=1, i=1: T=16, n_wiz=1, Q_T=134.0, obs_cost=15.0, prob=0.111
      g=1, i=2: T=16, n_wiz=1, Q_T=68.0, obs_cost=15.0, prob=0.111
      g=1, i=3: T=14, n_wiz=1, Q_T=56.0, obs_cost=13.0, prob=0.111
      g=2, i=1: T=16, n_wiz=1, Q_T=134.0, obs_cost=15.0, prob=0.111
      g=2, i=2: T=16, n_wiz=1, Q_T=68.0, obs_cost=15.0, prob=0.111
      g=2, i=3: T=14, n_wiz=1, Q_T=56.0, obs_cost=13.0, prob=0.111
      g=3, i=1: T=2, n_wiz=3, Q_T=156.0, obs_cost=1.0, prob=0.111
      g=3, i=2: T=2, n_wiz=3, Q_T=156.0, obs_cost=1.0, prob=0.111
      g=3, i=3: T=2, n_wiz=3, Q_T=156.0, obs_cost=1.0, prob=0.111
    === agent3 (naive) breakdown ===
      g=1, i=1: T=11, n_wiz=1, Q_T=134.0, obs_cost=7.0, prob=0.165
      g=1, i=2: T=11, n_wiz=1, Q_T=68.0, obs_cost=7.0, prob=0.165
      g=1, i=3: T=7, n_wiz=1, Q_T=56.0, obs_cost=3.0, prob=0.165
      g=2, i=1: T=11, n_wiz=1, Q_T=134.0, obs_cost=7.0, prob=0.165
      g=2, i=2: T=11, n_wiz=1, Q_T=68.0, obs_cost=7.0, prob=0.165
      g=2, i=3: T=7, n_wiz=1, Q_T=56.0, obs_cost=3.0, prob=0.165
    t=4: Q_observe_agent2=133.57, Q_observe_agent3=107.0, Q_not_observe=145.0
    wizard_candidates: 2
    agent2_count=0, agent3_count=4
    timestep_agent2=1, timestep_agent3=5
    === agent2 (actual) breakdown ===
      g=1, i=1: T=16, n_wiz=1, Q_T=134.0, obs_cost=15.0, prob=0.111
      g=1, i=2: T=16, n_wiz=1, Q_T=68.0, obs_cost=15.0, prob=0.111
      g=2, i=1: T=16, n_wiz=1, Q_T=134.0, obs_cost=15.0, prob=0.111
      g=2, i=2: T=16, n_wiz=1, Q_T=68.0, obs_cost=15.0, prob=0.111
      g=3, i=1: T=2, n_wiz=3, Q_T=156.0, obs_cost=1.0, prob=0.111
      g=3, i=2: T=2, n_wiz=3, Q_T=156.0, obs_cost=1.0, prob=0.111
      g=3, i=3: T=2, n_wiz=3, Q_T=156.0, obs_cost=1.0, prob=0.111
    === agent3 (naive) breakdown ===
      g=1, i=1: T=11, n_wiz=1, Q_T=134.0, obs_cost=6.0, prob=0.234
      g=1, i=2: T=11, n_wiz=1, Q_T=68.0, obs_cost=6.0, prob=0.234
      g=2, i=1: T=11, n_wiz=1, Q_T=134.0, obs_cost=6.0, prob=0.234
      g=2, i=2: T=11, n_wiz=1, Q_T=68.0, obs_cost=6.0, prob=0.234
    t=5: Q_observe_agent2=133.57, Q_observe_agent3=106.0, Q_not_observe=145.0
    wizard_candidates: 2
    agent2_count=0, agent3_count=5
    timestep_agent2=1, timestep_agent3=6
    === agent2 (actual) breakdown ===
      g=1, i=1: T=16, n_wiz=1, Q_T=134.0, obs_cost=15.0, prob=0.111
      g=1, i=2: T=16, n_wiz=1, Q_T=68.0, obs_cost=15.0, prob=0.111
      g=2, i=1: T=16, n_wiz=1, Q_T=134.0, obs_cost=15.0, prob=0.111
      g=2, i=2: T=16, n_wiz=1, Q_T=68.0, obs_cost=15.0, prob=0.111
      g=3, i=1: T=2, n_wiz=3, Q_T=156.0, obs_cost=1.0, prob=0.111
      g=3, i=2: T=2, n_wiz=3, Q_T=156.0, obs_cost=1.0, prob=0.111
      g=3, i=3: T=2, n_wiz=3, Q_T=156.0, obs_cost=1.0, prob=0.111
    === agent3 (naive) breakdown ===
      g=1, i=1: T=11, n_wiz=1, Q_T=134.0, obs_cost=5.0, prob=0.248
      g=1, i=2: T=11, n_wiz=1, Q_T=68.0, obs_cost=5.0, prob=0.248
      g=2, i=1: T=11, n_wiz=1, Q_T=134.0, obs_cost=5.0, prob=0.248
      g=2, i=2: T=11, n_wiz=1, Q_T=68.0, obs_cost=5.0, prob=0.248
    t=6: Q_observe_agent2=133.57, Q_observe_agent3=105.0, Q_not_observe=145.0
    wizard_candidates: 2
    agent2_count=0, agent3_count=6
    timestep_agent2=1, timestep_agent3=7
    === agent2 (actual) breakdown ===
      g=1, i=1: T=16, n_wiz=1, Q_T=134.0, obs_cost=15.0, prob=0.111
      g=1, i=2: T=16, n_wiz=1, Q_T=68.0, obs_cost=15.0, prob=0.111
      g=2, i=1: T=16, n_wiz=1, Q_T=134.0, obs_cost=15.0, prob=0.111
      g=2, i=2: T=16, n_wiz=1, Q_T=68.0, obs_cost=15.0, prob=0.111
      g=3, i=1: T=2, n_wiz=3, Q_T=156.0, obs_cost=1.0, prob=0.111
      g=3, i=2: T=2, n_wiz=3, Q_T=156.0, obs_cost=1.0, prob=0.111
      g=3, i=3: T=2, n_wiz=3, Q_T=156.0, obs_cost=1.0, prob=0.111
    === agent3 (naive) breakdown ===
      g=1, i=1: T=11, n_wiz=1, Q_T=134.0, obs_cost=4.0, prob=0.25
      g=1, i=2: T=11, n_wiz=1, Q_T=68.0, obs_cost=4.0, prob=0.25
      g=2, i=1: T=11, n_wiz=1, Q_T=134.0, obs_cost=4.0, prob=0.25
      g=2, i=2: T=11, n_wiz=1, Q_T=68.0, obs_cost=4.0, prob=0.25
    t=7: Q_observe_agent2=133.57, Q_observe_agent3=104.0, Q_not_observe=145.0
    wizard_candidates: 2
    agent2_count=0, agent3_count=7
    timestep_agent2=1, timestep_agent3=8
    === agent2 (actual) breakdown ===
      g=1, i=1: T=16, n_wiz=1, Q_T=134.0, obs_cost=15.0, prob=0.111
      g=1, i=2: T=16, n_wiz=1, Q_T=68.0, obs_cost=15.0, prob=0.111
      g=2, i=1: T=16, n_wiz=1, Q_T=134.0, obs_cost=15.0, prob=0.111
      g=2, i=2: T=16, n_wiz=1, Q_T=68.0, obs_cost=15.0, prob=0.111
      g=3, i=1: T=2, n_wiz=3, Q_T=156.0, obs_cost=1.0, prob=0.111
      g=3, i=2: T=2, n_wiz=3, Q_T=156.0, obs_cost=1.0, prob=0.111
      g=3, i=3: T=2, n_wiz=3, Q_T=156.0, obs_cost=1.0, prob=0.111
    === agent3 (naive) breakdown ===
      g=1, i=1: T=11, n_wiz=1, Q_T=134.0, obs_cost=3.0, prob=0.25
      g=1, i=2: T=11, n_wiz=1, Q_T=68.0, obs_cost=3.0, prob=0.25
      g=2, i=1: T=11, n_wiz=1, Q_T=134.0, obs_cost=3.0, prob=0.25
      g=2, i=2: T=11, n_wiz=1, Q_T=68.0, obs_cost=3.0, prob=0.25
    t=8: Q_observe_agent2=133.57, Q_observe_agent3=103.0, Q_not_observe=145.0
    wizard_candidates: 2
    agent2_count=0, agent3_count=8
    timestep_agent2=1, timestep_agent3=9
    === agent2 (actual) breakdown ===
      g=1, i=1: T=16, n_wiz=1, Q_T=134.0, obs_cost=15.0, prob=0.111
      g=1, i=2: T=16, n_wiz=1, Q_T=68.0, obs_cost=15.0, prob=0.111
      g=2, i=1: T=16, n_wiz=1, Q_T=134.0, obs_cost=15.0, prob=0.111
      g=2, i=2: T=16, n_wiz=1, Q_T=68.0, obs_cost=15.0, prob=0.111
      g=3, i=1: T=2, n_wiz=3, Q_T=156.0, obs_cost=1.0, prob=0.111
      g=3, i=2: T=2, n_wiz=3, Q_T=156.0, obs_cost=1.0, prob=0.111
      g=3, i=3: T=2, n_wiz=3, Q_T=156.0, obs_cost=1.0, prob=0.111
    === agent3 (naive) breakdown ===
      g=1, i=1: T=11, n_wiz=1, Q_T=134.0, obs_cost=2.0, prob=0.25
      g=1, i=2: T=11, n_wiz=1, Q_T=68.0, obs_cost=2.0, prob=0.25
      g=2, i=1: T=11, n_wiz=1, Q_T=134.0, obs_cost=2.0, prob=0.25
      g=2, i=2: T=11, n_wiz=1, Q_T=68.0, obs_cost=2.0, prob=0.25
    t=9: Q_observe_agent2=133.57, Q_observe_agent3=127.13, Q_not_observe=145.0
    wizard_candidates: 2
    agent2_count=0, agent3_count=9
    timestep_agent2=1, timestep_agent3=10
    === agent2 (actual) breakdown ===
      g=1, i=1: T=16, n_wiz=1, Q_T=134.0, obs_cost=15.0, prob=0.111
      g=1, i=2: T=16, n_wiz=1, Q_T=68.0, obs_cost=15.0, prob=0.111
      g=2, i=1: T=16, n_wiz=1, Q_T=134.0, obs_cost=15.0, prob=0.111
      g=2, i=2: T=16, n_wiz=1, Q_T=68.0, obs_cost=15.0, prob=0.111
      g=3, i=1: T=2, n_wiz=3, Q_T=156.0, obs_cost=1.0, prob=0.111
      g=3, i=2: T=2, n_wiz=3, Q_T=156.0, obs_cost=1.0, prob=0.111
      g=3, i=3: T=2, n_wiz=3, Q_T=156.0, obs_cost=1.0, prob=0.111
    === agent3 (naive) breakdown ===
      g=1, i=1: T=11, n_wiz=1, Q_T=134.0, obs_cost=1.0, prob=0.44
      g=1, i=2: T=11, n_wiz=1, Q_T=68.0, obs_cost=1.0, prob=0.06
      g=2, i=1: T=11, n_wiz=1, Q_T=134.0, obs_cost=1.0, prob=0.44
      g=2, i=2: T=11, n_wiz=1, Q_T=68.0, obs_cost=1.0, prob=0.06
    t=10: Q_observe_agent2=153.8, Q_observe_agent3=135.0, Q_not_observe=134.0
    wizard_candidates: 1
    agent2_count=0, agent3_count=10
    timestep_agent2=1, timestep_agent3=11
    === agent2 (actual) breakdown ===
      g=1, i=1: T=16, n_wiz=1, Q_T=134.0, obs_cost=15.0, prob=0.111
      g=2, i=1: T=16, n_wiz=1, Q_T=134.0, obs_cost=15.0, prob=0.111
      g=3, i=1: T=2, n_wiz=3, Q_T=156.0, obs_cost=1.0, prob=0.111
      g=3, i=2: T=2, n_wiz=3, Q_T=156.0, obs_cost=1.0, prob=0.111
      g=3, i=3: T=2, n_wiz=3, Q_T=156.0, obs_cost=1.0, prob=0.111
    === agent3 (naive) breakdown ===
      g=1, i=1: T=11, n_wiz=1, Q_T=134.0, obs_cost=1.0, prob=0.491
      g=2, i=1: T=11, n_wiz=1, Q_T=134.0, obs_cost=1.0, prob=0.491
    Scenario completed in 3.9s
    Cache stats: 1557 hits, 26 misses, 98.4% hit rate
Processing exp4:  15%|█████▏                            |  ETA: 0:05:32[K  Map completed in 7.62s

Processing map: sm311
Const[wizard1, wizard2, wizard3, wizard4]Const[wizard1, wizard2, wizard3, wizard4]  Scenario 1
    agent2 (X) -> gem1 (actual), agent3 (Y) -> gem3 (naive)
    Loading probability data: s_id_agent2=3, s_id_agent3=3
    agent2_gem=1, agent3_gem=3
    Loaded agent2 probs: goal_probs size=(3, 33), state_probs size=(3, 33)
    Loaded agent3 probs: goal_probs size=(3, 38), state_probs size=(3, 38)
    Planning for agent1...
    problem.goal = has(agent1, gem2)
    agent1 location = (8, 10)
    Agent1 plan computed, length=41
    agent3 initial goal_probs: [0.333, 0.333, 0.333]
    agent3 initial state_probs: [0.333, 0.333, 0.333]
    t=0: Q_observe_agent2=117.0, Q_observe_agent3=121.78, Q_not_observe=156.0
    wizard_candidates: 3
    agent2_count=0, agent3_count=0
    timestep_agent2=1, timestep_agent3=1
    === agent2 (actual) breakdown ===
      g=1, i=1: T=2, n_wiz=3, Q_T=156.0, obs_cost=1.0, prob=0.111
      g=1, i=2: T=2, n_wiz=3, Q_T=156.0, obs_cost=1.0, prob=0.111
      g=1, i=3: T=2, n_wiz=3, Q_T=156.0, obs_cost=1.0, prob=0.111
      g=2, i=1: T=4, n_wiz=1, Q_T=86.0, obs_cost=3.0, prob=0.111
      g=2, i=2: T=4, n_wiz=1, Q_T=74.0, obs_cost=3.0, prob=0.111
      g=2, i=3: T=4, n_wiz=1, Q_T=122.0, obs_cost=3.0, prob=0.111
      g=3, i=1: T=4, n_wiz=1, Q_T=86.0, obs_cost=3.0, prob=0.111
      g=3, i=2: T=4, n_wiz=1, Q_T=74.0, obs_cost=3.0, prob=0.111
      g=3, i=3: T=4, n_wiz=1, Q_T=122.0, obs_cost=3.0, prob=0.111
    === agent3 (naive) breakdown ===
      g=1, i=1: T=3, n_wiz=3, Q_T=156.0, obs_cost=2.0, prob=0.111
      g=1, i=2: T=3, n_wiz=3, Q_T=156.0, obs_cost=2.0, prob=0.111
      g=1, i=3: T=3, n_wiz=3, Q_T=156.0, obs_cost=2.0, prob=0.111
      g=2, i=1: T=12, n_wiz=1, Q_T=86.0, obs_cost=11.0, prob=0.111
      g=2, i=2: T=10, n_wiz=1, Q_T=74.0, obs_cost=9.0, prob=0.111
      g=2, i=3: T=10, n_wiz=1, Q_T=122.0, obs_cost=9.0, prob=0.111
      g=3, i=1: T=12, n_wiz=1, Q_T=86.0, obs_cost=11.0, prob=0.111
      g=3, i=2: T=10, n_wiz=1, Q_T=74.0, obs_cost=9.0, prob=0.111
      g=3, i=3: T=10, n_wiz=1, Q_T=122.0, obs_cost=9.0, prob=0.111
    t=1: Q_observe_agent2=157.0, Q_observe_agent3=121.78, Q_not_observe=156.0
    wizard_candidates: 3
    agent2_count=1, agent3_count=0
    timestep_agent2=2, timestep_agent3=1
    === agent2 (actual) breakdown ===
      g=1, i=1: T=2, n_wiz=3, Q_T=156.0, obs_cost=1.0, prob=0.322
      g=1, i=2: T=2, n_wiz=3, Q_T=156.0, obs_cost=1.0, prob=0.322
      g=1, i=3: T=2, n_wiz=3, Q_T=156.0, obs_cost=1.0, prob=0.322
    === agent3 (naive) breakdown ===
      g=1, i=1: T=3, n_wiz=3, Q_T=156.0, obs_cost=2.0, prob=0.111
      g=1, i=2: T=3, n_wiz=3, Q_T=156.0, obs_cost=2.0, prob=0.111
      g=1, i=3: T=3, n_wiz=3, Q_T=156.0, obs_cost=2.0, prob=0.111
      g=2, i=1: T=12, n_wiz=1, Q_T=86.0, obs_cost=11.0, prob=0.111
      g=2, i=2: T=10, n_wiz=1, Q_T=74.0, obs_cost=9.0, prob=0.111
      g=2, i=3: T=10, n_wiz=1, Q_T=122.0, obs_cost=9.0, prob=0.111
      g=3, i=1: T=12, n_wiz=1, Q_T=86.0, obs_cost=11.0, prob=0.111
      g=3, i=2: T=10, n_wiz=1, Q_T=74.0, obs_cost=9.0, prob=0.111
      g=3, i=3: T=10, n_wiz=1, Q_T=122.0, obs_cost=9.0, prob=0.111
    t=2: Q_observe_agent2=157.0, Q_observe_agent3=102.67, Q_not_observe=156.0
    wizard_candidates: 3
    agent2_count=1, agent3_count=1
    timestep_agent2=2, timestep_agent3=2
    === agent2 (actual) breakdown ===
      g=1, i=1: T=2, n_wiz=3, Q_T=156.0, obs_cost=1.0, prob=0.322
      g=1, i=2: T=2, n_wiz=3, Q_T=156.0, obs_cost=1.0, prob=0.322
      g=1, i=3: T=2, n_wiz=3, Q_T=156.0, obs_cost=1.0, prob=0.322
    === agent3 (naive) breakdown ===
      g=2, i=1: T=12, n_wiz=1, Q_T=86.0, obs_cost=10.0, prob=0.156
      g=2, i=2: T=10, n_wiz=1, Q_T=74.0, obs_cost=8.0, prob=0.156
      g=2, i=3: T=10, n_wiz=1, Q_T=122.0, obs_cost=8.0, prob=0.156
      g=3, i=1: T=12, n_wiz=1, Q_T=86.0, obs_cost=10.0, prob=0.156
      g=3, i=2: T=10, n_wiz=1, Q_T=74.0, obs_cost=8.0, prob=0.156
      g=3, i=3: T=10, n_wiz=1, Q_T=122.0, obs_cost=8.0, prob=0.156
    t=3: Q_observe_agent2=157.0, Q_observe_agent3=101.67, Q_not_observe=156.0
    wizard_candidates: 3
    agent2_count=1, agent3_count=2
    timestep_agent2=2, timestep_agent3=3
    === agent2 (actual) breakdown ===
      g=1, i=1: T=2, n_wiz=3, Q_T=156.0, obs_cost=1.0, prob=0.322
      g=1, i=2: T=2, n_wiz=3, Q_T=156.0, obs_cost=1.0, prob=0.322
      g=1, i=3: T=2, n_wiz=3, Q_T=156.0, obs_cost=1.0, prob=0.322
    === agent3 (naive) breakdown ===
      g=2, i=1: T=12, n_wiz=1, Q_T=86.0, obs_cost=9.0, prob=0.156
      g=2, i=2: T=10, n_wiz=1, Q_T=74.0, obs_cost=7.0, prob=0.156
      g=2, i=3: T=10, n_wiz=1, Q_T=122.0, obs_cost=7.0, prob=0.156
      g=3, i=1: T=12, n_wiz=1, Q_T=86.0, obs_cost=9.0, prob=0.156
      g=3, i=2: T=10, n_wiz=1, Q_T=74.0, obs_cost=7.0, prob=0.156
      g=3, i=3: T=10, n_wiz=1, Q_T=122.0, obs_cost=7.0, prob=0.156
    t=4: Q_observe_agent2=157.0, Q_observe_agent3=100.67, Q_not_observe=156.0
    wizard_candidates: 3
    agent2_count=1, agent3_count=3
    timestep_agent2=2, timestep_agent3=4
    === agent2 (actual) breakdown ===
      g=1, i=1: T=2, n_wiz=3, Q_T=156.0, obs_cost=1.0, prob=0.322
      g=1, i=2: T=2, n_wiz=3, Q_T=156.0, obs_cost=1.0, prob=0.322
      g=1, i=3: T=2, n_wiz=3, Q_T=156.0, obs_cost=1.0, prob=0.322
    === agent3 (naive) breakdown ===
      g=2, i=1: T=12, n_wiz=1, Q_T=86.0, obs_cost=8.0, prob=0.156
      g=2, i=2: T=10, n_wiz=1, Q_T=74.0, obs_cost=6.0, prob=0.156
      g=2, i=3: T=10, n_wiz=1, Q_T=122.0, obs_cost=6.0, prob=0.156
      g=3, i=1: T=12, n_wiz=1, Q_T=86.0, obs_cost=8.0, prob=0.156
      g=3, i=2: T=10, n_wiz=1, Q_T=74.0, obs_cost=6.0, prob=0.156
      g=3, i=3: T=10, n_wiz=1, Q_T=122.0, obs_cost=6.0, prob=0.156
    t=5: Q_observe_agent2=157.0, Q_observe_agent3=99.67, Q_not_observe=156.0
    wizard_candidates: 3
    agent2_count=1, agent3_count=4
    timestep_agent2=2, timestep_agent3=5
    === agent2 (actual) breakdown ===
      g=1, i=1: T=2, n_wiz=3, Q_T=156.0, obs_cost=1.0, prob=0.322
      g=1, i=2: T=2, n_wiz=3, Q_T=156.0, obs_cost=1.0, prob=0.322
      g=1, i=3: T=2, n_wiz=3, Q_T=156.0, obs_cost=1.0, prob=0.322
    === agent3 (naive) breakdown ===
      g=2, i=1: T=12, n_wiz=1, Q_T=86.0, obs_cost=7.0, prob=0.156
      g=2, i=2: T=10, n_wiz=1, Q_T=74.0, obs_cost=5.0, prob=0.156
      g=2, i=3: T=10, n_wiz=1, Q_T=122.0, obs_cost=5.0, prob=0.156
      g=3, i=1: T=12, n_wiz=1, Q_T=86.0, obs_cost=7.0, prob=0.156
      g=3, i=2: T=10, n_wiz=1, Q_T=74.0, obs_cost=5.0, prob=0.156
      g=3, i=3: T=10, n_wiz=1, Q_T=122.0, obs_cost=5.0, prob=0.156
    t=6: Q_observe_agent2=157.0, Q_observe_agent3=102.0, Q_not_observe=133.0
    wizard_candidates: 2
    agent2_count=1, agent3_count=5
    timestep_agent2=2, timestep_agent3=6
    === agent2 (actual) breakdown ===
      g=1, i=1: T=2, n_wiz=3, Q_T=156.0, obs_cost=1.0, prob=0.322
      g=1, i=2: T=2, n_wiz=3, Q_T=156.0, obs_cost=1.0, prob=0.322
      g=1, i=3: T=2, n_wiz=3, Q_T=156.0, obs_cost=1.0, prob=0.322
    === agent3 (naive) breakdown ===
      g=2, i=2: T=10, n_wiz=1, Q_T=74.0, obs_cost=4.0, prob=0.23
      g=2, i=3: T=10, n_wiz=1, Q_T=122.0, obs_cost=4.0, prob=0.23
      g=3, i=2: T=10, n_wiz=1, Q_T=74.0, obs_cost=4.0, prob=0.23
      g=3, i=3: T=10, n_wiz=1, Q_T=122.0, obs_cost=4.0, prob=0.23
    t=7: Q_observe_agent2=157.0, Q_observe_agent3=101.0, Q_not_observe=133.0
    wizard_candidates: 2
    agent2_count=1, agent3_count=6
    timestep_agent2=2, timestep_agent3=7
    === agent2 (actual) breakdown ===
      g=1, i=1: T=2, n_wiz=3, Q_T=156.0, obs_cost=1.0, prob=0.322
      g=1, i=2: T=2, n_wiz=3, Q_T=156.0, obs_cost=1.0, prob=0.322
      g=1, i=3: T=2, n_wiz=3, Q_T=156.0, obs_cost=1.0, prob=0.322
    === agent3 (naive) breakdown ===
      g=2, i=2: T=10, n_wiz=1, Q_T=74.0, obs_cost=3.0, prob=0.247
      g=2, i=3: T=10, n_wiz=1, Q_T=122.0, obs_cost=3.0, prob=0.247
      g=3, i=2: T=10, n_wiz=1, Q_T=74.0, obs_cost=3.0, prob=0.247
      g=3, i=3: T=10, n_wiz=1, Q_T=122.0, obs_cost=3.0, prob=0.247
    t=8: Q_observe_agent2=157.0, Q_observe_agent3=100.0, Q_not_observe=133.0
    wizard_candidates: 2
    agent2_count=1, agent3_count=7
    timestep_agent2=2, timestep_agent3=8
    === agent2 (actual) breakdown ===
      g=1, i=1: T=2, n_wiz=3, Q_T=156.0, obs_cost=1.0, prob=0.322
      g=1, i=2: T=2, n_wiz=3, Q_T=156.0, obs_cost=1.0, prob=0.322
      g=1, i=3: T=2, n_wiz=3, Q_T=156.0, obs_cost=1.0, prob=0.322
    === agent3 (naive) breakdown ===
      g=2, i=2: T=10, n_wiz=1, Q_T=74.0, obs_cost=2.0, prob=0.247
      g=2, i=3: T=10, n_wiz=1, Q_T=122.0, obs_cost=2.0, prob=0.247
      g=3, i=2: T=10, n_wiz=1, Q_T=74.0, obs_cost=2.0, prob=0.247
      g=3, i=3: T=10, n_wiz=1, Q_T=122.0, obs_cost=2.0, prob=0.247
    t=9: Q_observe_agent2=157.0, Q_observe_agent3=117.27, Q_not_observe=133.0
    wizard_candidates: 2
    agent2_count=1, agent3_count=8
    timestep_agent2=2, timestep_agent3=9
    === agent2 (actual) breakdown ===
      g=1, i=1: T=2, n_wiz=3, Q_T=156.0, obs_cost=1.0, prob=0.322
      g=1, i=2: T=2, n_wiz=3, Q_T=156.0, obs_cost=1.0, prob=0.322
      g=1, i=3: T=2, n_wiz=3, Q_T=156.0, obs_cost=1.0, prob=0.322
    === agent3 (naive) breakdown ===
      g=2, i=2: T=10, n_wiz=1, Q_T=74.0, obs_cost=1.0, prob=0.059
      g=2, i=3: T=10, n_wiz=1, Q_T=122.0, obs_cost=1.0, prob=0.439
      g=3, i=2: T=10, n_wiz=1, Q_T=74.0, obs_cost=1.0, prob=0.059
      g=3, i=3: T=10, n_wiz=1, Q_T=122.0, obs_cost=1.0, prob=0.439
    t=10: Q_observe_agent2=157.0, Q_observe_agent3=123.0, Q_not_observe=122.0
    wizard_candidates: 1
    agent2_count=1, agent3_count=9
    timestep_agent2=2, timestep_agent3=10
    === agent2 (actual) breakdown ===
      g=1, i=1: T=2, n_wiz=3, Q_T=156.0, obs_cost=1.0, prob=0.322
      g=1, i=2: T=2, n_wiz=3, Q_T=156.0, obs_cost=1.0, prob=0.322
      g=1, i=3: T=2, n_wiz=3, Q_T=156.0, obs_cost=1.0, prob=0.322
    === agent3 (naive) breakdown ===
      g=2, i=3: T=10, n_wiz=1, Q_T=122.0, obs_cost=1.0, prob=0.491
      g=3, i=3: T=10, n_wiz=1, Q_T=122.0, obs_cost=1.0, prob=0.491
    Scenario completed in 3.98s
    Cache stats: 1456 hits, 26 misses, 98.2% hit rate
Processing exp4:  18%|██████                            |  ETA: 0:05:13[K  Map completed in 7.69s

Processing map: sm432
Const[wizard1, wizard2, wizard3, wizard4]Const[wizard1, wizard2, wizard3, wizard4]  Scenario 1
    agent2 (X) -> gem1 (actual), agent3 (Y) -> gem2 (naive)
    Loading probability data: s_id_agent2=3, s_id_agent3=3
    agent2_gem=1, agent3_gem=2
    Loaded agent2 probs: goal_probs size=(3, 42), state_probs size=(3, 42)
    Loaded agent3 probs: goal_probs size=(3, 35), state_probs size=(3, 35)
    Planning for agent1...
    problem.goal = has(agent1, gem2)
    agent1 location = (11, 6)
    Agent1 plan computed, length=38
    agent3 initial goal_probs: [0.333, 0.333, 0.333]
    agent3 initial state_probs: [0.333, 0.333, 0.333]
    t=0: Q_observe_agent2=122.89, Q_observe_agent3=118.78, Q_not_observe=135.0
    wizard_candidates: 3
    agent2_count=0, agent3_count=0
    timestep_agent2=1, timestep_agent3=1
    === agent2 (actual) breakdown ===
      g=1, i=1: T=15, n_wiz=1, Q_T=89.0, obs_cost=14.0, prob=0.111
      g=1, i=2: T=17, n_wiz=1, Q_T=101.0, obs_cost=16.0, prob=0.111
      g=1, i=3: T=17, n_wiz=1, Q_T=113.0, obs_cost=16.0, prob=0.111
      g=2, i=1: T=15, n_wiz=1, Q_T=89.0, obs_cost=14.0, prob=0.111
      g=2, i=2: T=17, n_wiz=1, Q_T=101.0, obs_cost=16.0, prob=0.111
      g=2, i=3: T=17, n_wiz=1, Q_T=113.0, obs_cost=16.0, prob=0.111
      g=3, i=1: T=2, n_wiz=3, Q_T=135.0, obs_cost=1.0, prob=0.111
      g=3, i=2: T=2, n_wiz=3, Q_T=135.0, obs_cost=1.0, prob=0.111
      g=3, i=3: T=2, n_wiz=3, Q_T=135.0, obs_cost=1.0, prob=0.111
    === agent3 (naive) breakdown ===
      g=1, i=1: T=7, n_wiz=1, Q_T=89.0, obs_cost=6.0, prob=0.111
      g=1, i=2: T=11, n_wiz=1, Q_T=101.0, obs_cost=10.0, prob=0.111
      g=1, i=3: T=11, n_wiz=1, Q_T=113.0, obs_cost=10.0, prob=0.111
      g=2, i=1: T=7, n_wiz=1, Q_T=89.0, obs_cost=6.0, prob=0.111
      g=2, i=2: T=11, n_wiz=1, Q_T=101.0, obs_cost=10.0, prob=0.111
      g=2, i=3: T=11, n_wiz=1, Q_T=113.0, obs_cost=10.0, prob=0.111
      g=3, i=1: T=3, n_wiz=3, Q_T=135.0, obs_cost=2.0, prob=0.111
      g=3, i=2: T=3, n_wiz=3, Q_T=135.0, obs_cost=2.0, prob=0.111
      g=3, i=3: T=3, n_wiz=3, Q_T=135.0, obs_cost=2.0, prob=0.111
    t=1: Q_observe_agent2=122.89, Q_observe_agent3=108.67, Q_not_observe=135.0
    wizard_candidates: 3
    agent2_count=0, agent3_count=1
    timestep_agent2=1, timestep_agent3=2
    === agent2 (actual) breakdown ===
      g=1, i=1: T=15, n_wiz=1, Q_T=89.0, obs_cost=14.0, prob=0.111
      g=1, i=2: T=17, n_wiz=1, Q_T=101.0, obs_cost=16.0, prob=0.111
      g=1, i=3: T=17, n_wiz=1, Q_T=113.0, obs_cost=16.0, prob=0.111
      g=2, i=1: T=15, n_wiz=1, Q_T=89.0, obs_cost=14.0, prob=0.111
      g=2, i=2: T=17, n_wiz=1, Q_T=101.0, obs_cost=16.0, prob=0.111
      g=2, i=3: T=17, n_wiz=1, Q_T=113.0, obs_cost=16.0, prob=0.111
      g=3, i=1: T=2, n_wiz=3, Q_T=135.0, obs_cost=1.0, prob=0.111
      g=3, i=2: T=2, n_wiz=3, Q_T=135.0, obs_cost=1.0, prob=0.111
      g=3, i=3: T=2, n_wiz=3, Q_T=135.0, obs_cost=1.0, prob=0.111
    === agent3 (naive) breakdown ===
      g=1, i=1: T=7, n_wiz=1, Q_T=89.0, obs_cost=5.0, prob=0.156
      g=1, i=2: T=11, n_wiz=1, Q_T=101.0, obs_cost=9.0, prob=0.156
      g=1, i=3: T=11, n_wiz=1, Q_T=113.0, obs_cost=9.0, prob=0.156
      g=2, i=1: T=7, n_wiz=1, Q_T=89.0, obs_cost=5.0, prob=0.156
      g=2, i=2: T=11, n_wiz=1, Q_T=101.0, obs_cost=9.0, prob=0.156
      g=2, i=3: T=11, n_wiz=1, Q_T=113.0, obs_cost=9.0, prob=0.156
    t=2: Q_observe_agent2=122.89, Q_observe_agent3=107.67, Q_not_observe=135.0
    wizard_candidates: 3
    agent2_count=0, agent3_count=2
    timestep_agent2=1, timestep_agent3=3
    === agent2 (actual) breakdown ===
      g=1, i=1: T=15, n_wiz=1, Q_T=89.0, obs_cost=14.0, prob=0.111
      g=1, i=2: T=17, n_wiz=1, Q_T=101.0, obs_cost=16.0, prob=0.111
      g=1, i=3: T=17, n_wiz=1, Q_T=113.0, obs_cost=16.0, prob=0.111
      g=2, i=1: T=15, n_wiz=1, Q_T=89.0, obs_cost=14.0, prob=0.111
      g=2, i=2: T=17, n_wiz=1, Q_T=101.0, obs_cost=16.0, prob=0.111
      g=2, i=3: T=17, n_wiz=1, Q_T=113.0, obs_cost=16.0, prob=0.111
      g=3, i=1: T=2, n_wiz=3, Q_T=135.0, obs_cost=1.0, prob=0.111
      g=3, i=2: T=2, n_wiz=3, Q_T=135.0, obs_cost=1.0, prob=0.111
      g=3, i=3: T=2, n_wiz=3, Q_T=135.0, obs_cost=1.0, prob=0.111
    === agent3 (naive) breakdown ===
      g=1, i=1: T=7, n_wiz=1, Q_T=89.0, obs_cost=4.0, prob=0.165
      g=1, i=2: T=11, n_wiz=1, Q_T=101.0, obs_cost=8.0, prob=0.165
      g=1, i=3: T=11, n_wiz=1, Q_T=113.0, obs_cost=8.0, prob=0.165
      g=2, i=1: T=7, n_wiz=1, Q_T=89.0, obs_cost=4.0, prob=0.165
      g=2, i=2: T=11, n_wiz=1, Q_T=101.0, obs_cost=8.0, prob=0.165
      g=2, i=3: T=11, n_wiz=1, Q_T=113.0, obs_cost=8.0, prob=0.165
    t=3: Q_observe_agent2=122.89, Q_observe_agent3=106.67, Q_not_observe=135.0
    wizard_candidates: 3
    agent2_count=0, agent3_count=3
    timestep_agent2=1, timestep_agent3=4
    === agent2 (actual) breakdown ===
      g=1, i=1: T=15, n_wiz=1, Q_T=89.0, obs_cost=14.0, prob=0.111
      g=1, i=2: T=17, n_wiz=1, Q_T=101.0, obs_cost=16.0, prob=0.111
      g=1, i=3: T=17, n_wiz=1, Q_T=113.0, obs_cost=16.0, prob=0.111
      g=2, i=1: T=15, n_wiz=1, Q_T=89.0, obs_cost=14.0, prob=0.111
      g=2, i=2: T=17, n_wiz=1, Q_T=101.0, obs_cost=16.0, prob=0.111
      g=2, i=3: T=17, n_wiz=1, Q_T=113.0, obs_cost=16.0, prob=0.111
      g=3, i=1: T=2, n_wiz=3, Q_T=135.0, obs_cost=1.0, prob=0.111
      g=3, i=2: T=2, n_wiz=3, Q_T=135.0, obs_cost=1.0, prob=0.111
      g=3, i=3: T=2, n_wiz=3, Q_T=135.0, obs_cost=1.0, prob=0.111
    === agent3 (naive) breakdown ===
      g=1, i=1: T=7, n_wiz=1, Q_T=89.0, obs_cost=3.0, prob=0.165
      g=1, i=2: T=11, n_wiz=1, Q_T=101.0, obs_cost=7.0, prob=0.165
      g=1, i=3: T=11, n_wiz=1, Q_T=113.0, obs_cost=7.0, prob=0.165
      g=2, i=1: T=7, n_wiz=1, Q_T=89.0, obs_cost=3.0, prob=0.165
      g=2, i=2: T=11, n_wiz=1, Q_T=101.0, obs_cost=7.0, prob=0.165
      g=2, i=3: T=11, n_wiz=1, Q_T=113.0, obs_cost=7.0, prob=0.165
    t=4: Q_observe_agent2=128.57, Q_observe_agent3=113.0, Q_not_observe=124.0
    wizard_candidates: 2
    agent2_count=0, agent3_count=4
    timestep_agent2=1, timestep_agent3=5
    === agent2 (actual) breakdown ===
      g=1, i=2: T=17, n_wiz=1, Q_T=101.0, obs_cost=16.0, prob=0.111
      g=1, i=3: T=17, n_wiz=1, Q_T=113.0, obs_cost=16.0, prob=0.111
      g=2, i=2: T=17, n_wiz=1, Q_T=101.0, obs_cost=16.0, prob=0.111
      g=2, i=3: T=17, n_wiz=1, Q_T=113.0, obs_cost=16.0, prob=0.111
      g=3, i=1: T=2, n_wiz=3, Q_T=135.0, obs_cost=1.0, prob=0.111
      g=3, i=2: T=2, n_wiz=3, Q_T=135.0, obs_cost=1.0, prob=0.111
      g=3, i=3: T=2, n_wiz=3, Q_T=135.0, obs_cost=1.0, prob=0.111
    === agent3 (naive) breakdown ===
      g=1, i=2: T=11, n_wiz=1, Q_T=101.0, obs_cost=6.0, prob=0.234
      g=1, i=3: T=11, n_wiz=1, Q_T=113.0, obs_cost=6.0, prob=0.234
      g=2, i=2: T=11, n_wiz=1, Q_T=101.0, obs_cost=6.0, prob=0.234
      g=2, i=3: T=11, n_wiz=1, Q_T=113.0, obs_cost=6.0, prob=0.234
    t=5: Q_observe_agent2=128.57, Q_observe_agent3=112.0, Q_not_observe=124.0
    wizard_candidates: 2
    agent2_count=0, agent3_count=5
    timestep_agent2=1, timestep_agent3=6
    === agent2 (actual) breakdown ===
      g=1, i=2: T=17, n_wiz=1, Q_T=101.0, obs_cost=16.0, prob=0.111
      g=1, i=3: T=17, n_wiz=1, Q_T=113.0, obs_cost=16.0, prob=0.111
      g=2, i=2: T=17, n_wiz=1, Q_T=101.0, obs_cost=16.0, prob=0.111
      g=2, i=3: T=17, n_wiz=1, Q_T=113.0, obs_cost=16.0, prob=0.111
      g=3, i=1: T=2, n_wiz=3, Q_T=135.0, obs_cost=1.0, prob=0.111
      g=3, i=2: T=2, n_wiz=3, Q_T=135.0, obs_cost=1.0, prob=0.111
      g=3, i=3: T=2, n_wiz=3, Q_T=135.0, obs_cost=1.0, prob=0.111
    === agent3 (naive) breakdown ===
      g=1, i=2: T=11, n_wiz=1, Q_T=101.0, obs_cost=5.0, prob=0.248
      g=1, i=3: T=11, n_wiz=1, Q_T=113.0, obs_cost=5.0, prob=0.248
      g=2, i=2: T=11, n_wiz=1, Q_T=101.0, obs_cost=5.0, prob=0.248
      g=2, i=3: T=11, n_wiz=1, Q_T=113.0, obs_cost=5.0, prob=0.248
    t=6: Q_observe_agent2=128.57, Q_observe_agent3=111.0, Q_not_observe=124.0
    wizard_candidates: 2
    agent2_count=0, agent3_count=6
    timestep_agent2=1, timestep_agent3=7
    === agent2 (actual) breakdown ===
      g=1, i=2: T=17, n_wiz=1, Q_T=101.0, obs_cost=16.0, prob=0.111
      g=1, i=3: T=17, n_wiz=1, Q_T=113.0, obs_cost=16.0, prob=0.111
      g=2, i=2: T=17, n_wiz=1, Q_T=101.0, obs_cost=16.0, prob=0.111
      g=2, i=3: T=17, n_wiz=1, Q_T=113.0, obs_cost=16.0, prob=0.111
      g=3, i=1: T=2, n_wiz=3, Q_T=135.0, obs_cost=1.0, prob=0.111
      g=3, i=2: T=2, n_wiz=3, Q_T=135.0, obs_cost=1.0, prob=0.111
      g=3, i=3: T=2, n_wiz=3, Q_T=135.0, obs_cost=1.0, prob=0.111
    === agent3 (naive) breakdown ===
      g=1, i=2: T=11, n_wiz=1, Q_T=101.0, obs_cost=4.0, prob=0.25
      g=1, i=3: T=11, n_wiz=1, Q_T=113.0, obs_cost=4.0, prob=0.25
      g=2, i=2: T=11, n_wiz=1, Q_T=101.0, obs_cost=4.0, prob=0.25
      g=2, i=3: T=11, n_wiz=1, Q_T=113.0, obs_cost=4.0, prob=0.25
    t=7: Q_observe_agent2=128.57, Q_observe_agent3=110.0, Q_not_observe=124.0
    wizard_candidates: 2
    agent2_count=0, agent3_count=7
    timestep_agent2=1, timestep_agent3=8
    === agent2 (actual) breakdown ===
      g=1, i=2: T=17, n_wiz=1, Q_T=101.0, obs_cost=16.0, prob=0.111
      g=1, i=3: T=17, n_wiz=1, Q_T=113.0, obs_cost=16.0, prob=0.111
      g=2, i=2: T=17, n_wiz=1, Q_T=101.0, obs_cost=16.0, prob=0.111
      g=2, i=3: T=17, n_wiz=1, Q_T=113.0, obs_cost=16.0, prob=0.111
      g=3, i=1: T=2, n_wiz=3, Q_T=135.0, obs_cost=1.0, prob=0.111
      g=3, i=2: T=2, n_wiz=3, Q_T=135.0, obs_cost=1.0, prob=0.111
      g=3, i=3: T=2, n_wiz=3, Q_T=135.0, obs_cost=1.0, prob=0.111
    === agent3 (naive) breakdown ===
      g=1, i=2: T=11, n_wiz=1, Q_T=101.0, obs_cost=3.0, prob=0.25
      g=1, i=3: T=11, n_wiz=1, Q_T=113.0, obs_cost=3.0, prob=0.25
      g=2, i=2: T=11, n_wiz=1, Q_T=101.0, obs_cost=3.0, prob=0.25
      g=2, i=3: T=11, n_wiz=1, Q_T=113.0, obs_cost=3.0, prob=0.25
    t=8: Q_observe_agent2=128.57, Q_observe_agent3=109.0, Q_not_observe=124.0
    wizard_candidates: 2
    agent2_count=0, agent3_count=8
    timestep_agent2=1, timestep_agent3=9
    === agent2 (actual) breakdown ===
      g=1, i=2: T=17, n_wiz=1, Q_T=101.0, obs_cost=16.0, prob=0.111
      g=1, i=3: T=17, n_wiz=1, Q_T=113.0, obs_cost=16.0, prob=0.111
      g=2, i=2: T=17, n_wiz=1, Q_T=101.0, obs_cost=16.0, prob=0.111
      g=2, i=3: T=17, n_wiz=1, Q_T=113.0, obs_cost=16.0, prob=0.111
      g=3, i=1: T=2, n_wiz=3, Q_T=135.0, obs_cost=1.0, prob=0.111
      g=3, i=2: T=2, n_wiz=3, Q_T=135.0, obs_cost=1.0, prob=0.111
      g=3, i=3: T=2, n_wiz=3, Q_T=135.0, obs_cost=1.0, prob=0.111
    === agent3 (naive) breakdown ===
      g=1, i=2: T=11, n_wiz=1, Q_T=101.0, obs_cost=2.0, prob=0.25
      g=1, i=3: T=11, n_wiz=1, Q_T=113.0, obs_cost=2.0, prob=0.25
      g=2, i=2: T=11, n_wiz=1, Q_T=101.0, obs_cost=2.0, prob=0.25
      g=2, i=3: T=11, n_wiz=1, Q_T=113.0, obs_cost=2.0, prob=0.25
    t=9: Q_observe_agent2=128.57, Q_observe_agent3=112.57, Q_not_observe=124.0
    wizard_candidates: 2
    agent2_count=0, agent3_count=9
    timestep_agent2=1, timestep_agent3=10
    === agent2 (actual) breakdown ===
      g=1, i=2: T=17, n_wiz=1, Q_T=101.0, obs_cost=16.0, prob=0.111
      g=1, i=3: T=17, n_wiz=1, Q_T=113.0, obs_cost=16.0, prob=0.111
      g=2, i=2: T=17, n_wiz=1, Q_T=101.0, obs_cost=16.0, prob=0.111
      g=2, i=3: T=17, n_wiz=1, Q_T=113.0, obs_cost=16.0, prob=0.111
      g=3, i=1: T=2, n_wiz=3, Q_T=135.0, obs_cost=1.0, prob=0.111
      g=3, i=2: T=2, n_wiz=3, Q_T=135.0, obs_cost=1.0, prob=0.111
      g=3, i=3: T=2, n_wiz=3, Q_T=135.0, obs_cost=1.0, prob=0.111
    === agent3 (naive) breakdown ===
      g=1, i=2: T=11, n_wiz=1, Q_T=101.0, obs_cost=1.0, prob=0.06
      g=1, i=3: T=11, n_wiz=1, Q_T=113.0, obs_cost=1.0, prob=0.44
      g=2, i=2: T=11, n_wiz=1, Q_T=101.0, obs_cost=1.0, prob=0.06
      g=2, i=3: T=11, n_wiz=1, Q_T=113.0, obs_cost=1.0, prob=0.44
    t=10: Q_observe_agent2=133.2, Q_observe_agent3=114.0, Q_not_observe=113.0
    wizard_candidates: 1
    agent2_count=0, agent3_count=10
    timestep_agent2=1, timestep_agent3=11
    === agent2 (actual) breakdown ===
      g=1, i=3: T=17, n_wiz=1, Q_T=113.0, obs_cost=16.0, prob=0.111
      g=2, i=3: T=17, n_wiz=1, Q_T=113.0, obs_cost=16.0, prob=0.111
      g=3, i=1: T=2, n_wiz=3, Q_T=135.0, obs_cost=1.0, prob=0.111
      g=3, i=2: T=2, n_wiz=3, Q_T=135.0, obs_cost=1.0, prob=0.111
      g=3, i=3: T=2, n_wiz=3, Q_T=135.0, obs_cost=1.0, prob=0.111
    === agent3 (naive) breakdown ===
      g=1, i=3: T=11, n_wiz=1, Q_T=113.0, obs_cost=1.0, prob=0.491
      g=2, i=3: T=11, n_wiz=1, Q_T=113.0, obs_cost=1.0, prob=0.491
    Scenario completed in 4.15s
    Cache stats: 1559 hits, 24 misses, 98.5% hit rate
Processing exp4:  20%|██████▊                           |  ETA: 0:04:57[K  Map completed in 7.91s

Processing map: sm541
Const[wizard1, wizard2, wizard3, wizard4]Const[wizard1, wizard2, wizard3, wizard4]  Scenario 1
    agent2 (X) -> gem1 (actual), agent3 (Y) -> gem1 (naive)
    Loading probability data: s_id_agent2=1, s_id_agent3=1
    agent2_gem=1, agent3_gem=1
    Loaded agent2 probs: goal_probs size=(3, 22), state_probs size=(3, 22)
    Loaded agent3 probs: goal_probs size=(3, 28), state_probs size=(3, 28)
    Planning for agent1...
    problem.goal = has(agent1, gem1)
    agent1 location = (1, 8)
    Agent1 plan computed, length=32
    agent3 initial goal_probs: [0.333, 0.333, 0.333]
    agent3 initial state_probs: [0.333, 0.333, 0.333]
    t=0: Q_observe_agent2=117.89, Q_observe_agent3=120.11, Q_not_observe=129.0
    wizard_candidates: 3
    agent2_count=0, agent3_count=0
    timestep_agent2=1, timestep_agent3=1
    === agent2 (actual) breakdown ===
      g=1, i=1: T=6, n_wiz=1, Q_T=95.0, obs_cost=5.0, prob=0.111
      g=1, i=2: T=6, n_wiz=1, Q_T=83.0, obs_cost=5.0, prob=0.111
      g=1, i=3: T=5, n_wiz=1, Q_T=89.0, obs_cost=4.0, prob=0.111
      g=2, i=1: T=2, n_wiz=3, Q_T=129.0, obs_cost=1.0, prob=0.111
      g=2, i=2: T=2, n_wiz=3, Q_T=129.0, obs_cost=1.0, prob=0.111
      g=2, i=3: T=2, n_wiz=3, Q_T=129.0, obs_cost=1.0, prob=0.111
      g=3, i=1: T=2, n_wiz=3, Q_T=129.0, obs_cost=1.0, prob=0.111
      g=3, i=2: T=2, n_wiz=3, Q_T=129.0, obs_cost=1.0, prob=0.111
      g=3, i=3: T=2, n_wiz=3, Q_T=129.0, obs_cost=1.0, prob=0.111
    === agent3 (naive) breakdown ===
      g=1, i=1: T=14, n_wiz=1, Q_T=95.0, obs_cost=13.0, prob=0.111
      g=1, i=2: T=9, n_wiz=1, Q_T=83.0, obs_cost=8.0, prob=0.111
      g=1, i=3: T=14, n_wiz=1, Q_T=89.0, obs_cost=13.0, prob=0.111
      g=2, i=1: T=2, n_wiz=3, Q_T=129.0, obs_cost=1.0, prob=0.111
      g=2, i=2: T=2, n_wiz=3, Q_T=129.0, obs_cost=1.0, prob=0.111
      g=2, i=3: T=2, n_wiz=3, Q_T=129.0, obs_cost=1.0, prob=0.111
      g=3, i=1: T=2, n_wiz=3, Q_T=129.0, obs_cost=1.0, prob=0.111
      g=3, i=2: T=2, n_wiz=3, Q_T=129.0, obs_cost=1.0, prob=0.111
      g=3, i=3: T=2, n_wiz=3, Q_T=129.0, obs_cost=1.0, prob=0.111
    t=1: Q_observe_agent2=92.67, Q_observe_agent3=120.11, Q_not_observe=129.0
    wizard_candidates: 3
    agent2_count=1, agent3_count=0
    timestep_agent2=2, timestep_agent3=1
    === agent2 (actual) breakdown ===
      g=1, i=1: T=6, n_wiz=1, Q_T=95.0, obs_cost=4.0, prob=0.322
      g=1, i=2: T=6, n_wiz=1, Q_T=83.0, obs_cost=4.0, prob=0.322
      g=1, i=3: T=5, n_wiz=1, Q_T=89.0, obs_cost=3.0, prob=0.322
    === agent3 (naive) breakdown ===
      g=1, i=1: T=14, n_wiz=1, Q_T=95.0, obs_cost=13.0, prob=0.111
      g=1, i=2: T=9, n_wiz=1, Q_T=83.0, obs_cost=8.0, prob=0.111
      g=1, i=3: T=14, n_wiz=1, Q_T=89.0, obs_cost=13.0, prob=0.111
      g=2, i=1: T=2, n_wiz=3, Q_T=129.0, obs_cost=1.0, prob=0.111
      g=2, i=2: T=2, n_wiz=3, Q_T=129.0, obs_cost=1.0, prob=0.111
      g=2, i=3: T=2, n_wiz=3, Q_T=129.0, obs_cost=1.0, prob=0.111
      g=3, i=1: T=2, n_wiz=3, Q_T=129.0, obs_cost=1.0, prob=0.111
      g=3, i=2: T=2, n_wiz=3, Q_T=129.0, obs_cost=1.0, prob=0.111
      g=3, i=3: T=2, n_wiz=3, Q_T=129.0, obs_cost=1.0, prob=0.111
    t=2: Q_observe_agent2=91.67, Q_observe_agent3=120.11, Q_not_observe=129.0
    wizard_candidates: 3
    agent2_count=2, agent3_count=0
    timestep_agent2=3, timestep_agent3=1
    === agent2 (actual) breakdown ===
      g=1, i=1: T=6, n_wiz=1, Q_T=95.0, obs_cost=3.0, prob=0.333
      g=1, i=2: T=6, n_wiz=1, Q_T=83.0, obs_cost=3.0, prob=0.333
      g=1, i=3: T=5, n_wiz=1, Q_T=89.0, obs_cost=2.0, prob=0.333
    === agent3 (naive) breakdown ===
      g=1, i=1: T=14, n_wiz=1, Q_T=95.0, obs_cost=13.0, prob=0.111
      g=1, i=2: T=9, n_wiz=1, Q_T=83.0, obs_cost=8.0, prob=0.111
      g=1, i=3: T=14, n_wiz=1, Q_T=89.0, obs_cost=13.0, prob=0.111
      g=2, i=1: T=2, n_wiz=3, Q_T=129.0, obs_cost=1.0, prob=0.111
      g=2, i=2: T=2, n_wiz=3, Q_T=129.0, obs_cost=1.0, prob=0.111
      g=2, i=3: T=2, n_wiz=3, Q_T=129.0, obs_cost=1.0, prob=0.111
      g=3, i=1: T=2, n_wiz=3, Q_T=129.0, obs_cost=1.0, prob=0.111
      g=3, i=2: T=2, n_wiz=3, Q_T=129.0, obs_cost=1.0, prob=0.111
      g=3, i=3: T=2, n_wiz=3, Q_T=129.0, obs_cost=1.0, prob=0.111
    t=3: Q_observe_agent2=90.67, Q_observe_agent3=120.11, Q_not_observe=129.0
    wizard_candidates: 3
    agent2_count=3, agent3_count=0
    timestep_agent2=4, timestep_agent3=1
    === agent2 (actual) breakdown ===
      g=1, i=1: T=6, n_wiz=1, Q_T=95.0, obs_cost=2.0, prob=0.333
      g=1, i=2: T=6, n_wiz=1, Q_T=83.0, obs_cost=2.0, prob=0.333
      g=1, i=3: T=5, n_wiz=1, Q_T=89.0, obs_cost=1.0, prob=0.333
    === agent3 (naive) breakdown ===
      g=1, i=1: T=14, n_wiz=1, Q_T=95.0, obs_cost=13.0, prob=0.111
      g=1, i=2: T=9, n_wiz=1, Q_T=83.0, obs_cost=8.0, prob=0.111
      g=1, i=3: T=14, n_wiz=1, Q_T=89.0, obs_cost=13.0, prob=0.111
      g=2, i=1: T=2, n_wiz=3, Q_T=129.0, obs_cost=1.0, prob=0.111
      g=2, i=2: T=2, n_wiz=3, Q_T=129.0, obs_cost=1.0, prob=0.111
      g=2, i=3: T=2, n_wiz=3, Q_T=129.0, obs_cost=1.0, prob=0.111
      g=3, i=1: T=2, n_wiz=3, Q_T=129.0, obs_cost=1.0, prob=0.111
      g=3, i=2: T=2, n_wiz=3, Q_T=129.0, obs_cost=1.0, prob=0.111
      g=3, i=3: T=2, n_wiz=3, Q_T=129.0, obs_cost=1.0, prob=0.111
    t=4: Q_observe_agent2=90.0, Q_observe_agent3=122.37, Q_not_observe=106.0
    wizard_candidates: 2
    agent2_count=4, agent3_count=0
    timestep_agent2=5, timestep_agent3=1
    === agent2 (actual) breakdown ===
      g=1, i=1: T=6, n_wiz=1, Q_T=95.0, obs_cost=1.0, prob=0.495
      g=1, i=2: T=6, n_wiz=1, Q_T=83.0, obs_cost=1.0, prob=0.495
    === agent3 (naive) breakdown ===
      g=1, i=1: T=14, n_wiz=1, Q_T=95.0, obs_cost=13.0, prob=0.111
      g=1, i=2: T=9, n_wiz=1, Q_T=83.0, obs_cost=8.0, prob=0.111
      g=2, i=1: T=2, n_wiz=3, Q_T=129.0, obs_cost=1.0, prob=0.111
      g=2, i=2: T=2, n_wiz=3, Q_T=129.0, obs_cost=1.0, prob=0.111
      g=2, i=3: T=2, n_wiz=3, Q_T=129.0, obs_cost=1.0, prob=0.111
      g=3, i=1: T=2, n_wiz=3, Q_T=129.0, obs_cost=1.0, prob=0.111
      g=3, i=2: T=2, n_wiz=3, Q_T=129.0, obs_cost=1.0, prob=0.111
      g=3, i=3: T=2, n_wiz=3, Q_T=129.0, obs_cost=1.0, prob=0.111
    t=5: Q_observe_agent2=96.0, Q_observe_agent3=126.86, Q_not_observe=95.0
    wizard_candidates: 1
    agent2_count=5, agent3_count=0
    timestep_agent2=6, timestep_agent3=1
    === agent2 (actual) breakdown ===
      g=1, i=1: T=6, n_wiz=1, Q_T=95.0, obs_cost=1.0, prob=0.982
    === agent3 (naive) breakdown ===
      g=1, i=1: T=14, n_wiz=1, Q_T=95.0, obs_cost=13.0, prob=0.111
      g=2, i=1: T=2, n_wiz=3, Q_T=129.0, obs_cost=1.0, prob=0.111
      g=2, i=2: T=2, n_wiz=3, Q_T=129.0, obs_cost=1.0, prob=0.111
      g=2, i=3: T=2, n_wiz=3, Q_T=129.0, obs_cost=1.0, prob=0.111
      g=3, i=1: T=2, n_wiz=3, Q_T=129.0, obs_cost=1.0, prob=0.111
      g=3, i=2: T=2, n_wiz=3, Q_T=129.0, obs_cost=1.0, prob=0.111
      g=3, i=3: T=2, n_wiz=3, Q_T=129.0, obs_cost=1.0, prob=0.111
    Scenario completed in 4.67s
    Cache stats: 1292 hits, 26 misses, 98.0% hit rate
Processing exp4:  22%|███████▋                          |  ETA: 0:04:45[K  Map completed in 8.39s

Processing map: sm361
Const[wizard1, wizard2, wizard3, wizard4]Const[wizard1, wizard2, wizard3, wizard4]  Scenario 1
    agent2 (X) -> gem2 (actual), agent3 (Y) -> gem3 (naive)
    Loading probability data: s_id_agent2=3, s_id_agent3=3
    agent2_gem=2, agent3_gem=3
    Loaded agent2 probs: goal_probs size=(3, 28), state_probs size=(3, 28)
    Loaded agent3 probs: goal_probs size=(3, 41), state_probs size=(3, 41)
    Planning for agent1...
    problem.goal = has(agent1, gem3)
    agent1 location = (9, 10)
    Agent1 plan computed, length=26
    agent3 initial goal_probs: [0.333, 0.333, 0.333]
    agent3 initial state_probs: [0.333, 0.333, 0.333]
    t=0: Q_observe_agent2=129.44, Q_observe_agent3=131.44, Q_not_observe=147.0
    wizard_candidates: 3
    agent2_count=0, agent3_count=0
    timestep_agent2=1, timestep_agent3=1
    === agent2 (actual) breakdown ===
      g=1, i=1: T=2, n_wiz=3, Q_T=147.0, obs_cost=1.0, prob=0.111
      g=1, i=2: T=2, n_wiz=3, Q_T=147.0, obs_cost=1.0, prob=0.111
      g=1, i=3: T=2, n_wiz=3, Q_T=147.0, obs_cost=1.0, prob=0.111
      g=2, i=1: T=2, n_wiz=3, Q_T=147.0, obs_cost=1.0, prob=0.111
      g=2, i=2: T=2, n_wiz=3, Q_T=147.0, obs_cost=1.0, prob=0.111
      g=2, i=3: T=2, n_wiz=3, Q_T=147.0, obs_cost=1.0, prob=0.111
      g=3, i=1: T=3, n_wiz=1, Q_T=113.0, obs_cost=2.0, prob=0.111
      g=3, i=2: T=5, n_wiz=1, Q_T=77.0, obs_cost=4.0, prob=0.111
      g=3, i=3: T=5, n_wiz=1, Q_T=77.0, obs_cost=4.0, prob=0.111
    === agent3 (naive) breakdown ===
      g=1, i=1: T=2, n_wiz=3, Q_T=147.0, obs_cost=1.0, prob=0.111
      g=1, i=2: T=2, n_wiz=3, Q_T=147.0, obs_cost=1.0, prob=0.111
      g=1, i=3: T=2, n_wiz=3, Q_T=147.0, obs_cost=1.0, prob=0.111
      g=2, i=1: T=2, n_wiz=3, Q_T=147.0, obs_cost=1.0, prob=0.111
      g=2, i=2: T=2, n_wiz=3, Q_T=147.0, obs_cost=1.0, prob=0.111
      g=2, i=3: T=2, n_wiz=3, Q_T=147.0, obs_cost=1.0, prob=0.111
      g=3, i=1: T=12, n_wiz=1, Q_T=113.0, obs_cost=11.0, prob=0.111
      g=3, i=2: T=7, n_wiz=1, Q_T=77.0, obs_cost=6.0, prob=0.111
      g=3, i=3: T=12, n_wiz=1, Q_T=77.0, obs_cost=11.0, prob=0.111
    t=1: Q_observe_agent2=148.0, Q_observe_agent3=131.44, Q_not_observe=147.0
    wizard_candidates: 3
    agent2_count=1, agent3_count=0
    timestep_agent2=2, timestep_agent3=1
    === agent2 (actual) breakdown ===
      g=1, i=1: T=2, n_wiz=3, Q_T=147.0, obs_cost=1.0, prob=0.165
      g=1, i=2: T=2, n_wiz=3, Q_T=147.0, obs_cost=1.0, prob=0.165
      g=1, i=3: T=2, n_wiz=3, Q_T=147.0, obs_cost=1.0, prob=0.165
      g=2, i=1: T=2, n_wiz=3, Q_T=147.0, obs_cost=1.0, prob=0.165
      g=2, i=2: T=2, n_wiz=3, Q_T=147.0, obs_cost=1.0, prob=0.165
      g=2, i=3: T=2, n_wiz=3, Q_T=147.0, obs_cost=1.0, prob=0.165
    === agent3 (naive) breakdown ===
      g=1, i=1: T=2, n_wiz=3, Q_T=147.0, obs_cost=1.0, prob=0.111
      g=1, i=2: T=2, n_wiz=3, Q_T=147.0, obs_cost=1.0, prob=0.111
      g=1, i=3: T=2, n_wiz=3, Q_T=147.0, obs_cost=1.0, prob=0.111
      g=2, i=1: T=2, n_wiz=3, Q_T=147.0, obs_cost=1.0, prob=0.111
      g=2, i=2: T=2, n_wiz=3, Q_T=147.0, obs_cost=1.0, prob=0.111
      g=2, i=3: T=2, n_wiz=3, Q_T=147.0, obs_cost=1.0, prob=0.111
      g=3, i=1: T=12, n_wiz=1, Q_T=113.0, obs_cost=11.0, prob=0.111
      g=3, i=2: T=7, n_wiz=1, Q_T=77.0, obs_cost=6.0, prob=0.111
      g=3, i=3: T=12, n_wiz=1, Q_T=77.0, obs_cost=11.0, prob=0.111
    t=2: Q_observe_agent2=148.0, Q_observe_agent3=108.13, Q_not_observe=147.0
    wizard_candidates: 3
    agent2_count=1, agent3_count=1
    timestep_agent2=2, timestep_agent3=2
    === agent2 (actual) breakdown ===
      g=1, i=1: T=2, n_wiz=3, Q_T=147.0, obs_cost=1.0, prob=0.165
      g=1, i=2: T=2, n_wiz=3, Q_T=147.0, obs_cost=1.0, prob=0.165
      g=1, i=3: T=2, n_wiz=3, Q_T=147.0, obs_cost=1.0, prob=0.165
      g=2, i=1: T=2, n_wiz=3, Q_T=147.0, obs_cost=1.0, prob=0.165
      g=2, i=2: T=2, n_wiz=3, Q_T=147.0, obs_cost=1.0, prob=0.165
      g=2, i=3: T=2, n_wiz=3, Q_T=147.0, obs_cost=1.0, prob=0.165
    === agent3 (naive) breakdown ===
      g=1, i=1: T=2, n_wiz=3, Q_T=147.0, obs_cost=1.0, prob=0.036
      g=1, i=2: T=2, n_wiz=3, Q_T=147.0, obs_cost=1.0, prob=0.036
      g=1, i=3: T=2, n_wiz=3, Q_T=147.0, obs_cost=1.0, prob=0.036
      g=2, i=1: T=2, n_wiz=3, Q_T=147.0, obs_cost=1.0, prob=0.036
      g=2, i=2: T=2, n_wiz=3, Q_T=147.0, obs_cost=1.0, prob=0.036
      g=2, i=3: T=2, n_wiz=3, Q_T=147.0, obs_cost=1.0, prob=0.036
      g=3, i=1: T=12, n_wiz=1, Q_T=113.0, obs_cost=10.0, prob=0.262
      g=3, i=2: T=7, n_wiz=1, Q_T=77.0, obs_cost=5.0, prob=0.262
      g=3, i=3: T=12, n_wiz=1, Q_T=77.0, obs_cost=10.0, prob=0.262
    t=3: Q_observe_agent2=148.0, Q_observe_agent3=96.33, Q_not_observe=147.0
    wizard_candidates: 3
    agent2_count=1, agent3_count=2
    timestep_agent2=2, timestep_agent3=3
    === agent2 (actual) breakdown ===
      g=1, i=1: T=2, n_wiz=3, Q_T=147.0, obs_cost=1.0, prob=0.165
      g=1, i=2: T=2, n_wiz=3, Q_T=147.0, obs_cost=1.0, prob=0.165
      g=1, i=3: T=2, n_wiz=3, Q_T=147.0, obs_cost=1.0, prob=0.165
      g=2, i=1: T=2, n_wiz=3, Q_T=147.0, obs_cost=1.0, prob=0.165
      g=2, i=2: T=2, n_wiz=3, Q_T=147.0, obs_cost=1.0, prob=0.165
      g=2, i=3: T=2, n_wiz=3, Q_T=147.0, obs_cost=1.0, prob=0.165
    === agent3 (naive) breakdown ===
      g=3, i=1: T=12, n_wiz=1, Q_T=113.0, obs_cost=9.0, prob=0.322
      g=3, i=2: T=7, n_wiz=1, Q_T=77.0, obs_cost=4.0, prob=0.322
      g=3, i=3: T=12, n_wiz=1, Q_T=77.0, obs_cost=9.0, prob=0.322
    t=4: Q_observe_agent2=148.0, Q_observe_agent3=95.33, Q_not_observe=147.0
    wizard_candidates: 3
    agent2_count=1, agent3_count=3
    timestep_agent2=2, timestep_agent3=4
    === agent2 (actual) breakdown ===
      g=1, i=1: T=2, n_wiz=3, Q_T=147.0, obs_cost=1.0, prob=0.165
      g=1, i=2: T=2, n_wiz=3, Q_T=147.0, obs_cost=1.0, prob=0.165
      g=1, i=3: T=2, n_wiz=3, Q_T=147.0, obs_cost=1.0, prob=0.165
      g=2, i=1: T=2, n_wiz=3, Q_T=147.0, obs_cost=1.0, prob=0.165
      g=2, i=2: T=2, n_wiz=3, Q_T=147.0, obs_cost=1.0, prob=0.165
      g=2, i=3: T=2, n_wiz=3, Q_T=147.0, obs_cost=1.0, prob=0.165
    === agent3 (naive) breakdown ===
      g=3, i=1: T=12, n_wiz=1, Q_T=113.0, obs_cost=8.0, prob=0.322
      g=3, i=2: T=7, n_wiz=1, Q_T=77.0, obs_cost=3.0, prob=0.322
      g=3, i=3: T=12, n_wiz=1, Q_T=77.0, obs_cost=8.0, prob=0.322
    t=5: Q_observe_agent2=148.0, Q_observe_agent3=94.33, Q_not_observe=147.0
    wizard_candidates: 3
    agent2_count=1, agent3_count=4
    timestep_agent2=2, timestep_agent3=5
    === agent2 (actual) breakdown ===
      g=1, i=1: T=2, n_wiz=3, Q_T=147.0, obs_cost=1.0, prob=0.165
      g=1, i=2: T=2, n_wiz=3, Q_T=147.0, obs_cost=1.0, prob=0.165
      g=1, i=3: T=2, n_wiz=3, Q_T=147.0, obs_cost=1.0, prob=0.165
      g=2, i=1: T=2, n_wiz=3, Q_T=147.0, obs_cost=1.0, prob=0.165
      g=2, i=2: T=2, n_wiz=3, Q_T=147.0, obs_cost=1.0, prob=0.165
      g=2, i=3: T=2, n_wiz=3, Q_T=147.0, obs_cost=1.0, prob=0.165
    === agent3 (naive) breakdown ===
      g=3, i=1: T=12, n_wiz=1, Q_T=113.0, obs_cost=7.0, prob=0.332
      g=3, i=2: T=7, n_wiz=1, Q_T=77.0, obs_cost=2.0, prob=0.332
      g=3, i=3: T=12, n_wiz=1, Q_T=77.0, obs_cost=7.0, prob=0.332
    t=6: Q_observe_agent2=148.0, Q_observe_agent3=101.0, Q_not_observe=130.0
    wizard_candidates: 2
    agent2_count=1, agent3_count=5
    timestep_agent2=2, timestep_agent3=6
    === agent2 (actual) breakdown ===
      g=1, i=1: T=2, n_wiz=3, Q_T=147.0, obs_cost=1.0, prob=0.165
      g=1, i=2: T=2, n_wiz=3, Q_T=147.0, obs_cost=1.0, prob=0.165
      g=1, i=3: T=2, n_wiz=3, Q_T=147.0, obs_cost=1.0, prob=0.165
      g=2, i=1: T=2, n_wiz=3, Q_T=147.0, obs_cost=1.0, prob=0.165
      g=2, i=2: T=2, n_wiz=3, Q_T=147.0, obs_cost=1.0, prob=0.165
      g=2, i=3: T=2, n_wiz=3, Q_T=147.0, obs_cost=1.0, prob=0.165
    === agent3 (naive) breakdown ===
      g=3, i=1: T=12, n_wiz=1, Q_T=113.0, obs_cost=6.0, prob=0.468
      g=3, i=3: T=12, n_wiz=1, Q_T=77.0, obs_cost=6.0, prob=0.468
    t=7: Q_observe_agent2=148.0, Q_observe_agent3=100.0, Q_not_observe=130.0
    wizard_candidates: 2
    agent2_count=1, agent3_count=6
    timestep_agent2=2, timestep_agent3=7
    === agent2 (actual) breakdown ===
      g=1, i=1: T=2, n_wiz=3, Q_T=147.0, obs_cost=1.0, prob=0.165
      g=1, i=2: T=2, n_wiz=3, Q_T=147.0, obs_cost=1.0, prob=0.165
      g=1, i=3: T=2, n_wiz=3, Q_T=147.0, obs_cost=1.0, prob=0.165
      g=2, i=1: T=2, n_wiz=3, Q_T=147.0, obs_cost=1.0, prob=0.165
      g=2, i=2: T=2, n_wiz=3, Q_T=147.0, obs_cost=1.0, prob=0.165
      g=2, i=3: T=2, n_wiz=3, Q_T=147.0, obs_cost=1.0, prob=0.165
    === agent3 (naive) breakdown ===
      g=3, i=1: T=12, n_wiz=1, Q_T=113.0, obs_cost=5.0, prob=0.495
      g=3, i=3: T=12, n_wiz=1, Q_T=77.0, obs_cost=5.0, prob=0.495
    t=8: Q_observe_agent2=148.0, Q_observe_agent3=99.0, Q_not_observe=130.0
    wizard_candidates: 2
    agent2_count=1, agent3_count=7
    timestep_agent2=2, timestep_agent3=8
    === agent2 (actual) breakdown ===
      g=1, i=1: T=2, n_wiz=3, Q_T=147.0, obs_cost=1.0, prob=0.165
      g=1, i=2: T=2, n_wiz=3, Q_T=147.0, obs_cost=1.0, prob=0.165
      g=1, i=3: T=2, n_wiz=3, Q_T=147.0, obs_cost=1.0, prob=0.165
      g=2, i=1: T=2, n_wiz=3, Q_T=147.0, obs_cost=1.0, prob=0.165
      g=2, i=2: T=2, n_wiz=3, Q_T=147.0, obs_cost=1.0, prob=0.165
      g=2, i=3: T=2, n_wiz=3, Q_T=147.0, obs_cost=1.0, prob=0.165
    === agent3 (naive) breakdown ===
      g=3, i=1: T=12, n_wiz=1, Q_T=113.0, obs_cost=4.0, prob=0.499
      g=3, i=3: T=12, n_wiz=1, Q_T=77.0, obs_cost=4.0, prob=0.499
    t=9: Q_observe_agent2=148.0, Q_observe_agent3=98.0, Q_not_observe=130.0
    wizard_candidates: 2
    agent2_count=1, agent3_count=8
    timestep_agent2=2, timestep_agent3=9
    === agent2 (actual) breakdown ===
      g=1, i=1: T=2, n_wiz=3, Q_T=147.0, obs_cost=1.0, prob=0.165
      g=1, i=2: T=2, n_wiz=3, Q_T=147.0, obs_cost=1.0, prob=0.165
      g=1, i=3: T=2, n_wiz=3, Q_T=147.0, obs_cost=1.0, prob=0.165
      g=2, i=1: T=2, n_wiz=3, Q_T=147.0, obs_cost=1.0, prob=0.165
      g=2, i=2: T=2, n_wiz=3, Q_T=147.0, obs_cost=1.0, prob=0.165
      g=2, i=3: T=2, n_wiz=3, Q_T=147.0, obs_cost=1.0, prob=0.165
    === agent3 (naive) breakdown ===
      g=3, i=1: T=12, n_wiz=1, Q_T=113.0, obs_cost=3.0, prob=0.499
      g=3, i=3: T=12, n_wiz=1, Q_T=77.0, obs_cost=3.0, prob=0.499
    t=10: Q_observe_agent2=148.0, Q_observe_agent3=97.0, Q_not_observe=130.0
    wizard_candidates: 2
    agent2_count=1, agent3_count=9
    timestep_agent2=2, timestep_agent3=10
    === agent2 (actual) breakdown ===
      g=1, i=1: T=2, n_wiz=3, Q_T=147.0, obs_cost=1.0, prob=0.165
      g=1, i=2: T=2, n_wiz=3, Q_T=147.0, obs_cost=1.0, prob=0.165
      g=1, i=3: T=2, n_wiz=3, Q_T=147.0, obs_cost=1.0, prob=0.165
      g=2, i=1: T=2, n_wiz=3, Q_T=147.0, obs_cost=1.0, prob=0.165
      g=2, i=2: T=2, n_wiz=3, Q_T=147.0, obs_cost=1.0, prob=0.165
      g=2, i=3: T=2, n_wiz=3, Q_T=147.0, obs_cost=1.0, prob=0.165
    === agent3 (naive) breakdown ===
      g=3, i=1: T=12, n_wiz=1, Q_T=113.0, obs_cost=2.0, prob=0.499
      g=3, i=3: T=12, n_wiz=1, Q_T=77.0, obs_cost=2.0, prob=0.499
    t=11: Q_observe_agent2=148.0, Q_observe_agent3=82.29, Q_not_observe=130.0
    wizard_candidates: 2
    agent2_count=1, agent3_count=10
    timestep_agent2=2, timestep_agent3=11
    === agent2 (actual) breakdown ===
      g=1, i=1: T=2, n_wiz=3, Q_T=147.0, obs_cost=1.0, prob=0.165
      g=1, i=2: T=2, n_wiz=3, Q_T=147.0, obs_cost=1.0, prob=0.165
      g=1, i=3: T=2, n_wiz=3, Q_T=147.0, obs_cost=1.0, prob=0.165
      g=2, i=1: T=2, n_wiz=3, Q_T=147.0, obs_cost=1.0, prob=0.165
      g=2, i=2: T=2, n_wiz=3, Q_T=147.0, obs_cost=1.0, prob=0.165
      g=2, i=3: T=2, n_wiz=3, Q_T=147.0, obs_cost=1.0, prob=0.165
    === agent3 (naive) breakdown ===
      g=3, i=1: T=12, n_wiz=1, Q_T=113.0, obs_cost=1.0, prob=0.119
      g=3, i=3: T=12, n_wiz=1, Q_T=77.0, obs_cost=1.0, prob=0.879
    t=12: Q_observe_agent2=148.0, Q_observe_agent3=78.0, Q_not_observe=77.0
    wizard_candidates: 1
    agent2_count=1, agent3_count=11
    timestep_agent2=2, timestep_agent3=12
    === agent2 (actual) breakdown ===
      g=1, i=1: T=2, n_wiz=3, Q_T=147.0, obs_cost=1.0, prob=0.165
      g=1, i=2: T=2, n_wiz=3, Q_T=147.0, obs_cost=1.0, prob=0.165
      g=1, i=3: T=2, n_wiz=3, Q_T=147.0, obs_cost=1.0, prob=0.165
      g=2, i=1: T=2, n_wiz=3, Q_T=147.0, obs_cost=1.0, prob=0.165
      g=2, i=2: T=2, n_wiz=3, Q_T=147.0, obs_cost=1.0, prob=0.165
      g=2, i=3: T=2, n_wiz=3, Q_T=147.0, obs_cost=1.0, prob=0.165
    === agent3 (naive) breakdown ===
      g=3, i=3: T=12, n_wiz=1, Q_T=77.0, obs_cost=1.0, prob=0.98
    Scenario completed in 4.65s
    Cache stats: 2777 hits, 26 misses, 99.1% hit rate
Processing exp4:  25%|████████▌                         |  ETA: 0:04:33[K  Map completed in 8.39s

Processing map: sm511
Const[wizard1, wizard2, wizard3, wizard4, wizard5, wizard6]Const[wizard1, wizard2, wizard3, wizard4, wizard5, wizard6]  Scenario 1
    agent2 (X) -> gem1 (actual), agent3 (Y) -> gem3 (naive)
    Loading probability data: s_id_agent2=4, s_id_agent3=4
    agent2_gem=1, agent3_gem=3
    Loaded agent2 probs: goal_probs size=(3, 37), state_probs size=(5, 37)
    Loaded agent3 probs: goal_probs size=(3, 46), state_probs size=(5, 46)
    Planning for agent1...
    problem.goal = has(agent1, gem2)
    agent1 location = (8, 10)
    Agent1 plan computed, length=41
    agent3 initial goal_probs: [0.333, 0.333, 0.333]
    agent3 initial state_probs: [0.2, 0.2, 0.2, 0.2, 0.2]
    t=0: Q_observe_agent2=138.6, Q_observe_agent3=143.47, Q_not_observe=190.0
    wizard_candidates: 5
    agent2_count=0, agent3_count=0
    timestep_agent2=1, timestep_agent3=1
    === agent2 (actual) breakdown ===
      g=1, i=1: T=2, n_wiz=5, Q_T=190.0, obs_cost=1.0, prob=0.067
      g=1, i=2: T=2, n_wiz=5, Q_T=190.0, obs_cost=1.0, prob=0.067
      g=1, i=3: T=2, n_wiz=5, Q_T=190.0, obs_cost=1.0, prob=0.067
      g=1, i=4: T=2, n_wiz=5, Q_T=190.0, obs_cost=1.0, prob=0.067
      g=1, i=5: T=2, n_wiz=5, Q_T=190.0, obs_cost=1.0, prob=0.067
      g=2, i=1: T=7, n_wiz=1, Q_T=86.0, obs_cost=6.0, prob=0.067
      g=2, i=2: T=8, n_wiz=1, Q_T=80.0, obs_cost=7.0, prob=0.067
      g=2, i=3: T=10, n_wiz=1, Q_T=98.0, obs_cost=9.0, prob=0.067
      g=2, i=4: T=14, n_wiz=1, Q_T=122.0, obs_cost=13.0, prob=0.067
      g=2, i=5: T=14, n_wiz=1, Q_T=128.0, obs_cost=13.0, prob=0.067
      g=3, i=1: T=7, n_wiz=1, Q_T=86.0, obs_cost=6.0, prob=0.067
      g=3, i=2: T=8, n_wiz=1, Q_T=80.0, obs_cost=7.0, prob=0.067
      g=3, i=3: T=10, n_wiz=1, Q_T=98.0, obs_cost=9.0, prob=0.067
      g=3, i=4: T=14, n_wiz=1, Q_T=122.0, obs_cost=13.0, prob=0.067
      g=3, i=5: T=14, n_wiz=1, Q_T=128.0, obs_cost=13.0, prob=0.067
    === agent3 (naive) breakdown ===
      g=1, i=1: T=3, n_wiz=5, Q_T=190.0, obs_cost=2.0, prob=0.067
      g=1, i=2: T=3, n_wiz=5, Q_T=190.0, obs_cost=2.0, prob=0.067
      g=1, i=3: T=3, n_wiz=5, Q_T=190.0, obs_cost=2.0, prob=0.067
      g=1, i=4: T=3, n_wiz=5, Q_T=190.0, obs_cost=2.0, prob=0.067
      g=1, i=5: T=3, n_wiz=5, Q_T=190.0, obs_cost=2.0, prob=0.067
      g=2, i=1: T=10, n_wiz=1, Q_T=86.0, obs_cost=9.0, prob=0.067
      g=2, i=2: T=12, n_wiz=1, Q_T=80.0, obs_cost=11.0, prob=0.067
      g=2, i=3: T=17, n_wiz=1, Q_T=98.0, obs_cost=16.0, prob=0.067
      g=2, i=4: T=24, n_wiz=1, Q_T=122.0, obs_cost=23.0, prob=0.067
      g=2, i=5: T=24, n_wiz=1, Q_T=128.0, obs_cost=23.0, prob=0.067
      g=3, i=1: T=10, n_wiz=1, Q_T=86.0, obs_cost=9.0, prob=0.067
      g=3, i=2: T=12, n_wiz=1, Q_T=80.0, obs_cost=11.0, prob=0.067
      g=3, i=3: T=17, n_wiz=1, Q_T=98.0, obs_cost=16.0, prob=0.067
      g=3, i=4: T=24, n_wiz=1, Q_T=122.0, obs_cost=23.0, prob=0.067
      g=3, i=5: T=24, n_wiz=1, Q_T=128.0, obs_cost=23.0, prob=0.067
    t=1: Q_observe_agent2=191.0, Q_observe_agent3=143.47, Q_not_observe=190.0
    wizard_candidates: 5
    agent2_count=1, agent3_count=0
    timestep_agent2=2, timestep_agent3=1
    === agent2 (actual) breakdown ===
      g=1, i=1: T=2, n_wiz=5, Q_T=190.0, obs_cost=1.0, prob=0.193
      g=1, i=2: T=2, n_wiz=5, Q_T=190.0, obs_cost=1.0, prob=0.193
      g=1, i=3: T=2, n_wiz=5, Q_T=190.0, obs_cost=1.0, prob=0.193
      g=1, i=4: T=2, n_wiz=5, Q_T=190.0, obs_cost=1.0, prob=0.193
      g=1, i=5: T=2, n_wiz=5, Q_T=190.0, obs_cost=1.0, prob=0.193
    === agent3 (naive) breakdown ===
      g=1, i=1: T=3, n_wiz=5, Q_T=190.0, obs_cost=2.0, prob=0.067
      g=1, i=2: T=3, n_wiz=5, Q_T=190.0, obs_cost=2.0, prob=0.067
      g=1, i=3: T=3, n_wiz=5, Q_T=190.0, obs_cost=2.0, prob=0.067
      g=1, i=4: T=3, n_wiz=5, Q_T=190.0, obs_cost=2.0, prob=0.067
      g=1, i=5: T=3, n_wiz=5, Q_T=190.0, obs_cost=2.0, prob=0.067
      g=2, i=1: T=10, n_wiz=1, Q_T=86.0, obs_cost=9.0, prob=0.067
      g=2, i=2: T=12, n_wiz=1, Q_T=80.0, obs_cost=11.0, prob=0.067
      g=2, i=3: T=17, n_wiz=1, Q_T=98.0, obs_cost=16.0, prob=0.067
      g=2, i=4: T=24, n_wiz=1, Q_T=122.0, obs_cost=23.0, prob=0.067
      g=2, i=5: T=24, n_wiz=1, Q_T=128.0, obs_cost=23.0, prob=0.067
      g=3, i=1: T=10, n_wiz=1, Q_T=86.0, obs_cost=9.0, prob=0.067
      g=3, i=2: T=12, n_wiz=1, Q_T=80.0, obs_cost=11.0, prob=0.067
      g=3, i=3: T=17, n_wiz=1, Q_T=98.0, obs_cost=16.0, prob=0.067
      g=3, i=4: T=24, n_wiz=1, Q_T=122.0, obs_cost=23.0, prob=0.067
      g=3, i=5: T=24, n_wiz=1, Q_T=128.0, obs_cost=23.0, prob=0.067
    t=2: Q_observe_agent2=191.0, Q_observe_agent3=118.2, Q_not_observe=190.0
    wizard_candidates: 5
    agent2_count=1, agent3_count=1
    timestep_agent2=2, timestep_agent3=2
    === agent2 (actual) breakdown ===
      g=1, i=1: T=2, n_wiz=5, Q_T=190.0, obs_cost=1.0, prob=0.193
      g=1, i=2: T=2, n_wiz=5, Q_T=190.0, obs_cost=1.0, prob=0.193
      g=1, i=3: T=2, n_wiz=5, Q_T=190.0, obs_cost=1.0, prob=0.193
      g=1, i=4: T=2, n_wiz=5, Q_T=190.0, obs_cost=1.0, prob=0.193
      g=1, i=5: T=2, n_wiz=5, Q_T=190.0, obs_cost=1.0, prob=0.193
    === agent3 (naive) breakdown ===
      g=2, i=1: T=10, n_wiz=1, Q_T=86.0, obs_cost=8.0, prob=0.094
      g=2, i=2: T=12, n_wiz=1, Q_T=80.0, obs_cost=10.0, prob=0.094
      g=2, i=3: T=17, n_wiz=1, Q_T=98.0, obs_cost=15.0, prob=0.094
      g=2, i=4: T=24, n_wiz=1, Q_T=122.0, obs_cost=22.0, prob=0.094
      g=2, i=5: T=24, n_wiz=1, Q_T=128.0, obs_cost=22.0, prob=0.094
      g=3, i=1: T=10, n_wiz=1, Q_T=86.0, obs_cost=8.0, prob=0.094
      g=3, i=2: T=12, n_wiz=1, Q_T=80.0, obs_cost=10.0, prob=0.094
      g=3, i=3: T=17, n_wiz=1, Q_T=98.0, obs_cost=15.0, prob=0.094
      g=3, i=4: T=24, n_wiz=1, Q_T=122.0, obs_cost=22.0, prob=0.094
      g=3, i=5: T=24, n_wiz=1, Q_T=128.0, obs_cost=22.0, prob=0.094
    t=3: Q_observe_agent2=191.0, Q_observe_agent3=117.2, Q_not_observe=190.0
    wizard_candidates: 5
    agent2_count=1, agent3_count=2
    timestep_agent2=2, timestep_agent3=3
    === agent2 (actual) breakdown ===
      g=1, i=1: T=2, n_wiz=5, Q_T=190.0, obs_cost=1.0, prob=0.193
      g=1, i=2: T=2, n_wiz=5, Q_T=190.0, obs_cost=1.0, prob=0.193
      g=1, i=3: T=2, n_wiz=5, Q_T=190.0, obs_cost=1.0, prob=0.193
      g=1, i=4: T=2, n_wiz=5, Q_T=190.0, obs_cost=1.0, prob=0.193
      g=1, i=5: T=2, n_wiz=5, Q_T=190.0, obs_cost=1.0, prob=0.193
    === agent3 (naive) breakdown ===
      g=2, i=1: T=10, n_wiz=1, Q_T=86.0, obs_cost=7.0, prob=0.094
      g=2, i=2: T=12, n_wiz=1, Q_T=80.0, obs_cost=9.0, prob=0.094
      g=2, i=3: T=17, n_wiz=1, Q_T=98.0, obs_cost=14.0, prob=0.094
      g=2, i=4: T=24, n_wiz=1, Q_T=122.0, obs_cost=21.0, prob=0.094
      g=2, i=5: T=24, n_wiz=1, Q_T=128.0, obs_cost=21.0, prob=0.094
      g=3, i=1: T=10, n_wiz=1, Q_T=86.0, obs_cost=7.0, prob=0.094
      g=3, i=2: T=12, n_wiz=1, Q_T=80.0, obs_cost=9.0, prob=0.094
      g=3, i=3: T=17, n_wiz=1, Q_T=98.0, obs_cost=14.0, prob=0.094
      g=3, i=4: T=24, n_wiz=1, Q_T=122.0, obs_cost=21.0, prob=0.094
      g=3, i=5: T=24, n_wiz=1, Q_T=128.0, obs_cost=21.0, prob=0.094
    t=4: Q_observe_agent2=191.0, Q_observe_agent3=116.2, Q_not_observe=190.0
    wizard_candidates: 5
    agent2_count=1, agent3_count=3
    timestep_agent2=2, timestep_agent3=4
    === agent2 (actual) breakdown ===
      g=1, i=1: T=2, n_wiz=5, Q_T=190.0, obs_cost=1.0, prob=0.193
      g=1, i=2: T=2, n_wiz=5, Q_T=190.0, obs_cost=1.0, prob=0.193
      g=1, i=3: T=2, n_wiz=5, Q_T=190.0, obs_cost=1.0, prob=0.193
      g=1, i=4: T=2, n_wiz=5, Q_T=190.0, obs_cost=1.0, prob=0.193
      g=1, i=5: T=2, n_wiz=5, Q_T=190.0, obs_cost=1.0, prob=0.193
    === agent3 (naive) breakdown ===
      g=2, i=1: T=10, n_wiz=1, Q_T=86.0, obs_cost=6.0, prob=0.094
      g=2, i=2: T=12, n_wiz=1, Q_T=80.0, obs_cost=8.0, prob=0.094
      g=2, i=3: T=17, n_wiz=1, Q_T=98.0, obs_cost=13.0, prob=0.094
      g=2, i=4: T=24, n_wiz=1, Q_T=122.0, obs_cost=20.0, prob=0.094
      g=2, i=5: T=24, n_wiz=1, Q_T=128.0, obs_cost=20.0, prob=0.094
      g=3, i=1: T=10, n_wiz=1, Q_T=86.0, obs_cost=6.0, prob=0.094
      g=3, i=2: T=12, n_wiz=1, Q_T=80.0, obs_cost=8.0, prob=0.094
      g=3, i=3: T=17, n_wiz=1, Q_T=98.0, obs_cost=13.0, prob=0.094
      g=3, i=4: T=24, n_wiz=1, Q_T=122.0, obs_cost=20.0, prob=0.094
      g=3, i=5: T=24, n_wiz=1, Q_T=128.0, obs_cost=20.0, prob=0.094
    t=5: Q_observe_agent2=191.0, Q_observe_agent3=115.2, Q_not_observe=190.0
    wizard_candidates: 5
    agent2_count=1, agent3_count=4
    timestep_agent2=2, timestep_agent3=5
    === agent2 (actual) breakdown ===
      g=1, i=1: T=2, n_wiz=5, Q_T=190.0, obs_cost=1.0, prob=0.193
      g=1, i=2: T=2, n_wiz=5, Q_T=190.0, obs_cost=1.0, prob=0.193
      g=1, i=3: T=2, n_wiz=5, Q_T=190.0, obs_cost=1.0, prob=0.193
      g=1, i=4: T=2, n_wiz=5, Q_T=190.0, obs_cost=1.0, prob=0.193
      g=1, i=5: T=2, n_wiz=5, Q_T=190.0, obs_cost=1.0, prob=0.193
    === agent3 (naive) breakdown ===
      g=2, i=1: T=10, n_wiz=1, Q_T=86.0, obs_cost=5.0, prob=0.094
      g=2, i=2: T=12, n_wiz=1, Q_T=80.0, obs_cost=7.0, prob=0.094
      g=2, i=3: T=17, n_wiz=1, Q_T=98.0, obs_cost=12.0, prob=0.094
      g=2, i=4: T=24, n_wiz=1, Q_T=122.0, obs_cost=19.0, prob=0.094
      g=2, i=5: T=24, n_wiz=1, Q_T=128.0, obs_cost=19.0, prob=0.094
      g=3, i=1: T=10, n_wiz=1, Q_T=86.0, obs_cost=5.0, prob=0.094
      g=3, i=2: T=12, n_wiz=1, Q_T=80.0, obs_cost=7.0, prob=0.094
      g=3, i=3: T=17, n_wiz=1, Q_T=98.0, obs_cost=12.0, prob=0.094
      g=3, i=4: T=24, n_wiz=1, Q_T=122.0, obs_cost=19.0, prob=0.094
      g=3, i=5: T=24, n_wiz=1, Q_T=128.0, obs_cost=19.0, prob=0.094
    t=6: Q_observe_agent2=191.0, Q_observe_agent3=120.25, Q_not_observe=161.0
    wizard_candidates: 4
    agent2_count=1, agent3_count=5
    timestep_agent2=2, timestep_agent3=6
    === agent2 (actual) breakdown ===
      g=1, i=1: T=2, n_wiz=5, Q_T=190.0, obs_cost=1.0, prob=0.193
      g=1, i=2: T=2, n_wiz=5, Q_T=190.0, obs_cost=1.0, prob=0.193
      g=1, i=3: T=2, n_wiz=5, Q_T=190.0, obs_cost=1.0, prob=0.193
      g=1, i=4: T=2, n_wiz=5, Q_T=190.0, obs_cost=1.0, prob=0.193
      g=1, i=5: T=2, n_wiz=5, Q_T=190.0, obs_cost=1.0, prob=0.193
    === agent3 (naive) breakdown ===
      g=2, i=2: T=12, n_wiz=1, Q_T=80.0, obs_cost=6.0, prob=0.119
      g=2, i=3: T=17, n_wiz=1, Q_T=98.0, obs_cost=11.0, prob=0.119
      g=2, i=4: T=24, n_wiz=1, Q_T=122.0, obs_cost=18.0, prob=0.119
      g=2, i=5: T=24, n_wiz=1, Q_T=128.0, obs_cost=18.0, prob=0.119
      g=3, i=2: T=12, n_wiz=1, Q_T=80.0, obs_cost=6.0, prob=0.119
      g=3, i=3: T=17, n_wiz=1, Q_T=98.0, obs_cost=11.0, prob=0.119
      g=3, i=4: T=24, n_wiz=1, Q_T=122.0, obs_cost=18.0, prob=0.119
      g=3, i=5: T=24, n_wiz=1, Q_T=128.0, obs_cost=18.0, prob=0.119
    t=7: Q_observe_agent2=191.0, Q_observe_agent3=119.25, Q_not_observe=161.0
    wizard_candidates: 4
    agent2_count=1, agent3_count=6
    timestep_agent2=2, timestep_agent3=7
    === agent2 (actual) breakdown ===
      g=1, i=1: T=2, n_wiz=5, Q_T=190.0, obs_cost=1.0, prob=0.193
      g=1, i=2: T=2, n_wiz=5, Q_T=190.0, obs_cost=1.0, prob=0.193
      g=1, i=3: T=2, n_wiz=5, Q_T=190.0, obs_cost=1.0, prob=0.193
      g=1, i=4: T=2, n_wiz=5, Q_T=190.0, obs_cost=1.0, prob=0.193
      g=1, i=5: T=2, n_wiz=5, Q_T=190.0, obs_cost=1.0, prob=0.193
    === agent3 (naive) breakdown ===
      g=2, i=2: T=12, n_wiz=1, Q_T=80.0, obs_cost=5.0, prob=0.124
      g=2, i=3: T=17, n_wiz=1, Q_T=98.0, obs_cost=10.0, prob=0.124
      g=2, i=4: T=24, n_wiz=1, Q_T=122.0, obs_cost=17.0, prob=0.124
      g=2, i=5: T=24, n_wiz=1, Q_T=128.0, obs_cost=17.0, prob=0.124
      g=3, i=2: T=12, n_wiz=1, Q_T=80.0, obs_cost=5.0, prob=0.124
      g=3, i=3: T=17, n_wiz=1, Q_T=98.0, obs_cost=10.0, prob=0.124
      g=3, i=4: T=24, n_wiz=1, Q_T=122.0, obs_cost=17.0, prob=0.124
      g=3, i=5: T=24, n_wiz=1, Q_T=128.0, obs_cost=17.0, prob=0.124
    t=8: Q_observe_agent2=191.0, Q_observe_agent3=118.25, Q_not_observe=161.0
    wizard_candidates: 4
    agent2_count=1, agent3_count=7
    timestep_agent2=2, timestep_agent3=8
    === agent2 (actual) breakdown ===
      g=1, i=1: T=2, n_wiz=5, Q_T=190.0, obs_cost=1.0, prob=0.193
      g=1, i=2: T=2, n_wiz=5, Q_T=190.0, obs_cost=1.0, prob=0.193
      g=1, i=3: T=2, n_wiz=5, Q_T=190.0, obs_cost=1.0, prob=0.193
      g=1, i=4: T=2, n_wiz=5, Q_T=190.0, obs_cost=1.0, prob=0.193
      g=1, i=5: T=2, n_wiz=5, Q_T=190.0, obs_cost=1.0, prob=0.193
    === agent3 (naive) breakdown ===
      g=2, i=2: T=12, n_wiz=1, Q_T=80.0, obs_cost=4.0, prob=0.125
      g=2, i=3: T=17, n_wiz=1, Q_T=98.0, obs_cost=9.0, prob=0.125
      g=2, i=4: T=24, n_wiz=1, Q_T=122.0, obs_cost=16.0, prob=0.125
      g=2, i=5: T=24, n_wiz=1, Q_T=128.0, obs_cost=16.0, prob=0.125
      g=3, i=2: T=12, n_wiz=1, Q_T=80.0, obs_cost=4.0, prob=0.125
      g=3, i=3: T=17, n_wiz=1, Q_T=98.0, obs_cost=9.0, prob=0.125
      g=3, i=4: T=24, n_wiz=1, Q_T=122.0, obs_cost=16.0, prob=0.125
      g=3, i=5: T=24, n_wiz=1, Q_T=128.0, obs_cost=16.0, prob=0.125
    t=9: Q_observe_agent2=191.0, Q_observe_agent3=117.25, Q_not_observe=161.0
    wizard_candidates: 4
    agent2_count=1, agent3_count=8
    timestep_agent2=2, timestep_agent3=9
    === agent2 (actual) breakdown ===
      g=1, i=1: T=2, n_wiz=5, Q_T=190.0, obs_cost=1.0, prob=0.193
      g=1, i=2: T=2, n_wiz=5, Q_T=190.0, obs_cost=1.0, prob=0.193
      g=1, i=3: T=2, n_wiz=5, Q_T=190.0, obs_cost=1.0, prob=0.193
      g=1, i=4: T=2, n_wiz=5, Q_T=190.0, obs_cost=1.0, prob=0.193
      g=1, i=5: T=2, n_wiz=5, Q_T=190.0, obs_cost=1.0, prob=0.193
    === agent3 (naive) breakdown ===
      g=2, i=2: T=12, n_wiz=1, Q_T=80.0, obs_cost=3.0, prob=0.125
      g=2, i=3: T=17, n_wiz=1, Q_T=98.0, obs_cost=8.0, prob=0.125
      g=2, i=4: T=24, n_wiz=1, Q_T=122.0, obs_cost=15.0, prob=0.125
      g=2, i=5: T=24, n_wiz=1, Q_T=128.0, obs_cost=15.0, prob=0.125
      g=3, i=2: T=12, n_wiz=1, Q_T=80.0, obs_cost=3.0, prob=0.125
      g=3, i=3: T=17, n_wiz=1, Q_T=98.0, obs_cost=8.0, prob=0.125
      g=3, i=4: T=24, n_wiz=1, Q_T=122.0, obs_cost=15.0, prob=0.125
      g=3, i=5: T=24, n_wiz=1, Q_T=128.0, obs_cost=15.0, prob=0.125
    t=10: Q_observe_agent2=191.0, Q_observe_agent3=127.67, Q_not_observe=150.0
    wizard_candidates: 3
    agent2_count=1, agent3_count=9
    timestep_agent2=2, timestep_agent3=10
    === agent2 (actual) breakdown ===
      g=1, i=1: T=2, n_wiz=5, Q_T=190.0, obs_cost=1.0, prob=0.193
      g=1, i=2: T=2, n_wiz=5, Q_T=190.0, obs_cost=1.0, prob=0.193
      g=1, i=3: T=2, n_wiz=5, Q_T=190.0, obs_cost=1.0, prob=0.193
      g=1, i=4: T=2, n_wiz=5, Q_T=190.0, obs_cost=1.0, prob=0.193
      g=1, i=5: T=2, n_wiz=5, Q_T=190.0, obs_cost=1.0, prob=0.193
    === agent3 (naive) breakdown ===
      g=2, i=3: T=17, n_wiz=1, Q_T=98.0, obs_cost=7.0, prob=0.159
      g=2, i=4: T=24, n_wiz=1, Q_T=122.0, obs_cost=14.0, prob=0.159
      g=2, i=5: T=24, n_wiz=1, Q_T=128.0, obs_cost=14.0, prob=0.159
      g=3, i=3: T=17, n_wiz=1, Q_T=98.0, obs_cost=7.0, prob=0.159
      g=3, i=4: T=24, n_wiz=1, Q_T=122.0, obs_cost=14.0, prob=0.159
      g=3, i=5: T=24, n_wiz=1, Q_T=128.0, obs_cost=14.0, prob=0.159
    t=11: Q_observe_agent2=191.0, Q_observe_agent3=126.67, Q_not_observe=150.0
    wizard_candidates: 3
    agent2_count=1, agent3_count=10
    timestep_agent2=2, timestep_agent3=11
    === agent2 (actual) breakdown ===
      g=1, i=1: T=2, n_wiz=5, Q_T=190.0, obs_cost=1.0, prob=0.193
      g=1, i=2: T=2, n_wiz=5, Q_T=190.0, obs_cost=1.0, prob=0.193
      g=1, i=3: T=2, n_wiz=5, Q_T=190.0, obs_cost=1.0, prob=0.193
      g=1, i=4: T=2, n_wiz=5, Q_T=190.0, obs_cost=1.0, prob=0.193
      g=1, i=5: T=2, n_wiz=5, Q_T=190.0, obs_cost=1.0, prob=0.193
    === agent3 (naive) breakdown ===
      g=2, i=3: T=17, n_wiz=1, Q_T=98.0, obs_cost=6.0, prob=0.166
      g=2, i=4: T=24, n_wiz=1, Q_T=122.0, obs_cost=13.0, prob=0.166
      g=2, i=5: T=24, n_wiz=1, Q_T=128.0, obs_cost=13.0, prob=0.166
      g=3, i=3: T=17, n_wiz=1, Q_T=98.0, obs_cost=6.0, prob=0.166
      g=3, i=4: T=24, n_wiz=1, Q_T=122.0, obs_cost=13.0, prob=0.166
      g=3, i=5: T=24, n_wiz=1, Q_T=128.0, obs_cost=13.0, prob=0.166
    t=12: Q_observe_agent2=191.0, Q_observe_agent3=125.67, Q_not_observe=150.0
    wizard_candidates: 3
    agent2_count=1, agent3_count=11
    timestep_agent2=2, timestep_agent3=12
    === agent2 (actual) breakdown ===
      g=1, i=1: T=2, n_wiz=5, Q_T=190.0, obs_cost=1.0, prob=0.193
      g=1, i=2: T=2, n_wiz=5, Q_T=190.0, obs_cost=1.0, prob=0.193
      g=1, i=3: T=2, n_wiz=5, Q_T=190.0, obs_cost=1.0, prob=0.193
      g=1, i=4: T=2, n_wiz=5, Q_T=190.0, obs_cost=1.0, prob=0.193
      g=1, i=5: T=2, n_wiz=5, Q_T=190.0, obs_cost=1.0, prob=0.193
    === agent3 (naive) breakdown ===
      g=2, i=3: T=17, n_wiz=1, Q_T=98.0, obs_cost=5.0, prob=0.167
      g=2, i=4: T=24, n_wiz=1, Q_T=122.0, obs_cost=12.0, prob=0.167
      g=2, i=5: T=24, n_wiz=1, Q_T=128.0, obs_cost=12.0, prob=0.167
      g=3, i=3: T=17, n_wiz=1, Q_T=98.0, obs_cost=5.0, prob=0.167
      g=3, i=4: T=24, n_wiz=1, Q_T=122.0, obs_cost=12.0, prob=0.167
      g=3, i=5: T=24, n_wiz=1, Q_T=128.0, obs_cost=12.0, prob=0.167
    t=13: Q_observe_agent2=191.0, Q_observe_agent3=124.67, Q_not_observe=150.0
    wizard_candidates: 3
    agent2_count=1, agent3_count=12
    timestep_agent2=2, timestep_agent3=13
    === agent2 (actual) breakdown ===
      g=1, i=1: T=2, n_wiz=5, Q_T=190.0, obs_cost=1.0, prob=0.193
      g=1, i=2: T=2, n_wiz=5, Q_T=190.0, obs_cost=1.0, prob=0.193
      g=1, i=3: T=2, n_wiz=5, Q_T=190.0, obs_cost=1.0, prob=0.193
      g=1, i=4: T=2, n_wiz=5, Q_T=190.0, obs_cost=1.0, prob=0.193
      g=1, i=5: T=2, n_wiz=5, Q_T=190.0, obs_cost=1.0, prob=0.193
    === agent3 (naive) breakdown ===
      g=2, i=3: T=17, n_wiz=1, Q_T=98.0, obs_cost=4.0, prob=0.167
      g=2, i=4: T=24, n_wiz=1, Q_T=122.0, obs_cost=11.0, prob=0.167
      g=2, i=5: T=24, n_wiz=1, Q_T=128.0, obs_cost=11.0, prob=0.167
      g=3, i=3: T=17, n_wiz=1, Q_T=98.0, obs_cost=4.0, prob=0.167
      g=3, i=4: T=24, n_wiz=1, Q_T=122.0, obs_cost=11.0, prob=0.167
      g=3, i=5: T=24, n_wiz=1, Q_T=128.0, obs_cost=11.0, prob=0.167
    t=14: Q_observe_agent2=191.0, Q_observe_agent3=123.67, Q_not_observe=150.0
    wizard_candidates: 3
    agent2_count=1, agent3_count=13
    timestep_agent2=2, timestep_agent3=14
    === agent2 (actual) breakdown ===
      g=1, i=1: T=2, n_wiz=5, Q_T=190.0, obs_cost=1.0, prob=0.193
      g=1, i=2: T=2, n_wiz=5, Q_T=190.0, obs_cost=1.0, prob=0.193
      g=1, i=3: T=2, n_wiz=5, Q_T=190.0, obs_cost=1.0, prob=0.193
      g=1, i=4: T=2, n_wiz=5, Q_T=190.0, obs_cost=1.0, prob=0.193
      g=1, i=5: T=2, n_wiz=5, Q_T=190.0, obs_cost=1.0, prob=0.193
    === agent3 (naive) breakdown ===
      g=2, i=3: T=17, n_wiz=1, Q_T=98.0, obs_cost=3.0, prob=0.167
      g=2, i=4: T=24, n_wiz=1, Q_T=122.0, obs_cost=10.0, prob=0.167
      g=2, i=5: T=24, n_wiz=1, Q_T=128.0, obs_cost=10.0, prob=0.167
      g=3, i=3: T=17, n_wiz=1, Q_T=98.0, obs_cost=3.0, prob=0.167
      g=3, i=4: T=24, n_wiz=1, Q_T=122.0, obs_cost=10.0, prob=0.167
      g=3, i=5: T=24, n_wiz=1, Q_T=128.0, obs_cost=10.0, prob=0.167
    t=15: Q_observe_agent2=191.0, Q_observe_agent3=122.67, Q_not_observe=150.0
    wizard_candidates: 3
    agent2_count=1, agent3_count=14
    timestep_agent2=2, timestep_agent3=15
    === agent2 (actual) breakdown ===
      g=1, i=1: T=2, n_wiz=5, Q_T=190.0, obs_cost=1.0, prob=0.193
      g=1, i=2: T=2, n_wiz=5, Q_T=190.0, obs_cost=1.0, prob=0.193
      g=1, i=3: T=2, n_wiz=5, Q_T=190.0, obs_cost=1.0, prob=0.193
      g=1, i=4: T=2, n_wiz=5, Q_T=190.0, obs_cost=1.0, prob=0.193
      g=1, i=5: T=2, n_wiz=5, Q_T=190.0, obs_cost=1.0, prob=0.193
    === agent3 (naive) breakdown ===
      g=2, i=3: T=17, n_wiz=1, Q_T=98.0, obs_cost=2.0, prob=0.167
      g=2, i=4: T=24, n_wiz=1, Q_T=122.0, obs_cost=9.0, prob=0.167
      g=2, i=5: T=24, n_wiz=1, Q_T=128.0, obs_cost=9.0, prob=0.167
      g=3, i=3: T=17, n_wiz=1, Q_T=98.0, obs_cost=2.0, prob=0.167
      g=3, i=4: T=24, n_wiz=1, Q_T=122.0, obs_cost=9.0, prob=0.167
      g=3, i=5: T=24, n_wiz=1, Q_T=128.0, obs_cost=9.0, prob=0.167
    t=16: Q_observe_agent2=191.0, Q_observe_agent3=133.0, Q_not_observe=139.0
    wizard_candidates: 2
    agent2_count=1, agent3_count=15
    timestep_agent2=2, timestep_agent3=16
    === agent2 (actual) breakdown ===
      g=1, i=1: T=2, n_wiz=5, Q_T=190.0, obs_cost=1.0, prob=0.193
      g=1, i=2: T=2, n_wiz=5, Q_T=190.0, obs_cost=1.0, prob=0.193
      g=1, i=3: T=2, n_wiz=5, Q_T=190.0, obs_cost=1.0, prob=0.193
      g=1, i=4: T=2, n_wiz=5, Q_T=190.0, obs_cost=1.0, prob=0.193
      g=1, i=5: T=2, n_wiz=5, Q_T=190.0, obs_cost=1.0, prob=0.193
    === agent3 (naive) breakdown ===
      g=2, i=4: T=24, n_wiz=1, Q_T=122.0, obs_cost=8.0, prob=0.234
      g=2, i=5: T=24, n_wiz=1, Q_T=128.0, obs_cost=8.0, prob=0.234
      g=3, i=4: T=24, n_wiz=1, Q_T=122.0, obs_cost=8.0, prob=0.234
      g=3, i=5: T=24, n_wiz=1, Q_T=128.0, obs_cost=8.0, prob=0.234
    t=17: Q_observe_agent2=191.0, Q_observe_agent3=132.0, Q_not_observe=139.0
    wizard_candidates: 2
    agent2_count=1, agent3_count=16
    timestep_agent2=2, timestep_agent3=17
    === agent2 (actual) breakdown ===
      g=1, i=1: T=2, n_wiz=5, Q_T=190.0, obs_cost=1.0, prob=0.193
      g=1, i=2: T=2, n_wiz=5, Q_T=190.0, obs_cost=1.0, prob=0.193
      g=1, i=3: T=2, n_wiz=5, Q_T=190.0, obs_cost=1.0, prob=0.193
      g=1, i=4: T=2, n_wiz=5, Q_T=190.0, obs_cost=1.0, prob=0.193
      g=1, i=5: T=2, n_wiz=5, Q_T=190.0, obs_cost=1.0, prob=0.193
    === agent3 (naive) breakdown ===
      g=2, i=4: T=24, n_wiz=1, Q_T=122.0, obs_cost=7.0, prob=0.248
      g=2, i=5: T=24, n_wiz=1, Q_T=128.0, obs_cost=7.0, prob=0.248
      g=3, i=4: T=24, n_wiz=1, Q_T=122.0, obs_cost=7.0, prob=0.248
      g=3, i=5: T=24, n_wiz=1, Q_T=128.0, obs_cost=7.0, prob=0.248
    t=18: Q_observe_agent2=191.0, Q_observe_agent3=131.0, Q_not_observe=139.0
    wizard_candidates: 2
    agent2_count=1, agent3_count=17
    timestep_agent2=2, timestep_agent3=18
    === agent2 (actual) breakdown ===
      g=1, i=1: T=2, n_wiz=5, Q_T=190.0, obs_cost=1.0, prob=0.193
      g=1, i=2: T=2, n_wiz=5, Q_T=190.0, obs_cost=1.0, prob=0.193
      g=1, i=3: T=2, n_wiz=5, Q_T=190.0, obs_cost=1.0, prob=0.193
      g=1, i=4: T=2, n_wiz=5, Q_T=190.0, obs_cost=1.0, prob=0.193
      g=1, i=5: T=2, n_wiz=5, Q_T=190.0, obs_cost=1.0, prob=0.193
    === agent3 (naive) breakdown ===
      g=2, i=4: T=24, n_wiz=1, Q_T=122.0, obs_cost=6.0, prob=0.25
      g=2, i=5: T=24, n_wiz=1, Q_T=128.0, obs_cost=6.0, prob=0.25
      g=3, i=4: T=24, n_wiz=1, Q_T=122.0, obs_cost=6.0, prob=0.25
      g=3, i=5: T=24, n_wiz=1, Q_T=128.0, obs_cost=6.0, prob=0.25
    t=19: Q_observe_agent2=191.0, Q_observe_agent3=130.0, Q_not_observe=139.0
    wizard_candidates: 2
    agent2_count=1, agent3_count=18
    timestep_agent2=2, timestep_agent3=19
    === agent2 (actual) breakdown ===
      g=1, i=1: T=2, n_wiz=5, Q_T=190.0, obs_cost=1.0, prob=0.193
      g=1, i=2: T=2, n_wiz=5, Q_T=190.0, obs_cost=1.0, prob=0.193
      g=1, i=3: T=2, n_wiz=5, Q_T=190.0, obs_cost=1.0, prob=0.193
      g=1, i=4: T=2, n_wiz=5, Q_T=190.0, obs_cost=1.0, prob=0.193
      g=1, i=5: T=2, n_wiz=5, Q_T=190.0, obs_cost=1.0, prob=0.193
    === agent3 (naive) breakdown ===
      g=2, i=4: T=24, n_wiz=1, Q_T=122.0, obs_cost=5.0, prob=0.25
      g=2, i=5: T=24, n_wiz=1, Q_T=128.0, obs_cost=5.0, prob=0.25
      g=3, i=4: T=24, n_wiz=1, Q_T=122.0, obs_cost=5.0, prob=0.25
      g=3, i=5: T=24, n_wiz=1, Q_T=128.0, obs_cost=5.0, prob=0.25
    t=20: Q_observe_agent2=191.0, Q_observe_agent3=129.0, Q_not_observe=139.0
    wizard_candidates: 2
    agent2_count=1, agent3_count=19
    timestep_agent2=2, timestep_agent3=20
    === agent2 (actual) breakdown ===
      g=1, i=1: T=2, n_wiz=5, Q_T=190.0, obs_cost=1.0, prob=0.193
      g=1, i=2: T=2, n_wiz=5, Q_T=190.0, obs_cost=1.0, prob=0.193
      g=1, i=3: T=2, n_wiz=5, Q_T=190.0, obs_cost=1.0, prob=0.193
      g=1, i=4: T=2, n_wiz=5, Q_T=190.0, obs_cost=1.0, prob=0.193
      g=1, i=5: T=2, n_wiz=5, Q_T=190.0, obs_cost=1.0, prob=0.193
    === agent3 (naive) breakdown ===
      g=2, i=4: T=24, n_wiz=1, Q_T=122.0, obs_cost=4.0, prob=0.25
      g=2, i=5: T=24, n_wiz=1, Q_T=128.0, obs_cost=4.0, prob=0.25
      g=3, i=4: T=24, n_wiz=1, Q_T=122.0, obs_cost=4.0, prob=0.25
      g=3, i=5: T=24, n_wiz=1, Q_T=128.0, obs_cost=4.0, prob=0.25
    t=21: Q_observe_agent2=191.0, Q_observe_agent3=128.0, Q_not_observe=139.0
    wizard_candidates: 2
    agent2_count=1, agent3_count=20
    timestep_agent2=2, timestep_agent3=21
    === agent2 (actual) breakdown ===
      g=1, i=1: T=2, n_wiz=5, Q_T=190.0, obs_cost=1.0, prob=0.193
      g=1, i=2: T=2, n_wiz=5, Q_T=190.0, obs_cost=1.0, prob=0.193
      g=1, i=3: T=2, n_wiz=5, Q_T=190.0, obs_cost=1.0, prob=0.193
      g=1, i=4: T=2, n_wiz=5, Q_T=190.0, obs_cost=1.0, prob=0.193
      g=1, i=5: T=2, n_wiz=5, Q_T=190.0, obs_cost=1.0, prob=0.193
    === agent3 (naive) breakdown ===
      g=2, i=4: T=24, n_wiz=1, Q_T=122.0, obs_cost=3.0, prob=0.25
      g=2, i=5: T=24, n_wiz=1, Q_T=128.0, obs_cost=3.0, prob=0.25
      g=3, i=4: T=24, n_wiz=1, Q_T=122.0, obs_cost=3.0, prob=0.25
      g=3, i=5: T=24, n_wiz=1, Q_T=128.0, obs_cost=3.0, prob=0.25
    t=22: Q_observe_agent2=191.0, Q_observe_agent3=127.0, Q_not_observe=139.0
    wizard_candidates: 2
    agent2_count=1, agent3_count=21
    timestep_agent2=2, timestep_agent3=22
    === agent2 (actual) breakdown ===
      g=1, i=1: T=2, n_wiz=5, Q_T=190.0, obs_cost=1.0, prob=0.193
      g=1, i=2: T=2, n_wiz=5, Q_T=190.0, obs_cost=1.0, prob=0.193
      g=1, i=3: T=2, n_wiz=5, Q_T=190.0, obs_cost=1.0, prob=0.193
      g=1, i=4: T=2, n_wiz=5, Q_T=190.0, obs_cost=1.0, prob=0.193
      g=1, i=5: T=2, n_wiz=5, Q_T=190.0, obs_cost=1.0, prob=0.193
    === agent3 (naive) breakdown ===
      g=2, i=4: T=24, n_wiz=1, Q_T=122.0, obs_cost=2.0, prob=0.25
      g=2, i=5: T=24, n_wiz=1, Q_T=128.0, obs_cost=2.0, prob=0.25
      g=3, i=4: T=24, n_wiz=1, Q_T=122.0, obs_cost=2.0, prob=0.25
      g=3, i=5: T=24, n_wiz=1, Q_T=128.0, obs_cost=2.0, prob=0.25
    t=23: Q_observe_agent2=191.0, Q_observe_agent3=123.72, Q_not_observe=139.0
    wizard_candidates: 2
    agent2_count=1, agent3_count=22
    timestep_agent2=2, timestep_agent3=23
    === agent2 (actual) breakdown ===
      g=1, i=1: T=2, n_wiz=5, Q_T=190.0, obs_cost=1.0, prob=0.193
      g=1, i=2: T=2, n_wiz=5, Q_T=190.0, obs_cost=1.0, prob=0.193
      g=1, i=3: T=2, n_wiz=5, Q_T=190.0, obs_cost=1.0, prob=0.193
      g=1, i=4: T=2, n_wiz=5, Q_T=190.0, obs_cost=1.0, prob=0.193
      g=1, i=5: T=2, n_wiz=5, Q_T=190.0, obs_cost=1.0, prob=0.193
    === agent3 (naive) breakdown ===
      g=2, i=4: T=24, n_wiz=1, Q_T=122.0, obs_cost=1.0, prob=0.44
      g=2, i=5: T=24, n_wiz=1, Q_T=128.0, obs_cost=1.0, prob=0.06
      g=3, i=4: T=24, n_wiz=1, Q_T=122.0, obs_cost=1.0, prob=0.44
      g=3, i=5: T=24, n_wiz=1, Q_T=128.0, obs_cost=1.0, prob=0.06
    t=24: Q_observe_agent2=191.0, Q_observe_agent3=123.0, Q_not_observe=122.0
    wizard_candidates: 1
    agent2_count=1, agent3_count=23
    timestep_agent2=2, timestep_agent3=24
    === agent2 (actual) breakdown ===
      g=1, i=1: T=2, n_wiz=5, Q_T=190.0, obs_cost=1.0, prob=0.193
      g=1, i=2: T=2, n_wiz=5, Q_T=190.0, obs_cost=1.0, prob=0.193
      g=1, i=3: T=2, n_wiz=5, Q_T=190.0, obs_cost=1.0, prob=0.193
      g=1, i=4: T=2, n_wiz=5, Q_T=190.0, obs_cost=1.0, prob=0.193
      g=1, i=5: T=2, n_wiz=5, Q_T=190.0, obs_cost=1.0, prob=0.193
    === agent3 (naive) breakdown ===
      g=2, i=4: T=24, n_wiz=1, Q_T=122.0, obs_cost=1.0, prob=0.491
      g=3, i=4: T=24, n_wiz=1, Q_T=122.0, obs_cost=1.0, prob=0.491
    Scenario completed in 8.47s
    Cache stats: 9819 hits, 65 misses, 99.3% hit rate
Processing exp4:  28%|█████████▍                        |  ETA: 0:04:32[K  Map completed in 12.32s

Processing map: sm211
Const[wizard1, wizard2, wizard3]Const[wizard1, wizard2, wizard3]  Scenario 1
    agent2 (X) -> gem1 (actual), agent3 (Y) -> gem3 (naive)
    Loading probability data: s_id_agent2=2, s_id_agent3=2
    agent2_gem=1, agent3_gem=3
    Loaded agent2 probs: goal_probs size=(3, 43), state_probs size=(2, 43)
    Loaded agent3 probs: goal_probs size=(3, 35), state_probs size=(2, 35)
    Planning for agent1...
    problem.goal = has(agent1, gem2)
    agent1 location = (9, 10)
    Agent1 plan computed, length=42
    agent3 initial goal_probs: [0.333, 0.333, 0.333]
    agent3 initial state_probs: [0.5, 0.5]
    t=0: Q_observe_agent2=129.67, Q_observe_agent3=127.33, Q_not_observe=148.0
    wizard_candidates: 2
    agent2_count=0, agent3_count=0
    timestep_agent2=1, timestep_agent3=1
    === agent2 (actual) breakdown ===
      g=1, i=1: T=2, n_wiz=2, Q_T=148.0, obs_cost=1.0, prob=0.167
      g=1, i=2: T=2, n_wiz=2, Q_T=148.0, obs_cost=1.0, prob=0.167
      g=2, i=1: T=14, n_wiz=1, Q_T=89.0, obs_cost=13.0, prob=0.167
      g=2, i=2: T=14, n_wiz=1, Q_T=125.0, obs_cost=13.0, prob=0.167
      g=3, i=1: T=14, n_wiz=1, Q_T=89.0, obs_cost=13.0, prob=0.167
      g=3, i=2: T=14, n_wiz=1, Q_T=125.0, obs_cost=13.0, prob=0.167
    === agent3 (naive) breakdown ===
      g=1, i=1: T=3, n_wiz=2, Q_T=148.0, obs_cost=2.0, prob=0.167
      g=1, i=2: T=3, n_wiz=2, Q_T=148.0, obs_cost=2.0, prob=0.167
      g=2, i=1: T=12, n_wiz=1, Q_T=89.0, obs_cost=11.0, prob=0.167
      g=2, i=2: T=7, n_wiz=1, Q_T=125.0, obs_cost=6.0, prob=0.167
      g=3, i=1: T=14, n_wiz=1, Q_T=89.0, obs_cost=13.0, prob=0.167
      g=3, i=2: T=7, n_wiz=1, Q_T=125.0, obs_cost=6.0, prob=0.167
    t=1: Q_observe_agent2=129.67, Q_observe_agent3=115.0, Q_not_observe=148.0
    wizard_candidates: 2
    agent2_count=0, agent3_count=1
    timestep_agent2=1, timestep_agent3=2
    === agent2 (actual) breakdown ===
      g=1, i=1: T=2, n_wiz=2, Q_T=148.0, obs_cost=1.0, prob=0.167
      g=1, i=2: T=2, n_wiz=2, Q_T=148.0, obs_cost=1.0, prob=0.167
      g=2, i=1: T=14, n_wiz=1, Q_T=89.0, obs_cost=13.0, prob=0.167
      g=2, i=2: T=14, n_wiz=1, Q_T=125.0, obs_cost=13.0, prob=0.167
      g=3, i=1: T=14, n_wiz=1, Q_T=89.0, obs_cost=13.0, prob=0.167
      g=3, i=2: T=14, n_wiz=1, Q_T=125.0, obs_cost=13.0, prob=0.167
    === agent3 (naive) breakdown ===
      g=2, i=1: T=12, n_wiz=1, Q_T=89.0, obs_cost=10.0, prob=0.234
      g=2, i=2: T=7, n_wiz=1, Q_T=125.0, obs_cost=5.0, prob=0.234
      g=3, i=1: T=14, n_wiz=1, Q_T=89.0, obs_cost=12.0, prob=0.234
      g=3, i=2: T=7, n_wiz=1, Q_T=125.0, obs_cost=5.0, prob=0.234
    t=2: Q_observe_agent2=129.67, Q_observe_agent3=114.0, Q_not_observe=148.0
    wizard_candidates: 2
    agent2_count=0, agent3_count=2
    timestep_agent2=1, timestep_agent3=3
    === agent2 (actual) breakdown ===
      g=1, i=1: T=2, n_wiz=2, Q_T=148.0, obs_cost=1.0, prob=0.167
      g=1, i=2: T=2, n_wiz=2, Q_T=148.0, obs_cost=1.0, prob=0.167
      g=2, i=1: T=14, n_wiz=1, Q_T=89.0, obs_cost=13.0, prob=0.167
      g=2, i=2: T=14, n_wiz=1, Q_T=125.0, obs_cost=13.0, prob=0.167
      g=3, i=1: T=14, n_wiz=1, Q_T=89.0, obs_cost=13.0, prob=0.167
      g=3, i=2: T=14, n_wiz=1, Q_T=125.0, obs_cost=13.0, prob=0.167
    === agent3 (naive) breakdown ===
      g=2, i=1: T=12, n_wiz=1, Q_T=89.0, obs_cost=9.0, prob=0.234
      g=2, i=2: T=7, n_wiz=1, Q_T=125.0, obs_cost=4.0, prob=0.234
      g=3, i=1: T=14, n_wiz=1, Q_T=89.0, obs_cost=11.0, prob=0.234
      g=3, i=2: T=7, n_wiz=1, Q_T=125.0, obs_cost=4.0, prob=0.234
    t=3: Q_observe_agent2=129.67, Q_observe_agent3=113.0, Q_not_observe=148.0
    wizard_candidates: 2
    agent2_count=0, agent3_count=3
    timestep_agent2=1, timestep_agent3=4
    === agent2 (actual) breakdown ===
      g=1, i=1: T=2, n_wiz=2, Q_T=148.0, obs_cost=1.0, prob=0.167
      g=1, i=2: T=2, n_wiz=2, Q_T=148.0, obs_cost=1.0, prob=0.167
      g=2, i=1: T=14, n_wiz=1, Q_T=89.0, obs_cost=13.0, prob=0.167
      g=2, i=2: T=14, n_wiz=1, Q_T=125.0, obs_cost=13.0, prob=0.167
      g=3, i=1: T=14, n_wiz=1, Q_T=89.0, obs_cost=13.0, prob=0.167
      g=3, i=2: T=14, n_wiz=1, Q_T=125.0, obs_cost=13.0, prob=0.167
    === agent3 (naive) breakdown ===
      g=2, i=1: T=12, n_wiz=1, Q_T=89.0, obs_cost=8.0, prob=0.234
      g=2, i=2: T=7, n_wiz=1, Q_T=125.0, obs_cost=3.0, prob=0.234
      g=3, i=1: T=14, n_wiz=1, Q_T=89.0, obs_cost=10.0, prob=0.234
      g=3, i=2: T=7, n_wiz=1, Q_T=125.0, obs_cost=3.0, prob=0.234
    t=4: Q_observe_agent2=129.67, Q_observe_agent3=112.0, Q_not_observe=148.0
    wizard_candidates: 2
    agent2_count=0, agent3_count=4
    timestep_agent2=1, timestep_agent3=5
    === agent2 (actual) breakdown ===
      g=1, i=1: T=2, n_wiz=2, Q_T=148.0, obs_cost=1.0, prob=0.167
      g=1, i=2: T=2, n_wiz=2, Q_T=148.0, obs_cost=1.0, prob=0.167
      g=2, i=1: T=14, n_wiz=1, Q_T=89.0, obs_cost=13.0, prob=0.167
      g=2, i=2: T=14, n_wiz=1, Q_T=125.0, obs_cost=13.0, prob=0.167
      g=3, i=1: T=14, n_wiz=1, Q_T=89.0, obs_cost=13.0, prob=0.167
      g=3, i=2: T=14, n_wiz=1, Q_T=125.0, obs_cost=13.0, prob=0.167
    === agent3 (naive) breakdown ===
      g=2, i=1: T=12, n_wiz=1, Q_T=89.0, obs_cost=7.0, prob=0.234
      g=2, i=2: T=7, n_wiz=1, Q_T=125.0, obs_cost=2.0, prob=0.234
      g=3, i=1: T=14, n_wiz=1, Q_T=89.0, obs_cost=9.0, prob=0.234
      g=3, i=2: T=7, n_wiz=1, Q_T=125.0, obs_cost=2.0, prob=0.234
    t=5: Q_observe_agent2=129.67, Q_observe_agent3=122.24, Q_not_observe=148.0
    wizard_candidates: 2
    agent2_count=0, agent3_count=5
    timestep_agent2=1, timestep_agent3=6
    === agent2 (actual) breakdown ===
      g=1, i=1: T=2, n_wiz=2, Q_T=148.0, obs_cost=1.0, prob=0.167
      g=1, i=2: T=2, n_wiz=2, Q_T=148.0, obs_cost=1.0, prob=0.167
      g=2, i=1: T=14, n_wiz=1, Q_T=89.0, obs_cost=13.0, prob=0.167
      g=2, i=2: T=14, n_wiz=1, Q_T=125.0, obs_cost=13.0, prob=0.167
      g=3, i=1: T=14, n_wiz=1, Q_T=89.0, obs_cost=13.0, prob=0.167
      g=3, i=2: T=14, n_wiz=1, Q_T=125.0, obs_cost=13.0, prob=0.167
    === agent3 (naive) breakdown ===
      g=2, i=1: T=12, n_wiz=1, Q_T=89.0, obs_cost=6.0, prob=0.062
      g=2, i=2: T=7, n_wiz=1, Q_T=125.0, obs_cost=1.0, prob=0.43
      g=3, i=1: T=14, n_wiz=1, Q_T=89.0, obs_cost=8.0, prob=0.062
      g=3, i=2: T=7, n_wiz=1, Q_T=125.0, obs_cost=1.0, prob=0.43
    t=6: Q_observe_agent2=143.5, Q_observe_agent3=126.0, Q_not_observe=125.0
    wizard_candidates: 1
    agent2_count=0, agent3_count=6
    timestep_agent2=1, timestep_agent3=7
    === agent2 (actual) breakdown ===
      g=1, i=1: T=2, n_wiz=2, Q_T=148.0, obs_cost=1.0, prob=0.167
      g=1, i=2: T=2, n_wiz=2, Q_T=148.0, obs_cost=1.0, prob=0.167
      g=2, i=2: T=14, n_wiz=1, Q_T=125.0, obs_cost=13.0, prob=0.167
      g=3, i=2: T=14, n_wiz=1, Q_T=125.0, obs_cost=13.0, prob=0.167
    === agent3 (naive) breakdown ===
      g=2, i=2: T=7, n_wiz=1, Q_T=125.0, obs_cost=1.0, prob=0.489
      g=3, i=2: T=7, n_wiz=1, Q_T=125.0, obs_cost=1.0, prob=0.489
    Scenario completed in 3.18s
    Cache stats: 537 hits, 14 misses, 97.5% hit rate
Processing exp4:  30%|██████████▎                       |  ETA: 0:04:18[K  Map completed in 7.03s

Processing map: sm431
Const[wizard1, wizard2, wizard3, wizard4]Const[wizard1, wizard2, wizard3, wizard4]  Scenario 1
    agent2 (X) -> gem1 (actual), agent3 (Y) -> gem2 (naive)
    Loading probability data: s_id_agent2=3, s_id_agent3=3
    agent2_gem=1, agent3_gem=2
    Loaded agent2 probs: goal_probs size=(3, 32), state_probs size=(3, 32)
    Loaded agent3 probs: goal_probs size=(3, 35), state_probs size=(3, 35)
    Planning for agent1...
    problem.goal = has(agent1, gem2)
    agent1 location = (6, 10)
    Agent1 plan computed, length=37
    agent3 initial goal_probs: [0.333, 0.333, 0.333]
    agent3 initial state_probs: [0.333, 0.333, 0.333]
    t=0: Q_observe_agent2=113.22, Q_observe_agent3=115.78, Q_not_observe=132.0
    wizard_candidates: 3
    agent2_count=0, agent3_count=0
    timestep_agent2=1, timestep_agent3=1
    === agent2 (actual) breakdown ===
      g=1, i=1: T=5, n_wiz=1, Q_T=86.0, obs_cost=4.0, prob=0.111
      g=1, i=2: T=7, n_wiz=1, Q_T=98.0, obs_cost=6.0, prob=0.111
      g=1, i=3: T=7, n_wiz=1, Q_T=110.0, obs_cost=6.0, prob=0.111
      g=2, i=1: T=5, n_wiz=1, Q_T=86.0, obs_cost=4.0, prob=0.111
      g=2, i=2: T=7, n_wiz=1, Q_T=98.0, obs_cost=6.0, prob=0.111
      g=2, i=3: T=7, n_wiz=1, Q_T=110.0, obs_cost=6.0, prob=0.111
      g=3, i=1: T=2, n_wiz=3, Q_T=132.0, obs_cost=1.0, prob=0.111
      g=3, i=2: T=2, n_wiz=3, Q_T=132.0, obs_cost=1.0, prob=0.111
      g=3, i=3: T=2, n_wiz=3, Q_T=132.0, obs_cost=1.0, prob=0.111
    === agent3 (naive) breakdown ===
      g=1, i=1: T=7, n_wiz=1, Q_T=86.0, obs_cost=6.0, prob=0.111
      g=1, i=2: T=11, n_wiz=1, Q_T=98.0, obs_cost=10.0, prob=0.111
      g=1, i=3: T=11, n_wiz=1, Q_T=110.0, obs_cost=10.0, prob=0.111
      g=2, i=1: T=7, n_wiz=1, Q_T=86.0, obs_cost=6.0, prob=0.111
      g=2, i=2: T=11, n_wiz=1, Q_T=98.0, obs_cost=10.0, prob=0.111
      g=2, i=3: T=11, n_wiz=1, Q_T=110.0, obs_cost=10.0, prob=0.111
      g=3, i=1: T=3, n_wiz=3, Q_T=132.0, obs_cost=2.0, prob=0.111
      g=3, i=2: T=3, n_wiz=3, Q_T=132.0, obs_cost=2.0, prob=0.111
      g=3, i=3: T=3, n_wiz=3, Q_T=132.0, obs_cost=2.0, prob=0.111
    t=1: Q_observe_agent2=102.33, Q_observe_agent3=115.78, Q_not_observe=132.0
    wizard_candidates: 3
    agent2_count=1, agent3_count=0
    timestep_agent2=2, timestep_agent3=1
    === agent2 (actual) breakdown ===
      g=1, i=1: T=5, n_wiz=1, Q_T=86.0, obs_cost=3.0, prob=0.165
      g=1, i=2: T=7, n_wiz=1, Q_T=98.0, obs_cost=5.0, prob=0.165
      g=1, i=3: T=7, n_wiz=1, Q_T=110.0, obs_cost=5.0, prob=0.165
      g=2, i=1: T=5, n_wiz=1, Q_T=86.0, obs_cost=3.0, prob=0.165
      g=2, i=2: T=7, n_wiz=1, Q_T=98.0, obs_cost=5.0, prob=0.165
      g=2, i=3: T=7, n_wiz=1, Q_T=110.0, obs_cost=5.0, prob=0.165
    === agent3 (naive) breakdown ===
      g=1, i=1: T=7, n_wiz=1, Q_T=86.0, obs_cost=6.0, prob=0.111
      g=1, i=2: T=11, n_wiz=1, Q_T=98.0, obs_cost=10.0, prob=0.111
      g=1, i=3: T=11, n_wiz=1, Q_T=110.0, obs_cost=10.0, prob=0.111
      g=2, i=1: T=7, n_wiz=1, Q_T=86.0, obs_cost=6.0, prob=0.111
      g=2, i=2: T=11, n_wiz=1, Q_T=98.0, obs_cost=10.0, prob=0.111
      g=2, i=3: T=11, n_wiz=1, Q_T=110.0, obs_cost=10.0, prob=0.111
      g=3, i=1: T=3, n_wiz=3, Q_T=132.0, obs_cost=2.0, prob=0.111
      g=3, i=2: T=3, n_wiz=3, Q_T=132.0, obs_cost=2.0, prob=0.111
      g=3, i=3: T=3, n_wiz=3, Q_T=132.0, obs_cost=2.0, prob=0.111
    t=2: Q_observe_agent2=101.33, Q_observe_agent3=115.78, Q_not_observe=132.0
    wizard_candidates: 3
    agent2_count=2, agent3_count=0
    timestep_agent2=3, timestep_agent3=1
    === agent2 (actual) breakdown ===
      g=1, i=1: T=5, n_wiz=1, Q_T=86.0, obs_cost=2.0, prob=0.167
      g=1, i=2: T=7, n_wiz=1, Q_T=98.0, obs_cost=4.0, prob=0.167
      g=1, i=3: T=7, n_wiz=1, Q_T=110.0, obs_cost=4.0, prob=0.167
      g=2, i=1: T=5, n_wiz=1, Q_T=86.0, obs_cost=2.0, prob=0.167
      g=2, i=2: T=7, n_wiz=1, Q_T=98.0, obs_cost=4.0, prob=0.167
      g=2, i=3: T=7, n_wiz=1, Q_T=110.0, obs_cost=4.0, prob=0.167
    === agent3 (naive) breakdown ===
      g=1, i=1: T=7, n_wiz=1, Q_T=86.0, obs_cost=6.0, prob=0.111
      g=1, i=2: T=11, n_wiz=1, Q_T=98.0, obs_cost=10.0, prob=0.111
      g=1, i=3: T=11, n_wiz=1, Q_T=110.0, obs_cost=10.0, prob=0.111
      g=2, i=1: T=7, n_wiz=1, Q_T=86.0, obs_cost=6.0, prob=0.111
      g=2, i=2: T=11, n_wiz=1, Q_T=98.0, obs_cost=10.0, prob=0.111
      g=2, i=3: T=11, n_wiz=1, Q_T=110.0, obs_cost=10.0, prob=0.111
      g=3, i=1: T=3, n_wiz=3, Q_T=132.0, obs_cost=2.0, prob=0.111
      g=3, i=2: T=3, n_wiz=3, Q_T=132.0, obs_cost=2.0, prob=0.111
      g=3, i=3: T=3, n_wiz=3, Q_T=132.0, obs_cost=2.0, prob=0.111
    t=3: Q_observe_agent2=100.33, Q_observe_agent3=115.78, Q_not_observe=132.0
    wizard_candidates: 3
    agent2_count=3, agent3_count=0
    timestep_agent2=4, timestep_agent3=1
    === agent2 (actual) breakdown ===
      g=1, i=1: T=5, n_wiz=1, Q_T=86.0, obs_cost=1.0, prob=0.167
      g=1, i=2: T=7, n_wiz=1, Q_T=98.0, obs_cost=3.0, prob=0.167
      g=1, i=3: T=7, n_wiz=1, Q_T=110.0, obs_cost=3.0, prob=0.167
      g=2, i=1: T=5, n_wiz=1, Q_T=86.0, obs_cost=1.0, prob=0.167
      g=2, i=2: T=7, n_wiz=1, Q_T=98.0, obs_cost=3.0, prob=0.167
      g=2, i=3: T=7, n_wiz=1, Q_T=110.0, obs_cost=3.0, prob=0.167
    === agent3 (naive) breakdown ===
      g=1, i=1: T=7, n_wiz=1, Q_T=86.0, obs_cost=6.0, prob=0.111
      g=1, i=2: T=11, n_wiz=1, Q_T=98.0, obs_cost=10.0, prob=0.111
      g=1, i=3: T=11, n_wiz=1, Q_T=110.0, obs_cost=10.0, prob=0.111
      g=2, i=1: T=7, n_wiz=1, Q_T=86.0, obs_cost=6.0, prob=0.111
      g=2, i=2: T=11, n_wiz=1, Q_T=98.0, obs_cost=10.0, prob=0.111
      g=2, i=3: T=11, n_wiz=1, Q_T=110.0, obs_cost=10.0, prob=0.111
      g=3, i=1: T=3, n_wiz=3, Q_T=132.0, obs_cost=2.0, prob=0.111
      g=3, i=2: T=3, n_wiz=3, Q_T=132.0, obs_cost=2.0, prob=0.111
      g=3, i=3: T=3, n_wiz=3, Q_T=132.0, obs_cost=2.0, prob=0.111
    t=4: Q_observe_agent2=106.0, Q_observe_agent3=122.57, Q_not_observe=121.0
    wizard_candidates: 2
    agent2_count=4, agent3_count=0
    timestep_agent2=5, timestep_agent3=1
    === agent2 (actual) breakdown ===
      g=1, i=2: T=7, n_wiz=1, Q_T=98.0, obs_cost=2.0, prob=0.248
      g=1, i=3: T=7, n_wiz=1, Q_T=110.0, obs_cost=2.0, prob=0.248
      g=2, i=2: T=7, n_wiz=1, Q_T=98.0, obs_cost=2.0, prob=0.248
      g=2, i=3: T=7, n_wiz=1, Q_T=110.0, obs_cost=2.0, prob=0.248
    === agent3 (naive) breakdown ===
      g=1, i=2: T=11, n_wiz=1, Q_T=98.0, obs_cost=10.0, prob=0.111
      g=1, i=3: T=11, n_wiz=1, Q_T=110.0, obs_cost=10.0, prob=0.111
      g=2, i=2: T=11, n_wiz=1, Q_T=98.0, obs_cost=10.0, prob=0.111
      g=2, i=3: T=11, n_wiz=1, Q_T=110.0, obs_cost=10.0, prob=0.111
      g=3, i=1: T=3, n_wiz=3, Q_T=132.0, obs_cost=2.0, prob=0.111
      g=3, i=2: T=3, n_wiz=3, Q_T=132.0, obs_cost=2.0, prob=0.111
      g=3, i=3: T=3, n_wiz=3, Q_T=132.0, obs_cost=2.0, prob=0.111
    t=5: Q_observe_agent2=105.0, Q_observe_agent3=122.57, Q_not_observe=121.0
    wizard_candidates: 2
    agent2_count=5, agent3_count=0
    timestep_agent2=6, timestep_agent3=1
    === agent2 (actual) breakdown ===
      g=1, i=2: T=7, n_wiz=1, Q_T=98.0, obs_cost=1.0, prob=0.25
      g=1, i=3: T=7, n_wiz=1, Q_T=110.0, obs_cost=1.0, prob=0.25
      g=2, i=2: T=7, n_wiz=1, Q_T=98.0, obs_cost=1.0, prob=0.25
      g=2, i=3: T=7, n_wiz=1, Q_T=110.0, obs_cost=1.0, prob=0.25
    === agent3 (naive) breakdown ===
      g=1, i=2: T=11, n_wiz=1, Q_T=98.0, obs_cost=10.0, prob=0.111
      g=1, i=3: T=11, n_wiz=1, Q_T=110.0, obs_cost=10.0, prob=0.111
      g=2, i=2: T=11, n_wiz=1, Q_T=98.0, obs_cost=10.0, prob=0.111
      g=2, i=3: T=11, n_wiz=1, Q_T=110.0, obs_cost=10.0, prob=0.111
      g=3, i=1: T=3, n_wiz=3, Q_T=132.0, obs_cost=2.0, prob=0.111
      g=3, i=2: T=3, n_wiz=3, Q_T=132.0, obs_cost=2.0, prob=0.111
      g=3, i=3: T=3, n_wiz=3, Q_T=132.0, obs_cost=2.0, prob=0.111
    t=6: Q_observe_agent2=111.0, Q_observe_agent3=128.4, Q_not_observe=110.0
    wizard_candidates: 1
    agent2_count=6, agent3_count=0
    timestep_agent2=7, timestep_agent3=1
    === agent2 (actual) breakdown ===
      g=1, i=3: T=7, n_wiz=1, Q_T=110.0, obs_cost=1.0, prob=0.491
      g=2, i=3: T=7, n_wiz=1, Q_T=110.0, obs_cost=1.0, prob=0.491
    === agent3 (naive) breakdown ===
      g=1, i=3: T=11, n_wiz=1, Q_T=110.0, obs_cost=10.0, prob=0.111
      g=2, i=3: T=11, n_wiz=1, Q_T=110.0, obs_cost=10.0, prob=0.111
      g=3, i=1: T=3, n_wiz=3, Q_T=132.0, obs_cost=2.0, prob=0.111
      g=3, i=2: T=3, n_wiz=3, Q_T=132.0, obs_cost=2.0, prob=0.111
      g=3, i=3: T=3, n_wiz=3, Q_T=132.0, obs_cost=2.0, prob=0.111
    Scenario completed in 4.27s
    Cache stats: 1047 hits, 24 misses, 97.8% hit rate
Processing exp4:  32%|███████████                       |  ETA: 0:04:06[K  Map completed in 8.03s

Processing map: sm341
Const[wizard1, wizard2, wizard3, wizard4]Const[wizard1, wizard2, wizard3, wizard4]  Scenario 1
    agent2 (X) -> gem1 (actual), agent3 (Y) -> gem2 (naive)
    Loading probability data: s_id_agent2=3, s_id_agent3=3
    agent2_gem=1, agent3_gem=2
    Loaded agent2 probs: goal_probs size=(3, 27), state_probs size=(3, 27)
    Loaded agent3 probs: goal_probs size=(3, 32), state_probs size=(3, 32)
    Planning for agent1...
    problem.goal = has(agent1, gem2)
    agent1 location = (1, 9)
    Agent1 plan computed, length=28
    agent3 initial goal_probs: [0.333, 0.333, 0.333]
    agent3 initial state_probs: [0.333, 0.333, 0.333]
    t=0: Q_observe_agent2=111.78, Q_observe_agent3=113.0, Q_not_observe=123.0
    wizard_candidates: 3
    agent2_count=0, agent3_count=0
    timestep_agent2=1, timestep_agent3=1
    === agent2 (actual) breakdown ===
      g=1, i=1: T=2, n_wiz=3, Q_T=123.0, obs_cost=1.0, prob=0.111
      g=1, i=2: T=2, n_wiz=3, Q_T=123.0, obs_cost=1.0, prob=0.111
      g=1, i=3: T=2, n_wiz=3, Q_T=123.0, obs_cost=1.0, prob=0.111
      g=2, i=1: T=4, n_wiz=1, Q_T=83.0, obs_cost=3.0, prob=0.111
      g=2, i=2: T=9, n_wiz=1, Q_T=77.0, obs_cost=8.0, prob=0.111
      g=2, i=3: T=9, n_wiz=1, Q_T=83.0, obs_cost=8.0, prob=0.111
      g=3, i=1: T=2, n_wiz=3, Q_T=123.0, obs_cost=1.0, prob=0.111
      g=3, i=2: T=2, n_wiz=3, Q_T=123.0, obs_cost=1.0, prob=0.111
      g=3, i=3: T=2, n_wiz=3, Q_T=123.0, obs_cost=1.0, prob=0.111
    === agent3 (naive) breakdown ===
      g=1, i=1: T=2, n_wiz=3, Q_T=123.0, obs_cost=1.0, prob=0.111
      g=1, i=2: T=2, n_wiz=3, Q_T=123.0, obs_cost=1.0, prob=0.111
      g=1, i=3: T=2, n_wiz=3, Q_T=123.0, obs_cost=1.0, prob=0.111
      g=2, i=1: T=13, n_wiz=1, Q_T=83.0, obs_cost=12.0, prob=0.111
      g=2, i=2: T=7, n_wiz=1, Q_T=77.0, obs_cost=6.0, prob=0.111
      g=2, i=3: T=13, n_wiz=1, Q_T=83.0, obs_cost=12.0, prob=0.111
      g=3, i=1: T=2, n_wiz=3, Q_T=123.0, obs_cost=1.0, prob=0.111
      g=3, i=2: T=2, n_wiz=3, Q_T=123.0, obs_cost=1.0, prob=0.111
      g=3, i=3: T=2, n_wiz=3, Q_T=123.0, obs_cost=1.0, prob=0.111
    t=1: Q_observe_agent2=124.0, Q_observe_agent3=113.0, Q_not_observe=123.0
    wizard_candidates: 3
    agent2_count=1, agent3_count=0
    timestep_agent2=2, timestep_agent3=1
    === agent2 (actual) breakdown ===
      g=1, i=1: T=2, n_wiz=3, Q_T=123.0, obs_cost=1.0, prob=0.322
      g=1, i=2: T=2, n_wiz=3, Q_T=123.0, obs_cost=1.0, prob=0.322
      g=1, i=3: T=2, n_wiz=3, Q_T=123.0, obs_cost=1.0, prob=0.322
    === agent3 (naive) breakdown ===
      g=1, i=1: T=2, n_wiz=3, Q_T=123.0, obs_cost=1.0, prob=0.111
      g=1, i=2: T=2, n_wiz=3, Q_T=123.0, obs_cost=1.0, prob=0.111
      g=1, i=3: T=2, n_wiz=3, Q_T=123.0, obs_cost=1.0, prob=0.111
      g=2, i=1: T=13, n_wiz=1, Q_T=83.0, obs_cost=12.0, prob=0.111
      g=2, i=2: T=7, n_wiz=1, Q_T=77.0, obs_cost=6.0, prob=0.111
      g=2, i=3: T=13, n_wiz=1, Q_T=83.0, obs_cost=12.0, prob=0.111
      g=3, i=1: T=2, n_wiz=3, Q_T=123.0, obs_cost=1.0, prob=0.111
      g=3, i=2: T=2, n_wiz=3, Q_T=123.0, obs_cost=1.0, prob=0.111
      g=3, i=3: T=2, n_wiz=3, Q_T=123.0, obs_cost=1.0, prob=0.111
    t=2: Q_observe_agent2=124.0, Q_observe_agent3=97.24, Q_not_observe=123.0
    wizard_candidates: 3
    agent2_count=1, agent3_count=1
    timestep_agent2=2, timestep_agent3=2
    === agent2 (actual) breakdown ===
      g=1, i=1: T=2, n_wiz=3, Q_T=123.0, obs_cost=1.0, prob=0.322
      g=1, i=2: T=2, n_wiz=3, Q_T=123.0, obs_cost=1.0, prob=0.322
      g=1, i=3: T=2, n_wiz=3, Q_T=123.0, obs_cost=1.0, prob=0.322
    === agent3 (naive) breakdown ===
      g=1, i=1: T=2, n_wiz=3, Q_T=123.0, obs_cost=1.0, prob=0.036
      g=1, i=2: T=2, n_wiz=3, Q_T=123.0, obs_cost=1.0, prob=0.036
      g=1, i=3: T=2, n_wiz=3, Q_T=123.0, obs_cost=1.0, prob=0.036
      g=2, i=1: T=13, n_wiz=1, Q_T=83.0, obs_cost=11.0, prob=0.262
      g=2, i=2: T=7, n_wiz=1, Q_T=77.0, obs_cost=5.0, prob=0.262
      g=2, i=3: T=13, n_wiz=1, Q_T=83.0, obs_cost=11.0, prob=0.262
      g=3, i=1: T=2, n_wiz=3, Q_T=123.0, obs_cost=1.0, prob=0.036
      g=3, i=2: T=2, n_wiz=3, Q_T=123.0, obs_cost=1.0, prob=0.036
      g=3, i=3: T=2, n_wiz=3, Q_T=123.0, obs_cost=1.0, prob=0.036
    t=3: Q_observe_agent2=124.0, Q_observe_agent3=89.0, Q_not_observe=123.0
    wizard_candidates: 3
    agent2_count=1, agent3_count=2
    timestep_agent2=2, timestep_agent3=3
    === agent2 (actual) breakdown ===
      g=1, i=1: T=2, n_wiz=3, Q_T=123.0, obs_cost=1.0, prob=0.322
      g=1, i=2: T=2, n_wiz=3, Q_T=123.0, obs_cost=1.0, prob=0.322
      g=1, i=3: T=2, n_wiz=3, Q_T=123.0, obs_cost=1.0, prob=0.322
    === agent3 (naive) breakdown ===
      g=2, i=1: T=13, n_wiz=1, Q_T=83.0, obs_cost=10.0, prob=0.322
      g=2, i=2: T=7, n_wiz=1, Q_T=77.0, obs_cost=4.0, prob=0.322
      g=2, i=3: T=13, n_wiz=1, Q_T=83.0, obs_cost=10.0, prob=0.322
    t=4: Q_observe_agent2=124.0, Q_observe_agent3=88.0, Q_not_observe=123.0
    wizard_candidates: 3
    agent2_count=1, agent3_count=3
    timestep_agent2=2, timestep_agent3=4
    === agent2 (actual) breakdown ===
      g=1, i=1: T=2, n_wiz=3, Q_T=123.0, obs_cost=1.0, prob=0.322
      g=1, i=2: T=2, n_wiz=3, Q_T=123.0, obs_cost=1.0, prob=0.322
      g=1, i=3: T=2, n_wiz=3, Q_T=123.0, obs_cost=1.0, prob=0.322
    === agent3 (naive) breakdown ===
      g=2, i=1: T=13, n_wiz=1, Q_T=83.0, obs_cost=9.0, prob=0.322
      g=2, i=2: T=7, n_wiz=1, Q_T=77.0, obs_cost=3.0, prob=0.322
      g=2, i=3: T=13, n_wiz=1, Q_T=83.0, obs_cost=9.0, prob=0.322
    t=5: Q_observe_agent2=124.0, Q_observe_agent3=91.0, Q_not_observe=112.0
    wizard_candidates: 2
    agent2_count=1, agent3_count=4
    timestep_agent2=2, timestep_agent3=5
    === agent2 (actual) breakdown ===
      g=1, i=1: T=2, n_wiz=3, Q_T=123.0, obs_cost=1.0, prob=0.322
      g=1, i=2: T=2, n_wiz=3, Q_T=123.0, obs_cost=1.0, prob=0.322
      g=1, i=3: T=2, n_wiz=3, Q_T=123.0, obs_cost=1.0, prob=0.322
    === agent3 (naive) breakdown ===
      g=2, i=1: T=13, n_wiz=1, Q_T=83.0, obs_cost=8.0, prob=0.464
      g=2, i=3: T=13, n_wiz=1, Q_T=83.0, obs_cost=8.0, prob=0.464
    t=6: Q_observe_agent2=124.0, Q_observe_agent3=90.0, Q_not_observe=112.0
    wizard_candidates: 2
    agent2_count=1, agent3_count=5
    timestep_agent2=2, timestep_agent3=6
    === agent2 (actual) breakdown ===
      g=1, i=1: T=2, n_wiz=3, Q_T=123.0, obs_cost=1.0, prob=0.322
      g=1, i=2: T=2, n_wiz=3, Q_T=123.0, obs_cost=1.0, prob=0.322
      g=1, i=3: T=2, n_wiz=3, Q_T=123.0, obs_cost=1.0, prob=0.322
    === agent3 (naive) breakdown ===
      g=2, i=1: T=13, n_wiz=1, Q_T=83.0, obs_cost=7.0, prob=0.495
      g=2, i=3: T=13, n_wiz=1, Q_T=83.0, obs_cost=7.0, prob=0.495
    t=7: Q_observe_agent2=124.0, Q_observe_agent3=89.0, Q_not_observe=112.0
    wizard_candidates: 2
    agent2_count=1, agent3_count=6
    timestep_agent2=2, timestep_agent3=7
    === agent2 (actual) breakdown ===
      g=1, i=1: T=2, n_wiz=3, Q_T=123.0, obs_cost=1.0, prob=0.322
      g=1, i=2: T=2, n_wiz=3, Q_T=123.0, obs_cost=1.0, prob=0.322
      g=1, i=3: T=2, n_wiz=3, Q_T=123.0, obs_cost=1.0, prob=0.322
    === agent3 (naive) breakdown ===
      g=2, i=1: T=13, n_wiz=1, Q_T=83.0, obs_cost=6.0, prob=0.499
      g=2, i=3: T=13, n_wiz=1, Q_T=83.0, obs_cost=6.0, prob=0.499
    t=8: Q_observe_agent2=124.0, Q_observe_agent3=88.0, Q_not_observe=112.0
    wizard_candidates: 2
    agent2_count=1, agent3_count=7
    timestep_agent2=2, timestep_agent3=8
    === agent2 (actual) breakdown ===
      g=1, i=1: T=2, n_wiz=3, Q_T=123.0, obs_cost=1.0, prob=0.322
      g=1, i=2: T=2, n_wiz=3, Q_T=123.0, obs_cost=1.0, prob=0.322
      g=1, i=3: T=2, n_wiz=3, Q_T=123.0, obs_cost=1.0, prob=0.322
    === agent3 (naive) breakdown ===
      g=2, i=1: T=13, n_wiz=1, Q_T=83.0, obs_cost=5.0, prob=0.499
      g=2, i=3: T=13, n_wiz=1, Q_T=83.0, obs_cost=5.0, prob=0.499
    t=9: Q_observe_agent2=124.0, Q_observe_agent3=87.0, Q_not_observe=112.0
    wizard_candidates: 2
    agent2_count=1, agent3_count=8
    timestep_agent2=2, timestep_agent3=9
    === agent2 (actual) breakdown ===
      g=1, i=1: T=2, n_wiz=3, Q_T=123.0, obs_cost=1.0, prob=0.322
      g=1, i=2: T=2, n_wiz=3, Q_T=123.0, obs_cost=1.0, prob=0.322
      g=1, i=3: T=2, n_wiz=3, Q_T=123.0, obs_cost=1.0, prob=0.322
    === agent3 (naive) breakdown ===
      g=2, i=1: T=13, n_wiz=1, Q_T=83.0, obs_cost=4.0, prob=0.499
      g=2, i=3: T=13, n_wiz=1, Q_T=83.0, obs_cost=4.0, prob=0.499
    t=10: Q_observe_agent2=124.0, Q_observe_agent3=86.0, Q_not_observe=112.0
    wizard_candidates: 2
    agent2_count=1, agent3_count=9
    timestep_agent2=2, timestep_agent3=10
    === agent2 (actual) breakdown ===
      g=1, i=1: T=2, n_wiz=3, Q_T=123.0, obs_cost=1.0, prob=0.322
      g=1, i=2: T=2, n_wiz=3, Q_T=123.0, obs_cost=1.0, prob=0.322
      g=1, i=3: T=2, n_wiz=3, Q_T=123.0, obs_cost=1.0, prob=0.322
    === agent3 (naive) breakdown ===
      g=2, i=1: T=13, n_wiz=1, Q_T=83.0, obs_cost=3.0, prob=0.499
      g=2, i=3: T=13, n_wiz=1, Q_T=83.0, obs_cost=3.0, prob=0.499
    t=11: Q_observe_agent2=124.0, Q_observe_agent3=85.0, Q_not_observe=112.0
    wizard_candidates: 2
    agent2_count=1, agent3_count=10
    timestep_agent2=2, timestep_agent3=11
    === agent2 (actual) breakdown ===
      g=1, i=1: T=2, n_wiz=3, Q_T=123.0, obs_cost=1.0, prob=0.322
      g=1, i=2: T=2, n_wiz=3, Q_T=123.0, obs_cost=1.0, prob=0.322
      g=1, i=3: T=2, n_wiz=3, Q_T=123.0, obs_cost=1.0, prob=0.322
    === agent3 (naive) breakdown ===
      g=2, i=1: T=13, n_wiz=1, Q_T=83.0, obs_cost=2.0, prob=0.499
      g=2, i=3: T=13, n_wiz=1, Q_T=83.0, obs_cost=2.0, prob=0.499
    t=12: Q_observe_agent2=124.0, Q_observe_agent3=84.0, Q_not_observe=112.0
    wizard_candidates: 2
    agent2_count=1, agent3_count=11
    timestep_agent2=2, timestep_agent3=12
    === agent2 (actual) breakdown ===
      g=1, i=1: T=2, n_wiz=3, Q_T=123.0, obs_cost=1.0, prob=0.322
      g=1, i=2: T=2, n_wiz=3, Q_T=123.0, obs_cost=1.0, prob=0.322
      g=1, i=3: T=2, n_wiz=3, Q_T=123.0, obs_cost=1.0, prob=0.322
    === agent3 (naive) breakdown ===
      g=2, i=1: T=13, n_wiz=1, Q_T=83.0, obs_cost=1.0, prob=0.119
      g=2, i=3: T=13, n_wiz=1, Q_T=83.0, obs_cost=1.0, prob=0.879
    t=13: Q_observe_agent2=124.0, Q_observe_agent3=84.0, Q_not_observe=83.0
    wizard_candidates: 1
    agent2_count=1, agent3_count=12
    timestep_agent2=2, timestep_agent3=13
    === agent2 (actual) breakdown ===
      g=1, i=1: T=2, n_wiz=3, Q_T=123.0, obs_cost=1.0, prob=0.322
      g=1, i=2: T=2, n_wiz=3, Q_T=123.0, obs_cost=1.0, prob=0.322
      g=1, i=3: T=2, n_wiz=3, Q_T=123.0, obs_cost=1.0, prob=0.322
    === agent3 (naive) breakdown ===
      g=2, i=3: T=13, n_wiz=1, Q_T=83.0, obs_cost=1.0, prob=0.979
    Scenario completed in 4.48s
    Cache stats: 1957 hits, 27 misses, 98.6% hit rate
Processing exp4:  35%|███████████▉                      |  ETA: 0:03:55[K  Map completed in 8.17s

Processing map: sm411
Const[wizard1, wizard2, wizard3, wizard4, wizard5]Const[wizard1, wizard2, wizard3, wizard4, wizard5]  Scenario 1
    agent2 (X) -> gem1 (actual), agent3 (Y) -> gem3 (naive)
    Loading probability data: s_id_agent2=4, s_id_agent3=4
    agent2_gem=1, agent3_gem=3
    Loaded agent2 probs: goal_probs size=(3, 33), state_probs size=(4, 33)
    Loaded agent3 probs: goal_probs size=(3, 41), state_probs size=(4, 41)
    Planning for agent1...
    problem.goal = has(agent1, gem2)
    agent1 location = (7, 7)
    Agent1 plan computed, length=43
    agent3 initial goal_probs: [0.333, 0.333, 0.333]
    agent3 initial state_probs: [0.25, 0.25, 0.25, 0.25]
    t=0: Q_observe_agent2=126.33, Q_observe_agent3=131.83, Q_not_observe=173.0
    wizard_candidates: 4
    agent2_count=0, agent3_count=0
    timestep_agent2=1, timestep_agent3=1
    === agent2 (actual) breakdown ===
      g=1, i=1: T=2, n_wiz=4, Q_T=173.0, obs_cost=1.0, prob=0.083
      g=1, i=2: T=2, n_wiz=4, Q_T=173.0, obs_cost=1.0, prob=0.083
      g=1, i=3: T=2, n_wiz=4, Q_T=173.0, obs_cost=1.0, prob=0.083
      g=1, i=4: T=2, n_wiz=4, Q_T=173.0, obs_cost=1.0, prob=0.083
      g=2, i=1: T=5, n_wiz=1, Q_T=92.0, obs_cost=4.0, prob=0.083
      g=2, i=2: T=5, n_wiz=1, Q_T=80.0, obs_cost=4.0, prob=0.083
      g=2, i=3: T=6, n_wiz=1, Q_T=92.0, obs_cost=5.0, prob=0.083
      g=2, i=4: T=6, n_wiz=1, Q_T=128.0, obs_cost=5.0, prob=0.083
      g=3, i=1: T=5, n_wiz=1, Q_T=92.0, obs_cost=4.0, prob=0.083
      g=3, i=2: T=5, n_wiz=1, Q_T=80.0, obs_cost=4.0, prob=0.083
      g=3, i=3: T=6, n_wiz=1, Q_T=92.0, obs_cost=5.0, prob=0.083
      g=3, i=4: T=6, n_wiz=1, Q_T=128.0, obs_cost=5.0, prob=0.083
    === agent3 (naive) breakdown ===
      g=1, i=1: T=3, n_wiz=4, Q_T=173.0, obs_cost=2.0, prob=0.083
      g=1, i=2: T=3, n_wiz=4, Q_T=173.0, obs_cost=2.0, prob=0.083
      g=1, i=3: T=3, n_wiz=4, Q_T=173.0, obs_cost=2.0, prob=0.083
      g=1, i=4: T=3, n_wiz=4, Q_T=173.0, obs_cost=2.0, prob=0.083
      g=2, i=1: T=12, n_wiz=1, Q_T=92.0, obs_cost=11.0, prob=0.083
      g=2, i=2: T=11, n_wiz=1, Q_T=80.0, obs_cost=10.0, prob=0.083
      g=2, i=3: T=15, n_wiz=1, Q_T=92.0, obs_cost=14.0, prob=0.083
      g=2, i=4: T=15, n_wiz=1, Q_T=128.0, obs_cost=14.0, prob=0.083
      g=3, i=1: T=12, n_wiz=1, Q_T=92.0, obs_cost=11.0, prob=0.083
      g=3, i=2: T=11, n_wiz=1, Q_T=80.0, obs_cost=10.0, prob=0.083
      g=3, i=3: T=15, n_wiz=1, Q_T=92.0, obs_cost=14.0, prob=0.083
      g=3, i=4: T=15, n_wiz=1, Q_T=128.0, obs_cost=14.0, prob=0.083
    t=1: Q_observe_agent2=174.0, Q_observe_agent3=131.83, Q_not_observe=173.0
    wizard_candidates: 4
    agent2_count=1, agent3_count=0
    timestep_agent2=2, timestep_agent3=1
    === agent2 (actual) breakdown ===
      g=1, i=1: T=2, n_wiz=4, Q_T=173.0, obs_cost=1.0, prob=0.241
      g=1, i=2: T=2, n_wiz=4, Q_T=173.0, obs_cost=1.0, prob=0.241
      g=1, i=3: T=2, n_wiz=4, Q_T=173.0, obs_cost=1.0, prob=0.241
      g=1, i=4: T=2, n_wiz=4, Q_T=173.0, obs_cost=1.0, prob=0.241
    === agent3 (naive) breakdown ===
      g=1, i=1: T=3, n_wiz=4, Q_T=173.0, obs_cost=2.0, prob=0.083
      g=1, i=2: T=3, n_wiz=4, Q_T=173.0, obs_cost=2.0, prob=0.083
      g=1, i=3: T=3, n_wiz=4, Q_T=173.0, obs_cost=2.0, prob=0.083
      g=1, i=4: T=3, n_wiz=4, Q_T=173.0, obs_cost=2.0, prob=0.083
      g=2, i=1: T=12, n_wiz=1, Q_T=92.0, obs_cost=11.0, prob=0.083
      g=2, i=2: T=11, n_wiz=1, Q_T=80.0, obs_cost=10.0, prob=0.083
      g=2, i=3: T=15, n_wiz=1, Q_T=92.0, obs_cost=14.0, prob=0.083
      g=2, i=4: T=15, n_wiz=1, Q_T=128.0, obs_cost=14.0, prob=0.083
      g=3, i=1: T=12, n_wiz=1, Q_T=92.0, obs_cost=11.0, prob=0.083
      g=3, i=2: T=11, n_wiz=1, Q_T=80.0, obs_cost=10.0, prob=0.083
      g=3, i=3: T=15, n_wiz=1, Q_T=92.0, obs_cost=14.0, prob=0.083
      g=3, i=4: T=15, n_wiz=1, Q_T=128.0, obs_cost=14.0, prob=0.083
    t=2: Q_observe_agent2=174.0, Q_observe_agent3=109.25, Q_not_observe=173.0
    wizard_candidates: 4
    agent2_count=1, agent3_count=1
    timestep_agent2=2, timestep_agent3=2
    === agent2 (actual) breakdown ===
      g=1, i=1: T=2, n_wiz=4, Q_T=173.0, obs_cost=1.0, prob=0.241
      g=1, i=2: T=2, n_wiz=4, Q_T=173.0, obs_cost=1.0, prob=0.241
      g=1, i=3: T=2, n_wiz=4, Q_T=173.0, obs_cost=1.0, prob=0.241
      g=1, i=4: T=2, n_wiz=4, Q_T=173.0, obs_cost=1.0, prob=0.241
    === agent3 (naive) breakdown ===
      g=2, i=1: T=12, n_wiz=1, Q_T=92.0, obs_cost=10.0, prob=0.117
      g=2, i=2: T=11, n_wiz=1, Q_T=80.0, obs_cost=9.0, prob=0.117
      g=2, i=3: T=15, n_wiz=1, Q_T=92.0, obs_cost=13.0, prob=0.117
      g=2, i=4: T=15, n_wiz=1, Q_T=128.0, obs_cost=13.0, prob=0.117
      g=3, i=1: T=12, n_wiz=1, Q_T=92.0, obs_cost=10.0, prob=0.117
      g=3, i=2: T=11, n_wiz=1, Q_T=80.0, obs_cost=9.0, prob=0.117
      g=3, i=3: T=15, n_wiz=1, Q_T=92.0, obs_cost=13.0, prob=0.117
      g=3, i=4: T=15, n_wiz=1, Q_T=128.0, obs_cost=13.0, prob=0.117
    t=3: Q_observe_agent2=174.0, Q_observe_agent3=108.25, Q_not_observe=173.0
    wizard_candidates: 4
    agent2_count=1, agent3_count=2
    timestep_agent2=2, timestep_agent3=3
    === agent2 (actual) breakdown ===
      g=1, i=1: T=2, n_wiz=4, Q_T=173.0, obs_cost=1.0, prob=0.241
      g=1, i=2: T=2, n_wiz=4, Q_T=173.0, obs_cost=1.0, prob=0.241
      g=1, i=3: T=2, n_wiz=4, Q_T=173.0, obs_cost=1.0, prob=0.241
      g=1, i=4: T=2, n_wiz=4, Q_T=173.0, obs_cost=1.0, prob=0.241
    === agent3 (naive) breakdown ===
      g=2, i=1: T=12, n_wiz=1, Q_T=92.0, obs_cost=9.0, prob=0.117
      g=2, i=2: T=11, n_wiz=1, Q_T=80.0, obs_cost=8.0, prob=0.117
      g=2, i=3: T=15, n_wiz=1, Q_T=92.0, obs_cost=12.0, prob=0.117
      g=2, i=4: T=15, n_wiz=1, Q_T=128.0, obs_cost=12.0, prob=0.117
      g=3, i=1: T=12, n_wiz=1, Q_T=92.0, obs_cost=9.0, prob=0.117
      g=3, i=2: T=11, n_wiz=1, Q_T=80.0, obs_cost=8.0, prob=0.117
      g=3, i=3: T=15, n_wiz=1, Q_T=92.0, obs_cost=12.0, prob=0.117
      g=3, i=4: T=15, n_wiz=1, Q_T=128.0, obs_cost=12.0, prob=0.117
    t=4: Q_observe_agent2=174.0, Q_observe_agent3=107.25, Q_not_observe=173.0
    wizard_candidates: 4
    agent2_count=1, agent3_count=3
    timestep_agent2=2, timestep_agent3=4
    === agent2 (actual) breakdown ===
      g=1, i=1: T=2, n_wiz=4, Q_T=173.0, obs_cost=1.0, prob=0.241
      g=1, i=2: T=2, n_wiz=4, Q_T=173.0, obs_cost=1.0, prob=0.241
      g=1, i=3: T=2, n_wiz=4, Q_T=173.0, obs_cost=1.0, prob=0.241
      g=1, i=4: T=2, n_wiz=4, Q_T=173.0, obs_cost=1.0, prob=0.241
    === agent3 (naive) breakdown ===
      g=2, i=1: T=12, n_wiz=1, Q_T=92.0, obs_cost=8.0, prob=0.117
      g=2, i=2: T=11, n_wiz=1, Q_T=80.0, obs_cost=7.0, prob=0.117
      g=2, i=3: T=15, n_wiz=1, Q_T=92.0, obs_cost=11.0, prob=0.117
      g=2, i=4: T=15, n_wiz=1, Q_T=128.0, obs_cost=11.0, prob=0.117
      g=3, i=1: T=12, n_wiz=1, Q_T=92.0, obs_cost=8.0, prob=0.117
      g=3, i=2: T=11, n_wiz=1, Q_T=80.0, obs_cost=7.0, prob=0.117
      g=3, i=3: T=15, n_wiz=1, Q_T=92.0, obs_cost=11.0, prob=0.117
      g=3, i=4: T=15, n_wiz=1, Q_T=128.0, obs_cost=11.0, prob=0.117
    t=5: Q_observe_agent2=174.0, Q_observe_agent3=106.25, Q_not_observe=173.0
    wizard_candidates: 4
    agent2_count=1, agent3_count=4
    timestep_agent2=2, timestep_agent3=5
    === agent2 (actual) breakdown ===
      g=1, i=1: T=2, n_wiz=4, Q_T=173.0, obs_cost=1.0, prob=0.241
      g=1, i=2: T=2, n_wiz=4, Q_T=173.0, obs_cost=1.0, prob=0.241
      g=1, i=3: T=2, n_wiz=4, Q_T=173.0, obs_cost=1.0, prob=0.241
      g=1, i=4: T=2, n_wiz=4, Q_T=173.0, obs_cost=1.0, prob=0.241
    === agent3 (naive) breakdown ===
      g=2, i=1: T=12, n_wiz=1, Q_T=92.0, obs_cost=7.0, prob=0.117
      g=2, i=2: T=11, n_wiz=1, Q_T=80.0, obs_cost=6.0, prob=0.117
      g=2, i=3: T=15, n_wiz=1, Q_T=92.0, obs_cost=10.0, prob=0.117
      g=2, i=4: T=15, n_wiz=1, Q_T=128.0, obs_cost=10.0, prob=0.117
      g=3, i=1: T=12, n_wiz=1, Q_T=92.0, obs_cost=7.0, prob=0.117
      g=3, i=2: T=11, n_wiz=1, Q_T=80.0, obs_cost=6.0, prob=0.117
      g=3, i=3: T=15, n_wiz=1, Q_T=92.0, obs_cost=10.0, prob=0.117
      g=3, i=4: T=15, n_wiz=1, Q_T=128.0, obs_cost=10.0, prob=0.117
    t=6: Q_observe_agent2=174.0, Q_observe_agent3=107.67, Q_not_observe=150.0
    wizard_candidates: 3
    agent2_count=1, agent3_count=5
    timestep_agent2=2, timestep_agent3=6
    === agent2 (actual) breakdown ===
      g=1, i=1: T=2, n_wiz=4, Q_T=173.0, obs_cost=1.0, prob=0.241
      g=1, i=2: T=2, n_wiz=4, Q_T=173.0, obs_cost=1.0, prob=0.241
      g=1, i=3: T=2, n_wiz=4, Q_T=173.0, obs_cost=1.0, prob=0.241
      g=1, i=4: T=2, n_wiz=4, Q_T=173.0, obs_cost=1.0, prob=0.241
    === agent3 (naive) breakdown ===
      g=2, i=2: T=11, n_wiz=1, Q_T=80.0, obs_cost=5.0, prob=0.157
      g=2, i=3: T=15, n_wiz=1, Q_T=92.0, obs_cost=9.0, prob=0.157
      g=2, i=4: T=15, n_wiz=1, Q_T=128.0, obs_cost=9.0, prob=0.157
      g=3, i=2: T=11, n_wiz=1, Q_T=80.0, obs_cost=5.0, prob=0.157
      g=3, i=3: T=15, n_wiz=1, Q_T=92.0, obs_cost=9.0, prob=0.157
      g=3, i=4: T=15, n_wiz=1, Q_T=128.0, obs_cost=9.0, prob=0.157
    t=7: Q_observe_agent2=174.0, Q_observe_agent3=106.67, Q_not_observe=150.0
    wizard_candidates: 3
    agent2_count=1, agent3_count=6
    timestep_agent2=2, timestep_agent3=7
    === agent2 (actual) breakdown ===
      g=1, i=1: T=2, n_wiz=4, Q_T=173.0, obs_cost=1.0, prob=0.241
      g=1, i=2: T=2, n_wiz=4, Q_T=173.0, obs_cost=1.0, prob=0.241
      g=1, i=3: T=2, n_wiz=4, Q_T=173.0, obs_cost=1.0, prob=0.241
      g=1, i=4: T=2, n_wiz=4, Q_T=173.0, obs_cost=1.0, prob=0.241
    === agent3 (naive) breakdown ===
      g=2, i=2: T=11, n_wiz=1, Q_T=80.0, obs_cost=4.0, prob=0.165
      g=2, i=3: T=15, n_wiz=1, Q_T=92.0, obs_cost=8.0, prob=0.165
      g=2, i=4: T=15, n_wiz=1, Q_T=128.0, obs_cost=8.0, prob=0.165
      g=3, i=2: T=11, n_wiz=1, Q_T=80.0, obs_cost=4.0, prob=0.165
      g=3, i=3: T=15, n_wiz=1, Q_T=92.0, obs_cost=8.0, prob=0.165
      g=3, i=4: T=15, n_wiz=1, Q_T=128.0, obs_cost=8.0, prob=0.165
    t=8: Q_observe_agent2=174.0, Q_observe_agent3=105.67, Q_not_observe=150.0
    wizard_candidates: 3
    agent2_count=1, agent3_count=7
    timestep_agent2=2, timestep_agent3=8
    === agent2 (actual) breakdown ===
      g=1, i=1: T=2, n_wiz=4, Q_T=173.0, obs_cost=1.0, prob=0.241
      g=1, i=2: T=2, n_wiz=4, Q_T=173.0, obs_cost=1.0, prob=0.241
      g=1, i=3: T=2, n_wiz=4, Q_T=173.0, obs_cost=1.0, prob=0.241
      g=1, i=4: T=2, n_wiz=4, Q_T=173.0, obs_cost=1.0, prob=0.241
    === agent3 (naive) breakdown ===
      g=2, i=2: T=11, n_wiz=1, Q_T=80.0, obs_cost=3.0, prob=0.165
      g=2, i=3: T=15, n_wiz=1, Q_T=92.0, obs_cost=7.0, prob=0.165
      g=2, i=4: T=15, n_wiz=1, Q_T=128.0, obs_cost=7.0, prob=0.165
      g=3, i=2: T=11, n_wiz=1, Q_T=80.0, obs_cost=3.0, prob=0.165
      g=3, i=3: T=15, n_wiz=1, Q_T=92.0, obs_cost=7.0, prob=0.165
      g=3, i=4: T=15, n_wiz=1, Q_T=128.0, obs_cost=7.0, prob=0.165
    t=9: Q_observe_agent2=174.0, Q_observe_agent3=116.0, Q_not_observe=139.0
    wizard_candidates: 2
    agent2_count=1, agent3_count=8
    timestep_agent2=2, timestep_agent3=9
    === agent2 (actual) breakdown ===
      g=1, i=1: T=2, n_wiz=4, Q_T=173.0, obs_cost=1.0, prob=0.241
      g=1, i=2: T=2, n_wiz=4, Q_T=173.0, obs_cost=1.0, prob=0.241
      g=1, i=3: T=2, n_wiz=4, Q_T=173.0, obs_cost=1.0, prob=0.241
      g=1, i=4: T=2, n_wiz=4, Q_T=173.0, obs_cost=1.0, prob=0.241
    === agent3 (naive) breakdown ===
      g=2, i=3: T=15, n_wiz=1, Q_T=92.0, obs_cost=6.0, prob=0.234
      g=2, i=4: T=15, n_wiz=1, Q_T=128.0, obs_cost=6.0, prob=0.234
      g=3, i=3: T=15, n_wiz=1, Q_T=92.0, obs_cost=6.0, prob=0.234
      g=3, i=4: T=15, n_wiz=1, Q_T=128.0, obs_cost=6.0, prob=0.234
    t=10: Q_observe_agent2=174.0, Q_observe_agent3=115.0, Q_not_observe=139.0
    wizard_candidates: 2
    agent2_count=1, agent3_count=9
    timestep_agent2=2, timestep_agent3=10
    === agent2 (actual) breakdown ===
      g=1, i=1: T=2, n_wiz=4, Q_T=173.0, obs_cost=1.0, prob=0.241
      g=1, i=2: T=2, n_wiz=4, Q_T=173.0, obs_cost=1.0, prob=0.241
      g=1, i=3: T=2, n_wiz=4, Q_T=173.0, obs_cost=1.0, prob=0.241
      g=1, i=4: T=2, n_wiz=4, Q_T=173.0, obs_cost=1.0, prob=0.241
    === agent3 (naive) breakdown ===
      g=2, i=3: T=15, n_wiz=1, Q_T=92.0, obs_cost=5.0, prob=0.248
      g=2, i=4: T=15, n_wiz=1, Q_T=128.0, obs_cost=5.0, prob=0.248
      g=3, i=3: T=15, n_wiz=1, Q_T=92.0, obs_cost=5.0, prob=0.248
      g=3, i=4: T=15, n_wiz=1, Q_T=128.0, obs_cost=5.0, prob=0.248
    t=11: Q_observe_agent2=174.0, Q_observe_agent3=114.0, Q_not_observe=139.0
    wizard_candidates: 2
    agent2_count=1, agent3_count=10
    timestep_agent2=2, timestep_agent3=11
    === agent2 (actual) breakdown ===
      g=1, i=1: T=2, n_wiz=4, Q_T=173.0, obs_cost=1.0, prob=0.241
      g=1, i=2: T=2, n_wiz=4, Q_T=173.0, obs_cost=1.0, prob=0.241
      g=1, i=3: T=2, n_wiz=4, Q_T=173.0, obs_cost=1.0, prob=0.241
      g=1, i=4: T=2, n_wiz=4, Q_T=173.0, obs_cost=1.0, prob=0.241
    === agent3 (naive) breakdown ===
      g=2, i=3: T=15, n_wiz=1, Q_T=92.0, obs_cost=4.0, prob=0.25
      g=2, i=4: T=15, n_wiz=1, Q_T=128.0, obs_cost=4.0, prob=0.25
      g=3, i=3: T=15, n_wiz=1, Q_T=92.0, obs_cost=4.0, prob=0.25
      g=3, i=4: T=15, n_wiz=1, Q_T=128.0, obs_cost=4.0, prob=0.25
    t=12: Q_observe_agent2=174.0, Q_observe_agent3=113.0, Q_not_observe=139.0
    wizard_candidates: 2
    agent2_count=1, agent3_count=11
    timestep_agent2=2, timestep_agent3=12
    === agent2 (actual) breakdown ===
      g=1, i=1: T=2, n_wiz=4, Q_T=173.0, obs_cost=1.0, prob=0.241
      g=1, i=2: T=2, n_wiz=4, Q_T=173.0, obs_cost=1.0, prob=0.241
      g=1, i=3: T=2, n_wiz=4, Q_T=173.0, obs_cost=1.0, prob=0.241
      g=1, i=4: T=2, n_wiz=4, Q_T=173.0, obs_cost=1.0, prob=0.241
    === agent3 (naive) breakdown ===
      g=2, i=3: T=15, n_wiz=1, Q_T=92.0, obs_cost=3.0, prob=0.25
      g=2, i=4: T=15, n_wiz=1, Q_T=128.0, obs_cost=3.0, prob=0.25
      g=3, i=3: T=15, n_wiz=1, Q_T=92.0, obs_cost=3.0, prob=0.25
      g=3, i=4: T=15, n_wiz=1, Q_T=128.0, obs_cost=3.0, prob=0.25
    t=13: Q_observe_agent2=174.0, Q_observe_agent3=112.0, Q_not_observe=139.0
    wizard_candidates: 2
    agent2_count=1, agent3_count=12
    timestep_agent2=2, timestep_agent3=13
    === agent2 (actual) breakdown ===
      g=1, i=1: T=2, n_wiz=4, Q_T=173.0, obs_cost=1.0, prob=0.241
      g=1, i=2: T=2, n_wiz=4, Q_T=173.0, obs_cost=1.0, prob=0.241
      g=1, i=3: T=2, n_wiz=4, Q_T=173.0, obs_cost=1.0, prob=0.241
      g=1, i=4: T=2, n_wiz=4, Q_T=173.0, obs_cost=1.0, prob=0.241
    === agent3 (naive) breakdown ===
      g=2, i=3: T=15, n_wiz=1, Q_T=92.0, obs_cost=2.0, prob=0.25
      g=2, i=4: T=15, n_wiz=1, Q_T=128.0, obs_cost=2.0, prob=0.25
      g=3, i=3: T=15, n_wiz=1, Q_T=92.0, obs_cost=2.0, prob=0.25
      g=3, i=4: T=15, n_wiz=1, Q_T=128.0, obs_cost=2.0, prob=0.25
    t=14: Q_observe_agent2=174.0, Q_observe_agent3=124.71, Q_not_observe=139.0
    wizard_candidates: 2
    agent2_count=1, agent3_count=13
    timestep_agent2=2, timestep_agent3=14
    === agent2 (actual) breakdown ===
      g=1, i=1: T=2, n_wiz=4, Q_T=173.0, obs_cost=1.0, prob=0.241
      g=1, i=2: T=2, n_wiz=4, Q_T=173.0, obs_cost=1.0, prob=0.241
      g=1, i=3: T=2, n_wiz=4, Q_T=173.0, obs_cost=1.0, prob=0.241
      g=1, i=4: T=2, n_wiz=4, Q_T=173.0, obs_cost=1.0, prob=0.241
    === agent3 (naive) breakdown ===
      g=2, i=3: T=15, n_wiz=1, Q_T=92.0, obs_cost=1.0, prob=0.06
      g=2, i=4: T=15, n_wiz=1, Q_T=128.0, obs_cost=1.0, prob=0.44
      g=3, i=3: T=15, n_wiz=1, Q_T=92.0, obs_cost=1.0, prob=0.06
      g=3, i=4: T=15, n_wiz=1, Q_T=128.0, obs_cost=1.0, prob=0.44
    t=15: Q_observe_agent2=174.0, Q_observe_agent3=129.0, Q_not_observe=128.0
    wizard_candidates: 1
    agent2_count=1, agent3_count=14
    timestep_agent2=2, timestep_agent3=15
    === agent2 (actual) breakdown ===
      g=1, i=1: T=2, n_wiz=4, Q_T=173.0, obs_cost=1.0, prob=0.241
      g=1, i=2: T=2, n_wiz=4, Q_T=173.0, obs_cost=1.0, prob=0.241
      g=1, i=3: T=2, n_wiz=4, Q_T=173.0, obs_cost=1.0, prob=0.241
      g=1, i=4: T=2, n_wiz=4, Q_T=173.0, obs_cost=1.0, prob=0.241
    === agent3 (naive) breakdown ===
      g=2, i=4: T=15, n_wiz=1, Q_T=128.0, obs_cost=1.0, prob=0.491
      g=3, i=4: T=15, n_wiz=1, Q_T=128.0, obs_cost=1.0, prob=0.491
    Scenario completed in 5.75s
    Cache stats: 3814 hits, 42 misses, 98.9% hit rate
Processing exp4:  38%|████████████▊                     |  ETA: 0:03:47[K  Map completed in 9.46s

Processing map: sm371
Const[wizard1, wizard2]Const[wizard1, wizard2]  Scenario 1
    agent2 (X) -> gem1 (actual), agent3 (Y) -> gem2 (naive)
    Loading probability data: s_id_agent2=2, s_id_agent3=2
    agent2_gem=1, agent3_gem=2
    Loaded agent2 probs: goal_probs size=(3, 30), state_probs size=(2, 30)
    Loaded agent3 probs: goal_probs size=(3, 36), state_probs size=(2, 36)
    Planning for agent1...
    problem.goal = has(agent1, gem1)
    agent1 location = (1, 4)
    Agent1 plan computed, length=16
    agent3 initial goal_probs: [0.333, 0.333, 0.333]
    agent3 initial state_probs: [0.5, 0.5]
    t=0: Q_observe_agent2=63.67, Q_observe_agent3=64.33, Q_not_observe=58.0
    wizard_candidates: 2
    agent2_count=0, agent3_count=0
    timestep_agent2=1, timestep_agent3=1
    === agent2 (actual) breakdown ===
      g=1, i=1: T=15, n_wiz=1, Q_T=47.0, obs_cost=14.0, prob=0.167
      g=1, i=2: T=15, n_wiz=1, Q_T=47.0, obs_cost=14.0, prob=0.167
      g=2, i=1: T=8, n_wiz=2, Q_T=58.0, obs_cost=7.0, prob=0.167
      g=2, i=2: T=8, n_wiz=2, Q_T=58.0, obs_cost=7.0, prob=0.167
      g=3, i=1: T=8, n_wiz=2, Q_T=58.0, obs_cost=7.0, prob=0.167
      g=3, i=2: T=8, n_wiz=2, Q_T=58.0, obs_cost=7.0, prob=0.167
    === agent3 (naive) breakdown ===
      g=1, i=1: T=22, n_wiz=1, Q_T=47.0, obs_cost=21.0, prob=0.167
      g=1, i=2: T=22, n_wiz=1, Q_T=47.0, obs_cost=21.0, prob=0.167
      g=2, i=1: T=5, n_wiz=2, Q_T=58.0, obs_cost=4.0, prob=0.167
      g=2, i=2: T=5, n_wiz=2, Q_T=58.0, obs_cost=4.0, prob=0.167
      g=3, i=1: T=6, n_wiz=2, Q_T=58.0, obs_cost=5.0, prob=0.167
      g=3, i=2: T=6, n_wiz=2, Q_T=58.0, obs_cost=5.0, prob=0.167
    Scenario completed in 2.73s
    Cache stats: 123 hits, 14 misses, 89.8% hit rate
Processing exp4:  40%|█████████████▋                    |  ETA: 0:03:34[K  Map completed in 6.41s

Processing map: sm221
Const[wizard1, wizard2, wizard3]Const[wizard1, wizard2, wizard3]  Scenario 1
    agent2 (X) -> gem1 (actual), agent3 (Y) -> gem1 (naive)
    Loading probability data: s_id_agent2=1, s_id_agent3=1
    agent2_gem=1, agent3_gem=1
    Loaded agent2 probs: goal_probs size=(3, 32), state_probs size=(2, 32)
    Loaded agent3 probs: goal_probs size=(3, 30), state_probs size=(2, 30)
    Planning for agent1...
    problem.goal = has(agent1, gem1)
    agent1 location = (4, 10)
    Agent1 plan computed, length=26
    agent3 initial goal_probs: [0.333, 0.333, 0.333]
    agent3 initial state_probs: [0.5, 0.5]
    t=0: Q_observe_agent2=95.67, Q_observe_agent3=95.5, Q_not_observe=106.0
    wizard_candidates: 2
    agent2_count=0, agent3_count=0
    timestep_agent2=1, timestep_agent3=1
    === agent2 (actual) breakdown ===
      g=1, i=1: T=9, n_wiz=1, Q_T=77.0, obs_cost=8.0, prob=0.167
      g=1, i=2: T=9, n_wiz=1, Q_T=53.0, obs_cost=8.0, prob=0.167
      g=2, i=1: T=2, n_wiz=2, Q_T=106.0, obs_cost=1.0, prob=0.167
      g=2, i=2: T=2, n_wiz=2, Q_T=106.0, obs_cost=1.0, prob=0.167
      g=3, i=1: T=2, n_wiz=2, Q_T=106.0, obs_cost=1.0, prob=0.167
      g=3, i=2: T=2, n_wiz=2, Q_T=106.0, obs_cost=1.0, prob=0.167
    === agent3 (naive) breakdown ===
      g=1, i=1: T=7, n_wiz=1, Q_T=77.0, obs_cost=6.0, prob=0.167
      g=1, i=2: T=10, n_wiz=1, Q_T=53.0, obs_cost=9.0, prob=0.167
      g=2, i=1: T=2, n_wiz=2, Q_T=106.0, obs_cost=1.0, prob=0.167
      g=2, i=2: T=2, n_wiz=2, Q_T=106.0, obs_cost=1.0, prob=0.167
      g=3, i=1: T=2, n_wiz=2, Q_T=106.0, obs_cost=1.0, prob=0.167
      g=3, i=2: T=2, n_wiz=2, Q_T=106.0, obs_cost=1.0, prob=0.167
    t=1: Q_observe_agent2=95.67, Q_observe_agent3=79.06, Q_not_observe=106.0
    wizard_candidates: 2
    agent2_count=0, agent3_count=1
    timestep_agent2=1, timestep_agent3=2
    === agent2 (actual) breakdown ===
      g=1, i=1: T=9, n_wiz=1, Q_T=77.0, obs_cost=8.0, prob=0.167
      g=1, i=2: T=9, n_wiz=1, Q_T=53.0, obs_cost=8.0, prob=0.167
      g=2, i=1: T=2, n_wiz=2, Q_T=106.0, obs_cost=1.0, prob=0.167
      g=2, i=2: T=2, n_wiz=2, Q_T=106.0, obs_cost=1.0, prob=0.167
      g=3, i=1: T=2, n_wiz=2, Q_T=106.0, obs_cost=1.0, prob=0.167
      g=3, i=2: T=2, n_wiz=2, Q_T=106.0, obs_cost=1.0, prob=0.167
    === agent3 (naive) breakdown ===
      g=1, i=1: T=7, n_wiz=1, Q_T=77.0, obs_cost=5.0, prob=0.393
      g=1, i=2: T=10, n_wiz=1, Q_T=53.0, obs_cost=8.0, prob=0.393
      g=2, i=1: T=2, n_wiz=2, Q_T=106.0, obs_cost=1.0, prob=0.053
      g=2, i=2: T=2, n_wiz=2, Q_T=106.0, obs_cost=1.0, prob=0.053
      g=3, i=1: T=2, n_wiz=2, Q_T=106.0, obs_cost=1.0, prob=0.053
      g=3, i=2: T=2, n_wiz=2, Q_T=106.0, obs_cost=1.0, prob=0.053
    t=2: Q_observe_agent2=95.67, Q_observe_agent3=78.28, Q_not_observe=106.0
    wizard_candidates: 2
    agent2_count=0, agent3_count=2
    timestep_agent2=1, timestep_agent3=3
    === agent2 (actual) breakdown ===
      g=1, i=1: T=9, n_wiz=1, Q_T=77.0, obs_cost=8.0, prob=0.167
      g=1, i=2: T=9, n_wiz=1, Q_T=53.0, obs_cost=8.0, prob=0.167
      g=2, i=1: T=2, n_wiz=2, Q_T=106.0, obs_cost=1.0, prob=0.167
      g=2, i=2: T=2, n_wiz=2, Q_T=106.0, obs_cost=1.0, prob=0.167
      g=3, i=1: T=2, n_wiz=2, Q_T=106.0, obs_cost=1.0, prob=0.167
      g=3, i=2: T=2, n_wiz=2, Q_T=106.0, obs_cost=1.0, prob=0.167
    === agent3 (naive) breakdown ===
      g=1, i=1: T=7, n_wiz=1, Q_T=77.0, obs_cost=4.0, prob=0.393
      g=1, i=2: T=10, n_wiz=1, Q_T=53.0, obs_cost=7.0, prob=0.393
      g=2, i=1: T=2, n_wiz=2, Q_T=106.0, obs_cost=1.0, prob=0.053
      g=2, i=2: T=2, n_wiz=2, Q_T=106.0, obs_cost=1.0, prob=0.053
      g=3, i=1: T=2, n_wiz=2, Q_T=106.0, obs_cost=1.0, prob=0.053
      g=3, i=2: T=2, n_wiz=2, Q_T=106.0, obs_cost=1.0, prob=0.053
    t=3: Q_observe_agent2=95.67, Q_observe_agent3=85.27, Q_not_observe=106.0
    wizard_candidates: 2
    agent2_count=0, agent3_count=3
    timestep_agent2=1, timestep_agent3=4
    === agent2 (actual) breakdown ===
      g=1, i=1: T=9, n_wiz=1, Q_T=77.0, obs_cost=8.0, prob=0.167
      g=1, i=2: T=9, n_wiz=1, Q_T=53.0, obs_cost=8.0, prob=0.167
      g=2, i=1: T=2, n_wiz=2, Q_T=106.0, obs_cost=1.0, prob=0.167
      g=2, i=2: T=2, n_wiz=2, Q_T=106.0, obs_cost=1.0, prob=0.167
      g=3, i=1: T=2, n_wiz=2, Q_T=106.0, obs_cost=1.0, prob=0.167
      g=3, i=2: T=2, n_wiz=2, Q_T=106.0, obs_cost=1.0, prob=0.167
    === agent3 (naive) breakdown ===
      g=1, i=1: T=7, n_wiz=1, Q_T=77.0, obs_cost=3.0, prob=0.513
      g=1, i=2: T=10, n_wiz=1, Q_T=53.0, obs_cost=6.0, prob=0.164
      g=2, i=1: T=2, n_wiz=2, Q_T=106.0, obs_cost=1.0, prob=0.122
      g=2, i=2: T=2, n_wiz=2, Q_T=106.0, obs_cost=1.0, prob=0.039
      g=3, i=1: T=2, n_wiz=2, Q_T=106.0, obs_cost=1.0, prob=0.122
      g=3, i=2: T=2, n_wiz=2, Q_T=106.0, obs_cost=1.0, prob=0.039
    t=4: Q_observe_agent2=95.67, Q_observe_agent3=86.18, Q_not_observe=106.0
    wizard_candidates: 2
    agent2_count=0, agent3_count=4
    timestep_agent2=1, timestep_agent3=5
    === agent2 (actual) breakdown ===
      g=1, i=1: T=9, n_wiz=1, Q_T=77.0, obs_cost=8.0, prob=0.167
      g=1, i=2: T=9, n_wiz=1, Q_T=53.0, obs_cost=8.0, prob=0.167
      g=2, i=1: T=2, n_wiz=2, Q_T=106.0, obs_cost=1.0, prob=0.167
      g=2, i=2: T=2, n_wiz=2, Q_T=106.0, obs_cost=1.0, prob=0.167
      g=3, i=1: T=2, n_wiz=2, Q_T=106.0, obs_cost=1.0, prob=0.167
      g=3, i=2: T=2, n_wiz=2, Q_T=106.0, obs_cost=1.0, prob=0.167
    === agent3 (naive) breakdown ===
      g=1, i=1: T=7, n_wiz=1, Q_T=77.0, obs_cost=2.0, prob=0.532
      g=1, i=2: T=10, n_wiz=1, Q_T=53.0, obs_cost=5.0, prob=0.121
      g=2, i=1: T=2, n_wiz=2, Q_T=106.0, obs_cost=1.0, prob=0.141
      g=2, i=2: T=2, n_wiz=2, Q_T=106.0, obs_cost=1.0, prob=0.032
      g=3, i=1: T=2, n_wiz=2, Q_T=106.0, obs_cost=1.0, prob=0.141
      g=3, i=2: T=2, n_wiz=2, Q_T=106.0, obs_cost=1.0, prob=0.032
    t=5: Q_observe_agent2=95.67, Q_observe_agent3=85.76, Q_not_observe=106.0
    wizard_candidates: 2
    agent2_count=0, agent3_count=5
    timestep_agent2=1, timestep_agent3=6
    === agent2 (actual) breakdown ===
      g=1, i=1: T=9, n_wiz=1, Q_T=77.0, obs_cost=8.0, prob=0.167
      g=1, i=2: T=9, n_wiz=1, Q_T=53.0, obs_cost=8.0, prob=0.167
      g=2, i=1: T=2, n_wiz=2, Q_T=106.0, obs_cost=1.0, prob=0.167
      g=2, i=2: T=2, n_wiz=2, Q_T=106.0, obs_cost=1.0, prob=0.167
      g=3, i=1: T=2, n_wiz=2, Q_T=106.0, obs_cost=1.0, prob=0.167
      g=3, i=2: T=2, n_wiz=2, Q_T=106.0, obs_cost=1.0, prob=0.167
    === agent3 (naive) breakdown ===
      g=1, i=1: T=7, n_wiz=1, Q_T=77.0, obs_cost=1.0, prob=0.534
      g=1, i=2: T=10, n_wiz=1, Q_T=53.0, obs_cost=4.0, prob=0.115
      g=2, i=1: T=2, n_wiz=2, Q_T=106.0, obs_cost=1.0, prob=0.144
      g=2, i=2: T=2, n_wiz=2, Q_T=106.0, obs_cost=1.0, prob=0.031
      g=3, i=1: T=2, n_wiz=2, Q_T=106.0, obs_cost=1.0, prob=0.144
      g=3, i=2: T=2, n_wiz=2, Q_T=106.0, obs_cost=1.0, prob=0.031
    t=6: Q_observe_agent2=102.6, Q_observe_agent3=78.0, Q_not_observe=77.0
    wizard_candidates: 1
    agent2_count=0, agent3_count=6
    timestep_agent2=1, timestep_agent3=7
    === agent2 (actual) breakdown ===
      g=1, i=1: T=9, n_wiz=1, Q_T=77.0, obs_cost=8.0, prob=0.167
      g=2, i=1: T=2, n_wiz=2, Q_T=106.0, obs_cost=1.0, prob=0.167
      g=2, i=2: T=2, n_wiz=2, Q_T=106.0, obs_cost=1.0, prob=0.167
      g=3, i=1: T=2, n_wiz=2, Q_T=106.0, obs_cost=1.0, prob=0.167
      g=3, i=2: T=2, n_wiz=2, Q_T=106.0, obs_cost=1.0, prob=0.167
    === agent3 (naive) breakdown ===
      g=1, i=1: T=7, n_wiz=1, Q_T=77.0, obs_cost=1.0, prob=0.9
    Scenario completed in 3.21s
    Cache stats: 875 hits, 14 misses, 98.4% hit rate
Processing exp4:  42%|██████████████▌                   |  ETA: 0:03:22[K  Map completed in 6.87s

Processing map: sm331
Const[wizard1, wizard2, wizard3, wizard4]Const[wizard1, wizard2, wizard3, wizard4]  Scenario 1
    agent2 (X) -> gem2 (actual), agent3 (Y) -> gem1 (naive)
    Loading probability data: s_id_agent2=3, s_id_agent3=3
    agent2_gem=2, agent3_gem=1
    Loaded agent2 probs: goal_probs size=(3, 36), state_probs size=(3, 36)
    Loaded agent3 probs: goal_probs size=(3, 32), state_probs size=(3, 32)
    Planning for agent1...
    problem.goal = has(agent1, gem1)
    agent1 location = (4, 12)
    Agent1 plan computed, length=24
    agent3 initial goal_probs: [0.333, 0.333, 0.333]
    agent3 initial state_probs: [0.333, 0.333, 0.333]
    t=0: Q_observe_agent2=84.0, Q_observe_agent3=82.78, Q_not_observe=93.0
    wizard_candidates: 3
    agent2_count=0, agent3_count=0
    timestep_agent2=1, timestep_agent3=1
    === agent2 (actual) breakdown ===
      g=1, i=1: T=13, n_wiz=1, Q_T=65.0, obs_cost=12.0, prob=0.111
      g=1, i=2: T=13, n_wiz=1, Q_T=65.0, obs_cost=12.0, prob=0.111
      g=1, i=3: T=13, n_wiz=1, Q_T=71.0, obs_cost=12.0, prob=0.111
      g=2, i=1: T=2, n_wiz=3, Q_T=93.0, obs_cost=1.0, prob=0.111
      g=2, i=2: T=2, n_wiz=3, Q_T=93.0, obs_cost=1.0, prob=0.111
      g=2, i=3: T=2, n_wiz=3, Q_T=93.0, obs_cost=1.0, prob=0.111
      g=3, i=1: T=13, n_wiz=1, Q_T=65.0, obs_cost=12.0, prob=0.111
      g=3, i=2: T=13, n_wiz=1, Q_T=65.0, obs_cost=12.0, prob=0.111
      g=3, i=3: T=13, n_wiz=1, Q_T=71.0, obs_cost=12.0, prob=0.111
    === agent3 (naive) breakdown ===
      g=1, i=1: T=13, n_wiz=1, Q_T=65.0, obs_cost=12.0, prob=0.111
      g=1, i=2: T=12, n_wiz=1, Q_T=65.0, obs_cost=11.0, prob=0.111
      g=1, i=3: T=8, n_wiz=1, Q_T=71.0, obs_cost=7.0, prob=0.111
      g=2, i=1: T=3, n_wiz=3, Q_T=93.0, obs_cost=2.0, prob=0.111
      g=2, i=2: T=3, n_wiz=3, Q_T=93.0, obs_cost=2.0, prob=0.111
      g=2, i=3: T=3, n_wiz=3, Q_T=93.0, obs_cost=2.0, prob=0.111
      g=3, i=1: T=11, n_wiz=1, Q_T=65.0, obs_cost=10.0, prob=0.111
      g=3, i=2: T=12, n_wiz=1, Q_T=65.0, obs_cost=11.0, prob=0.111
      g=3, i=3: T=8, n_wiz=1, Q_T=71.0, obs_cost=7.0, prob=0.111
    t=1: Q_observe_agent2=84.0, Q_observe_agent3=75.67, Q_not_observe=93.0
    wizard_candidates: 3
    agent2_count=0, agent3_count=1
    timestep_agent2=1, timestep_agent3=2
    === agent2 (actual) breakdown ===
      g=1, i=1: T=13, n_wiz=1, Q_T=65.0, obs_cost=12.0, prob=0.111
      g=1, i=2: T=13, n_wiz=1, Q_T=65.0, obs_cost=12.0, prob=0.111
      g=1, i=3: T=13, n_wiz=1, Q_T=71.0, obs_cost=12.0, prob=0.111
      g=2, i=1: T=2, n_wiz=3, Q_T=93.0, obs_cost=1.0, prob=0.111
      g=2, i=2: T=2, n_wiz=3, Q_T=93.0, obs_cost=1.0, prob=0.111
      g=2, i=3: T=2, n_wiz=3, Q_T=93.0, obs_cost=1.0, prob=0.111
      g=3, i=1: T=13, n_wiz=1, Q_T=65.0, obs_cost=12.0, prob=0.111
      g=3, i=2: T=13, n_wiz=1, Q_T=65.0, obs_cost=12.0, prob=0.111
      g=3, i=3: T=13, n_wiz=1, Q_T=71.0, obs_cost=12.0, prob=0.111
    === agent3 (naive) breakdown ===
      g=1, i=1: T=13, n_wiz=1, Q_T=65.0, obs_cost=11.0, prob=0.156
      g=1, i=2: T=12, n_wiz=1, Q_T=65.0, obs_cost=10.0, prob=0.156
      g=1, i=3: T=8, n_wiz=1, Q_T=71.0, obs_cost=6.0, prob=0.156
      g=3, i=1: T=11, n_wiz=1, Q_T=65.0, obs_cost=9.0, prob=0.156
      g=3, i=2: T=12, n_wiz=1, Q_T=65.0, obs_cost=10.0, prob=0.156
      g=3, i=3: T=8, n_wiz=1, Q_T=71.0, obs_cost=6.0, prob=0.156
    t=2: Q_observe_agent2=84.0, Q_observe_agent3=74.67, Q_not_observe=93.0
    wizard_candidates: 3
    agent2_count=0, agent3_count=2
    timestep_agent2=1, timestep_agent3=3
    === agent2 (actual) breakdown ===
      g=1, i=1: T=13, n_wiz=1, Q_T=65.0, obs_cost=12.0, prob=0.111
      g=1, i=2: T=13, n_wiz=1, Q_T=65.0, obs_cost=12.0, prob=0.111
      g=1, i=3: T=13, n_wiz=1, Q_T=71.0, obs_cost=12.0, prob=0.111
      g=2, i=1: T=2, n_wiz=3, Q_T=93.0, obs_cost=1.0, prob=0.111
      g=2, i=2: T=2, n_wiz=3, Q_T=93.0, obs_cost=1.0, prob=0.111
      g=2, i=3: T=2, n_wiz=3, Q_T=93.0, obs_cost=1.0, prob=0.111
      g=3, i=1: T=13, n_wiz=1, Q_T=65.0, obs_cost=12.0, prob=0.111
      g=3, i=2: T=13, n_wiz=1, Q_T=65.0, obs_cost=12.0, prob=0.111
      g=3, i=3: T=13, n_wiz=1, Q_T=71.0, obs_cost=12.0, prob=0.111
    === agent3 (naive) breakdown ===
      g=1, i=1: T=13, n_wiz=1, Q_T=65.0, obs_cost=10.0, prob=0.165
      g=1, i=2: T=12, n_wiz=1, Q_T=65.0, obs_cost=9.0, prob=0.165
      g=1, i=3: T=8, n_wiz=1, Q_T=71.0, obs_cost=5.0, prob=0.165
      g=3, i=1: T=11, n_wiz=1, Q_T=65.0, obs_cost=8.0, prob=0.165
      g=3, i=2: T=12, n_wiz=1, Q_T=65.0, obs_cost=9.0, prob=0.165
      g=3, i=3: T=8, n_wiz=1, Q_T=71.0, obs_cost=5.0, prob=0.165
    t=3: Q_observe_agent2=84.0, Q_observe_agent3=73.67, Q_not_observe=93.0
    wizard_candidates: 3
    agent2_count=0, agent3_count=3
    timestep_agent2=1, timestep_agent3=4
    === agent2 (actual) breakdown ===
      g=1, i=1: T=13, n_wiz=1, Q_T=65.0, obs_cost=12.0, prob=0.111
      g=1, i=2: T=13, n_wiz=1, Q_T=65.0, obs_cost=12.0, prob=0.111
      g=1, i=3: T=13, n_wiz=1, Q_T=71.0, obs_cost=12.0, prob=0.111
      g=2, i=1: T=2, n_wiz=3, Q_T=93.0, obs_cost=1.0, prob=0.111
      g=2, i=2: T=2, n_wiz=3, Q_T=93.0, obs_cost=1.0, prob=0.111
      g=2, i=3: T=2, n_wiz=3, Q_T=93.0, obs_cost=1.0, prob=0.111
      g=3, i=1: T=13, n_wiz=1, Q_T=65.0, obs_cost=12.0, prob=0.111
      g=3, i=2: T=13, n_wiz=1, Q_T=65.0, obs_cost=12.0, prob=0.111
      g=3, i=3: T=13, n_wiz=1, Q_T=71.0, obs_cost=12.0, prob=0.111
    === agent3 (naive) breakdown ===
      g=1, i=1: T=13, n_wiz=1, Q_T=65.0, obs_cost=9.0, prob=0.165
      g=1, i=2: T=12, n_wiz=1, Q_T=65.0, obs_cost=8.0, prob=0.165
      g=1, i=3: T=8, n_wiz=1, Q_T=71.0, obs_cost=4.0, prob=0.165
      g=3, i=1: T=11, n_wiz=1, Q_T=65.0, obs_cost=7.0, prob=0.165
      g=3, i=2: T=12, n_wiz=1, Q_T=65.0, obs_cost=8.0, prob=0.165
      g=3, i=3: T=8, n_wiz=1, Q_T=71.0, obs_cost=4.0, prob=0.165
    t=4: Q_observe_agent2=84.0, Q_observe_agent3=72.67, Q_not_observe=93.0
    wizard_candidates: 3
    agent2_count=0, agent3_count=4
    timestep_agent2=1, timestep_agent3=5
    === agent2 (actual) breakdown ===
      g=1, i=1: T=13, n_wiz=1, Q_T=65.0, obs_cost=12.0, prob=0.111
      g=1, i=2: T=13, n_wiz=1, Q_T=65.0, obs_cost=12.0, prob=0.111
      g=1, i=3: T=13, n_wiz=1, Q_T=71.0, obs_cost=12.0, prob=0.111
      g=2, i=1: T=2, n_wiz=3, Q_T=93.0, obs_cost=1.0, prob=0.111
      g=2, i=2: T=2, n_wiz=3, Q_T=93.0, obs_cost=1.0, prob=0.111
      g=2, i=3: T=2, n_wiz=3, Q_T=93.0, obs_cost=1.0, prob=0.111
      g=3, i=1: T=13, n_wiz=1, Q_T=65.0, obs_cost=12.0, prob=0.111
      g=3, i=2: T=13, n_wiz=1, Q_T=65.0, obs_cost=12.0, prob=0.111
      g=3, i=3: T=13, n_wiz=1, Q_T=71.0, obs_cost=12.0, prob=0.111
    === agent3 (naive) breakdown ===
      g=1, i=1: T=13, n_wiz=1, Q_T=65.0, obs_cost=8.0, prob=0.165
      g=1, i=2: T=12, n_wiz=1, Q_T=65.0, obs_cost=7.0, prob=0.165
      g=1, i=3: T=8, n_wiz=1, Q_T=71.0, obs_cost=3.0, prob=0.165
      g=3, i=1: T=11, n_wiz=1, Q_T=65.0, obs_cost=6.0, prob=0.165
      g=3, i=2: T=12, n_wiz=1, Q_T=65.0, obs_cost=7.0, prob=0.165
      g=3, i=3: T=8, n_wiz=1, Q_T=71.0, obs_cost=3.0, prob=0.165
    t=5: Q_observe_agent2=84.0, Q_observe_agent3=72.43, Q_not_observe=93.0
    wizard_candidates: 3
    agent2_count=0, agent3_count=5
    timestep_agent2=1, timestep_agent3=6
    === agent2 (actual) breakdown ===
      g=1, i=1: T=13, n_wiz=1, Q_T=65.0, obs_cost=12.0, prob=0.111
      g=1, i=2: T=13, n_wiz=1, Q_T=65.0, obs_cost=12.0, prob=0.111
      g=1, i=3: T=13, n_wiz=1, Q_T=71.0, obs_cost=12.0, prob=0.111
      g=2, i=1: T=2, n_wiz=3, Q_T=93.0, obs_cost=1.0, prob=0.111
      g=2, i=2: T=2, n_wiz=3, Q_T=93.0, obs_cost=1.0, prob=0.111
      g=2, i=3: T=2, n_wiz=3, Q_T=93.0, obs_cost=1.0, prob=0.111
      g=3, i=1: T=13, n_wiz=1, Q_T=65.0, obs_cost=12.0, prob=0.111
      g=3, i=2: T=13, n_wiz=1, Q_T=65.0, obs_cost=12.0, prob=0.111
      g=3, i=3: T=13, n_wiz=1, Q_T=71.0, obs_cost=12.0, prob=0.111
    === agent3 (naive) breakdown ===
      g=1, i=1: T=13, n_wiz=1, Q_T=65.0, obs_cost=7.0, prob=0.122
      g=1, i=2: T=12, n_wiz=1, Q_T=65.0, obs_cost=6.0, prob=0.122
      g=1, i=3: T=8, n_wiz=1, Q_T=71.0, obs_cost=2.0, prob=0.51
      g=3, i=1: T=11, n_wiz=1, Q_T=65.0, obs_cost=5.0, prob=0.039
      g=3, i=2: T=12, n_wiz=1, Q_T=65.0, obs_cost=6.0, prob=0.039
      g=3, i=3: T=8, n_wiz=1, Q_T=71.0, obs_cost=2.0, prob=0.163
    t=6: Q_observe_agent2=89.6, Q_observe_agent3=72.0, Q_not_observe=71.0
    wizard_candidates: 1
    agent2_count=0, agent3_count=6
    timestep_agent2=1, timestep_agent3=7
    === agent2 (actual) breakdown ===
      g=1, i=3: T=13, n_wiz=1, Q_T=71.0, obs_cost=12.0, prob=0.111
      g=2, i=1: T=2, n_wiz=3, Q_T=93.0, obs_cost=1.0, prob=0.111
      g=2, i=2: T=2, n_wiz=3, Q_T=93.0, obs_cost=1.0, prob=0.111
      g=2, i=3: T=2, n_wiz=3, Q_T=93.0, obs_cost=1.0, prob=0.111
      g=3, i=3: T=13, n_wiz=1, Q_T=71.0, obs_cost=12.0, prob=0.111
    === agent3 (naive) breakdown ===
      g=1, i=3: T=8, n_wiz=1, Q_T=71.0, obs_cost=1.0, prob=0.885
    Scenario completed in 4.6s
    Cache stats: 1104 hits, 26 misses, 97.7% hit rate
Processing exp4:  45%|███████████████▎                  |  ETA: 0:03:13[K  Map completed in 8.28s

Processing map: sm543
Const[wizard1, wizard2, wizard3]Const[wizard1, wizard2, wizard3]  Scenario 1
    agent2 (X) -> gem1 (actual), agent3 (Y) -> gem3 (naive)
    Loading probability data: s_id_agent2=2, s_id_agent3=2
    agent2_gem=1, agent3_gem=3
    Loaded agent2 probs: goal_probs size=(3, 33), state_probs size=(2, 33)
    Loaded agent3 probs: goal_probs size=(3, 36), state_probs size=(2, 36)
    Planning for agent1...
    problem.goal = has(agent1, gem1)
    agent1 location = (4, 1)
    Agent1 plan computed, length=16
    agent3 initial goal_probs: [0.333, 0.333, 0.333]
    agent3 initial state_probs: [0.5, 0.5]
    t=0: Q_observe_agent2=64.0, Q_observe_agent3=65.67, Q_not_observe=58.0
    wizard_candidates: 2
    agent2_count=0, agent3_count=0
    timestep_agent2=1, timestep_agent3=1
    === agent2 (actual) breakdown ===
      g=1, i=1: T=18, n_wiz=1, Q_T=47.0, obs_cost=17.0, prob=0.167
      g=1, i=2: T=18, n_wiz=1, Q_T=47.0, obs_cost=17.0, prob=0.167
      g=2, i=1: T=7, n_wiz=2, Q_T=58.0, obs_cost=6.0, prob=0.167
      g=2, i=2: T=7, n_wiz=2, Q_T=58.0, obs_cost=6.0, prob=0.167
      g=3, i=1: T=7, n_wiz=2, Q_T=58.0, obs_cost=6.0, prob=0.167
      g=3, i=2: T=7, n_wiz=2, Q_T=58.0, obs_cost=6.0, prob=0.167
    === agent3 (naive) breakdown ===
      g=1, i=1: T=22, n_wiz=1, Q_T=47.0, obs_cost=21.0, prob=0.167
      g=1, i=2: T=22, n_wiz=1, Q_T=47.0, obs_cost=21.0, prob=0.167
      g=2, i=1: T=8, n_wiz=2, Q_T=58.0, obs_cost=7.0, prob=0.167
      g=2, i=2: T=8, n_wiz=2, Q_T=58.0, obs_cost=7.0, prob=0.167
      g=3, i=1: T=7, n_wiz=2, Q_T=58.0, obs_cost=6.0, prob=0.167
      g=3, i=2: T=7, n_wiz=2, Q_T=58.0, obs_cost=6.0, prob=0.167
    Scenario completed in 3.06s
    Cache stats: 123 hits, 14 misses, 89.8% hit rate
Processing exp4:  48%|████████████████▏                 |  ETA: 0:03:02[K  Map completed in 6.71s

Processing map: sm351
Const[wizard1, wizard2, wizard3, wizard4]Const[wizard1, wizard2, wizard3, wizard4]  Scenario 1
    agent2 (X) -> gem1 (actual), agent3 (Y) -> gem3 (naive)
    Loading probability data: s_id_agent2=3, s_id_agent3=3
    agent2_gem=1, agent3_gem=3
    Loaded agent2 probs: goal_probs size=(3, 34), state_probs size=(3, 34)
    Loaded agent3 probs: goal_probs size=(3, 32), state_probs size=(3, 32)
    Planning for agent1...
    problem.goal = has(agent1, gem3)
    agent1 location = (11, 12)
    Agent1 plan computed, length=38
    agent3 initial goal_probs: [0.333, 0.333, 0.333]
    agent3 initial state_probs: [0.333, 0.333, 0.333]
    t=0: Q_observe_agent2=118.56, Q_observe_agent3=116.11, Q_not_observe=135.0
    wizard_candidates: 3
    agent2_count=0, agent3_count=0
    timestep_agent2=1, timestep_agent3=1
    === agent2 (actual) breakdown ===
      g=1, i=1: T=7, n_wiz=3, Q_T=135.0, obs_cost=6.0, prob=0.111
      g=1, i=2: T=7, n_wiz=3, Q_T=135.0, obs_cost=6.0, prob=0.111
      g=1, i=3: T=7, n_wiz=3, Q_T=135.0, obs_cost=6.0, prob=0.111
      g=2, i=1: T=10, n_wiz=1, Q_T=83.0, obs_cost=9.0, prob=0.111
      g=2, i=2: T=12, n_wiz=1, Q_T=95.0, obs_cost=11.0, prob=0.111
      g=2, i=3: T=12, n_wiz=1, Q_T=113.0, obs_cost=11.0, prob=0.111
      g=3, i=1: T=10, n_wiz=1, Q_T=83.0, obs_cost=9.0, prob=0.111
      g=3, i=2: T=12, n_wiz=1, Q_T=95.0, obs_cost=11.0, prob=0.111
      g=3, i=3: T=12, n_wiz=1, Q_T=113.0, obs_cost=11.0, prob=0.111
    === agent3 (naive) breakdown ===
      g=1, i=1: T=3, n_wiz=3, Q_T=135.0, obs_cost=2.0, prob=0.111
      g=1, i=2: T=3, n_wiz=3, Q_T=135.0, obs_cost=2.0, prob=0.111
      g=1, i=3: T=3, n_wiz=3, Q_T=135.0, obs_cost=2.0, prob=0.111
      g=2, i=1: T=7, n_wiz=1, Q_T=83.0, obs_cost=6.0, prob=0.111
      g=2, i=2: T=11, n_wiz=1, Q_T=95.0, obs_cost=10.0, prob=0.111
      g=2, i=3: T=11, n_wiz=1, Q_T=113.0, obs_cost=10.0, prob=0.111
      g=3, i=1: T=7, n_wiz=1, Q_T=83.0, obs_cost=6.0, prob=0.111
      g=3, i=2: T=11, n_wiz=1, Q_T=95.0, obs_cost=10.0, prob=0.111
      g=3, i=3: T=11, n_wiz=1, Q_T=113.0, obs_cost=10.0, prob=0.111
    t=1: Q_observe_agent2=118.56, Q_observe_agent3=104.67, Q_not_observe=135.0
    wizard_candidates: 3
    agent2_count=0, agent3_count=1
    timestep_agent2=1, timestep_agent3=2
    === agent2 (actual) breakdown ===
      g=1, i=1: T=7, n_wiz=3, Q_T=135.0, obs_cost=6.0, prob=0.111
      g=1, i=2: T=7, n_wiz=3, Q_T=135.0, obs_cost=6.0, prob=0.111
      g=1, i=3: T=7, n_wiz=3, Q_T=135.0, obs_cost=6.0, prob=0.111
      g=2, i=1: T=10, n_wiz=1, Q_T=83.0, obs_cost=9.0, prob=0.111
      g=2, i=2: T=12, n_wiz=1, Q_T=95.0, obs_cost=11.0, prob=0.111
      g=2, i=3: T=12, n_wiz=1, Q_T=113.0, obs_cost=11.0, prob=0.111
      g=3, i=1: T=10, n_wiz=1, Q_T=83.0, obs_cost=9.0, prob=0.111
      g=3, i=2: T=12, n_wiz=1, Q_T=95.0, obs_cost=11.0, prob=0.111
      g=3, i=3: T=12, n_wiz=1, Q_T=113.0, obs_cost=11.0, prob=0.111
    === agent3 (naive) breakdown ===
      g=2, i=1: T=7, n_wiz=1, Q_T=83.0, obs_cost=5.0, prob=0.156
      g=2, i=2: T=11, n_wiz=1, Q_T=95.0, obs_cost=9.0, prob=0.156
      g=2, i=3: T=11, n_wiz=1, Q_T=113.0, obs_cost=9.0, prob=0.156
      g=3, i=1: T=7, n_wiz=1, Q_T=83.0, obs_cost=5.0, prob=0.156
      g=3, i=2: T=11, n_wiz=1, Q_T=95.0, obs_cost=9.0, prob=0.156
      g=3, i=3: T=11, n_wiz=1, Q_T=113.0, obs_cost=9.0, prob=0.156
    t=2: Q_observe_agent2=118.56, Q_observe_agent3=103.67, Q_not_observe=135.0
    wizard_candidates: 3
    agent2_count=0, agent3_count=2
    timestep_agent2=1, timestep_agent3=3
    === agent2 (actual) breakdown ===
      g=1, i=1: T=7, n_wiz=3, Q_T=135.0, obs_cost=6.0, prob=0.111
      g=1, i=2: T=7, n_wiz=3, Q_T=135.0, obs_cost=6.0, prob=0.111
      g=1, i=3: T=7, n_wiz=3, Q_T=135.0, obs_cost=6.0, prob=0.111
      g=2, i=1: T=10, n_wiz=1, Q_T=83.0, obs_cost=9.0, prob=0.111
      g=2, i=2: T=12, n_wiz=1, Q_T=95.0, obs_cost=11.0, prob=0.111
      g=2, i=3: T=12, n_wiz=1, Q_T=113.0, obs_cost=11.0, prob=0.111
      g=3, i=1: T=10, n_wiz=1, Q_T=83.0, obs_cost=9.0, prob=0.111
      g=3, i=2: T=12, n_wiz=1, Q_T=95.0, obs_cost=11.0, prob=0.111
      g=3, i=3: T=12, n_wiz=1, Q_T=113.0, obs_cost=11.0, prob=0.111
    === agent3 (naive) breakdown ===
      g=2, i=1: T=7, n_wiz=1, Q_T=83.0, obs_cost=4.0, prob=0.165
      g=2, i=2: T=11, n_wiz=1, Q_T=95.0, obs_cost=8.0, prob=0.165
      g=2, i=3: T=11, n_wiz=1, Q_T=113.0, obs_cost=8.0, prob=0.165
      g=3, i=1: T=7, n_wiz=1, Q_T=83.0, obs_cost=4.0, prob=0.165
      g=3, i=2: T=11, n_wiz=1, Q_T=95.0, obs_cost=8.0, prob=0.165
      g=3, i=3: T=11, n_wiz=1, Q_T=113.0, obs_cost=8.0, prob=0.165
    t=3: Q_observe_agent2=118.56, Q_observe_agent3=102.67, Q_not_observe=135.0
    wizard_candidates: 3
    agent2_count=0, agent3_count=3
    timestep_agent2=1, timestep_agent3=4
    === agent2 (actual) breakdown ===
      g=1, i=1: T=7, n_wiz=3, Q_T=135.0, obs_cost=6.0, prob=0.111
      g=1, i=2: T=7, n_wiz=3, Q_T=135.0, obs_cost=6.0, prob=0.111
      g=1, i=3: T=7, n_wiz=3, Q_T=135.0, obs_cost=6.0, prob=0.111
      g=2, i=1: T=10, n_wiz=1, Q_T=83.0, obs_cost=9.0, prob=0.111
      g=2, i=2: T=12, n_wiz=1, Q_T=95.0, obs_cost=11.0, prob=0.111
      g=2, i=3: T=12, n_wiz=1, Q_T=113.0, obs_cost=11.0, prob=0.111
      g=3, i=1: T=10, n_wiz=1, Q_T=83.0, obs_cost=9.0, prob=0.111
      g=3, i=2: T=12, n_wiz=1, Q_T=95.0, obs_cost=11.0, prob=0.111
      g=3, i=3: T=12, n_wiz=1, Q_T=113.0, obs_cost=11.0, prob=0.111
    === agent3 (naive) breakdown ===
      g=2, i=1: T=7, n_wiz=1, Q_T=83.0, obs_cost=3.0, prob=0.165
      g=2, i=2: T=11, n_wiz=1, Q_T=95.0, obs_cost=7.0, prob=0.165
      g=2, i=3: T=11, n_wiz=1, Q_T=113.0, obs_cost=7.0, prob=0.165
      g=3, i=1: T=7, n_wiz=1, Q_T=83.0, obs_cost=3.0, prob=0.165
      g=3, i=2: T=11, n_wiz=1, Q_T=95.0, obs_cost=7.0, prob=0.165
      g=3, i=3: T=11, n_wiz=1, Q_T=113.0, obs_cost=7.0, prob=0.165
    t=4: Q_observe_agent2=126.14, Q_observe_agent3=110.0, Q_not_observe=124.0
    wizard_candidates: 2
    agent2_count=0, agent3_count=4
    timestep_agent2=1, timestep_agent3=5
    === agent2 (actual) breakdown ===
      g=1, i=1: T=7, n_wiz=3, Q_T=135.0, obs_cost=6.0, prob=0.111
      g=1, i=2: T=7, n_wiz=3, Q_T=135.0, obs_cost=6.0, prob=0.111
      g=1, i=3: T=7, n_wiz=3, Q_T=135.0, obs_cost=6.0, prob=0.111
      g=2, i=2: T=12, n_wiz=1, Q_T=95.0, obs_cost=11.0, prob=0.111
      g=2, i=3: T=12, n_wiz=1, Q_T=113.0, obs_cost=11.0, prob=0.111
      g=3, i=2: T=12, n_wiz=1, Q_T=95.0, obs_cost=11.0, prob=0.111
      g=3, i=3: T=12, n_wiz=1, Q_T=113.0, obs_cost=11.0, prob=0.111
    === agent3 (naive) breakdown ===
      g=2, i=2: T=11, n_wiz=1, Q_T=95.0, obs_cost=6.0, prob=0.234
      g=2, i=3: T=11, n_wiz=1, Q_T=113.0, obs_cost=6.0, prob=0.234
      g=3, i=2: T=11, n_wiz=1, Q_T=95.0, obs_cost=6.0, prob=0.234
      g=3, i=3: T=11, n_wiz=1, Q_T=113.0, obs_cost=6.0, prob=0.234
    t=5: Q_observe_agent2=126.14, Q_observe_agent3=109.0, Q_not_observe=124.0
    wizard_candidates: 2
    agent2_count=0, agent3_count=5
    timestep_agent2=1, timestep_agent3=6
    === agent2 (actual) breakdown ===
      g=1, i=1: T=7, n_wiz=3, Q_T=135.0, obs_cost=6.0, prob=0.111
      g=1, i=2: T=7, n_wiz=3, Q_T=135.0, obs_cost=6.0, prob=0.111
      g=1, i=3: T=7, n_wiz=3, Q_T=135.0, obs_cost=6.0, prob=0.111
      g=2, i=2: T=12, n_wiz=1, Q_T=95.0, obs_cost=11.0, prob=0.111
      g=2, i=3: T=12, n_wiz=1, Q_T=113.0, obs_cost=11.0, prob=0.111
      g=3, i=2: T=12, n_wiz=1, Q_T=95.0, obs_cost=11.0, prob=0.111
      g=3, i=3: T=12, n_wiz=1, Q_T=113.0, obs_cost=11.0, prob=0.111
    === agent3 (naive) breakdown ===
      g=2, i=2: T=11, n_wiz=1, Q_T=95.0, obs_cost=5.0, prob=0.248
      g=2, i=3: T=11, n_wiz=1, Q_T=113.0, obs_cost=5.0, prob=0.248
      g=3, i=2: T=11, n_wiz=1, Q_T=95.0, obs_cost=5.0, prob=0.248
      g=3, i=3: T=11, n_wiz=1, Q_T=113.0, obs_cost=5.0, prob=0.248
    t=6: Q_observe_agent2=126.14, Q_observe_agent3=108.0, Q_not_observe=124.0
    wizard_candidates: 2
    agent2_count=0, agent3_count=6
    timestep_agent2=1, timestep_agent3=7
    === agent2 (actual) breakdown ===
      g=1, i=1: T=7, n_wiz=3, Q_T=135.0, obs_cost=6.0, prob=0.111
      g=1, i=2: T=7, n_wiz=3, Q_T=135.0, obs_cost=6.0, prob=0.111
      g=1, i=3: T=7, n_wiz=3, Q_T=135.0, obs_cost=6.0, prob=0.111
      g=2, i=2: T=12, n_wiz=1, Q_T=95.0, obs_cost=11.0, prob=0.111
      g=2, i=3: T=12, n_wiz=1, Q_T=113.0, obs_cost=11.0, prob=0.111
      g=3, i=2: T=12, n_wiz=1, Q_T=95.0, obs_cost=11.0, prob=0.111
      g=3, i=3: T=12, n_wiz=1, Q_T=113.0, obs_cost=11.0, prob=0.111
    === agent3 (naive) breakdown ===
      g=2, i=2: T=11, n_wiz=1, Q_T=95.0, obs_cost=4.0, prob=0.25
      g=2, i=3: T=11, n_wiz=1, Q_T=113.0, obs_cost=4.0, prob=0.25
      g=3, i=2: T=11, n_wiz=1, Q_T=95.0, obs_cost=4.0, prob=0.25
      g=3, i=3: T=11, n_wiz=1, Q_T=113.0, obs_cost=4.0, prob=0.25
    t=7: Q_observe_agent2=126.14, Q_observe_agent3=107.0, Q_not_observe=124.0
    wizard_candidates: 2
    agent2_count=0, agent3_count=7
    timestep_agent2=1, timestep_agent3=8
    === agent2 (actual) breakdown ===
      g=1, i=1: T=7, n_wiz=3, Q_T=135.0, obs_cost=6.0, prob=0.111
      g=1, i=2: T=7, n_wiz=3, Q_T=135.0, obs_cost=6.0, prob=0.111
      g=1, i=3: T=7, n_wiz=3, Q_T=135.0, obs_cost=6.0, prob=0.111
      g=2, i=2: T=12, n_wiz=1, Q_T=95.0, obs_cost=11.0, prob=0.111
      g=2, i=3: T=12, n_wiz=1, Q_T=113.0, obs_cost=11.0, prob=0.111
      g=3, i=2: T=12, n_wiz=1, Q_T=95.0, obs_cost=11.0, prob=0.111
      g=3, i=3: T=12, n_wiz=1, Q_T=113.0, obs_cost=11.0, prob=0.111
    === agent3 (naive) breakdown ===
      g=2, i=2: T=11, n_wiz=1, Q_T=95.0, obs_cost=3.0, prob=0.25
      g=2, i=3: T=11, n_wiz=1, Q_T=113.0, obs_cost=3.0, prob=0.25
      g=3, i=2: T=11, n_wiz=1, Q_T=95.0, obs_cost=3.0, prob=0.25
      g=3, i=3: T=11, n_wiz=1, Q_T=113.0, obs_cost=3.0, prob=0.25
    t=8: Q_observe_agent2=126.14, Q_observe_agent3=106.0, Q_not_observe=124.0
    wizard_candidates: 2
    agent2_count=0, agent3_count=8
    timestep_agent2=1, timestep_agent3=9
    === agent2 (actual) breakdown ===
      g=1, i=1: T=7, n_wiz=3, Q_T=135.0, obs_cost=6.0, prob=0.111
      g=1, i=2: T=7, n_wiz=3, Q_T=135.0, obs_cost=6.0, prob=0.111
      g=1, i=3: T=7, n_wiz=3, Q_T=135.0, obs_cost=6.0, prob=0.111
      g=2, i=2: T=12, n_wiz=1, Q_T=95.0, obs_cost=11.0, prob=0.111
      g=2, i=3: T=12, n_wiz=1, Q_T=113.0, obs_cost=11.0, prob=0.111
      g=3, i=2: T=12, n_wiz=1, Q_T=95.0, obs_cost=11.0, prob=0.111
      g=3, i=3: T=12, n_wiz=1, Q_T=113.0, obs_cost=11.0, prob=0.111
    === agent3 (naive) breakdown ===
      g=2, i=2: T=11, n_wiz=1, Q_T=95.0, obs_cost=2.0, prob=0.25
      g=2, i=3: T=11, n_wiz=1, Q_T=113.0, obs_cost=2.0, prob=0.25
      g=3, i=2: T=11, n_wiz=1, Q_T=95.0, obs_cost=2.0, prob=0.25
      g=3, i=3: T=11, n_wiz=1, Q_T=113.0, obs_cost=2.0, prob=0.25
    t=9: Q_observe_agent2=126.14, Q_observe_agent3=111.85, Q_not_observe=124.0
    wizard_candidates: 2
    agent2_count=0, agent3_count=9
    timestep_agent2=1, timestep_agent3=10
    === agent2 (actual) breakdown ===
      g=1, i=1: T=7, n_wiz=3, Q_T=135.0, obs_cost=6.0, prob=0.111
      g=1, i=2: T=7, n_wiz=3, Q_T=135.0, obs_cost=6.0, prob=0.111
      g=1, i=3: T=7, n_wiz=3, Q_T=135.0, obs_cost=6.0, prob=0.111
      g=2, i=2: T=12, n_wiz=1, Q_T=95.0, obs_cost=11.0, prob=0.111
      g=2, i=3: T=12, n_wiz=1, Q_T=113.0, obs_cost=11.0, prob=0.111
      g=3, i=2: T=12, n_wiz=1, Q_T=95.0, obs_cost=11.0, prob=0.111
      g=3, i=3: T=12, n_wiz=1, Q_T=113.0, obs_cost=11.0, prob=0.111
    === agent3 (naive) breakdown ===
      g=2, i=2: T=11, n_wiz=1, Q_T=95.0, obs_cost=1.0, prob=0.06
      g=2, i=3: T=11, n_wiz=1, Q_T=113.0, obs_cost=1.0, prob=0.44
      g=3, i=2: T=11, n_wiz=1, Q_T=95.0, obs_cost=1.0, prob=0.06
      g=3, i=3: T=11, n_wiz=1, Q_T=113.0, obs_cost=1.0, prob=0.44
    t=10: Q_observe_agent2=134.2, Q_observe_agent3=114.0, Q_not_observe=113.0
    wizard_candidates: 1
    agent2_count=0, agent3_count=10
    timestep_agent2=1, timestep_agent3=11
    === agent2 (actual) breakdown ===
      g=1, i=1: T=7, n_wiz=3, Q_T=135.0, obs_cost=6.0, prob=0.111
      g=1, i=2: T=7, n_wiz=3, Q_T=135.0, obs_cost=6.0, prob=0.111
      g=1, i=3: T=7, n_wiz=3, Q_T=135.0, obs_cost=6.0, prob=0.111
      g=2, i=3: T=12, n_wiz=1, Q_T=113.0, obs_cost=11.0, prob=0.111
      g=3, i=3: T=12, n_wiz=1, Q_T=113.0, obs_cost=11.0, prob=0.111
    === agent3 (naive) breakdown ===
      g=2, i=3: T=11, n_wiz=1, Q_T=113.0, obs_cost=1.0, prob=0.491
      g=3, i=3: T=11, n_wiz=1, Q_T=113.0, obs_cost=1.0, prob=0.491
    Scenario completed in 4.84s
    Cache stats: 1557 hits, 26 misses, 98.4% hit rate
Processing exp4:  50%|█████████████████                 |  ETA: 0:02:53[K  Map completed in 8.76s

=== Timing Summary ===
Total time: 173.08s
Average per map: 8.65s
Fastest map: 6.41s
Slowest map: 19.73s

=== Experiment Complete ===
Results saved to: /Users/heyodogo/code/lab/social_learning/social_learning_ToM/model_outputs/experiments_v2/exp4/_wrapper_artifacts/steps_dict_exp4_031726_2_scenario1.json
Replay trace saved to: /Users/heyodogo/code/lab/social_learning/social_learning_ToM/model_outputs/experiments_v2/exp4/_wrapper_artifacts/steps_dict_exp4_031726_2_scenario1_replay_trace.json

Results saved to: /Users/heyodogo/code/lab/social_learning/social_learning_ToM/model_outputs/experiments_v2/exp4/_wrapper_artifacts/steps_dict_exp4_031726_2_scenario1.json
Replay trace saved to: /Users/heyodogo/code/lab/social_learning/social_learning_ToM/model_outputs/experiments_v2/exp4/_wrapper_artifacts/steps_dict_exp4_031726_2_scenario1_replay_trace.json
Canonical scenario outputs: /Users/heyodogo/code/lab/social_learning/social_learning_ToM/model_outputs/experiments_v2/exp4/scenario1
Debug output saved to: /Users/heyodogo/code/lab/social_learning/social_learning_ToM/model_outputs/experiments_v2/exp4/_wrapper_artifacts/steps_dict_exp4_031726_2_scenario1_debug.txt

==================================================
PHASE 2: Running all maps for Scenario 2
==================================================
WARNING: redefinition of constant Main.PLANNER_CACHE. This may fail, cause incorrect answers, or produce other errors.
WARNING: redefinition of constant Main.CACHE_HITS. This may fail, cause incorrect answers, or produce other errors.
WARNING: redefinition of constant Main.CACHE_MISSES. This may fail, cause incorrect answers, or produce other errors.
WARNING: redefinition of constant Main.PLANNER_CACHE. This may fail, cause incorrect answers, or produce other errors.
WARNING: redefinition of constant Main.CACHE_HITS. This may fail, cause incorrect answers, or produce other errors.
WARNING: redefinition of constant Main.CACHE_MISSES. This may fail, cause incorrect answers, or produce other errors.
WARNING: redefinition of constant Main.PLANNER_CACHE. This may fail, cause incorrect answers, or produce other errors.
WARNING: redefinition of constant Main.CACHE_HITS. This may fail, cause incorrect answers, or produce other errors.
WARNING: redefinition of constant Main.CACHE_MISSES. This may fail, cause incorrect answers, or produce other errors.
┌ Warning: type PDDL.##CompiledDoorsKeysGemsState#235 does not exist in workspace; interpreting Array{PDDL.##CompiledDoorsKeysGemsState#235} as Array{Any}
└ @ JLD2 ~/.julia/packages/JLD2/WDhXU/src/datasets.jl:128
┌ Warning: type PDDL.##CompiledDoorsKeysGemsState#235 does not exist in workspace; reconstructing
└ @ JLD2 ~/.julia/packages/JLD2/WDhXU/src/data/reconstructing_datatypes.jl:588
┌ Warning: type PDDL.##CompiledDoorsKeysGemsState#293 does not exist in workspace; reconstructing
└ @ JLD2 ~/.julia/packages/JLD2/WDhXU/src/data/reconstructing_datatypes.jl:588
┌ Warning: type PDDL.##CompiledDoorsKeysGemsState#351 does not exist in workspace; reconstructing
└ @ JLD2 ~/.julia/packages/JLD2/WDhXU/src/data/reconstructing_datatypes.jl:588
┌ Warning: type PDDL.##CompiledDoorsKeysGemsState#409 does not exist in workspace; reconstructing
└ @ JLD2 ~/.julia/packages/JLD2/WDhXU/src/data/reconstructing_datatypes.jl:588
┌ Warning: type PDDL.##CompiledDoorsKeysGemsState#467 does not exist in workspace; reconstructing
└ @ JLD2 ~/.julia/packages/JLD2/WDhXU/src/data/reconstructing_datatypes.jl:588
┌ Warning: type PDDL.##CompiledDoorsKeysGemsState#525 does not exist in workspace; reconstructing
└ @ JLD2 ~/.julia/packages/JLD2/WDhXU/src/data/reconstructing_datatypes.jl:588
┌ Warning: type PDDL.##CompiledDoorsKeysGemsState#583 does not exist in workspace; reconstructing
└ @ JLD2 ~/.julia/packages/JLD2/WDhXU/src/data/reconstructing_datatypes.jl:588
┌ Warning: type PDDL.##CompiledDoorsKeysGemsState#641 does not exist in workspace; reconstructing
└ @ JLD2 ~/.julia/packages/JLD2/WDhXU/src/data/reconstructing_datatypes.jl:588
┌ Warning: type PDDL.##CompiledDoorsKeysGemsState#699 does not exist in workspace; reconstructing
└ @ JLD2 ~/.julia/packages/JLD2/WDhXU/src/data/reconstructing_datatypes.jl:588
┌ Warning: type PDDL.##CompiledDoorsKeysGemsState#757 does not exist in workspace; reconstructing
└ @ JLD2 ~/.julia/packages/JLD2/WDhXU/src/data/reconstructing_datatypes.jl:588
┌ Warning: type PDDL.##CompiledDoorsKeysGemsState#815 does not exist in workspace; reconstructing
└ @ JLD2 ~/.julia/packages/JLD2/WDhXU/src/data/reconstructing_datatypes.jl:588
┌ Warning: type PDDL.##CompiledDoorsKeysGemsState#873 does not exist in workspace; reconstructing
└ @ JLD2 ~/.julia/packages/JLD2/WDhXU/src/data/reconstructing_datatypes.jl:588
┌ Warning: type PDDL.##CompiledDoorsKeysGemsState#931 does not exist in workspace; reconstructing
└ @ JLD2 ~/.julia/packages/JLD2/WDhXU/src/data/reconstructing_datatypes.jl:588
┌ Warning: type PDDL.##CompiledDoorsKeysGemsState#989 does not exist in workspace; reconstructing
└ @ JLD2 ~/.julia/packages/JLD2/WDhXU/src/data/reconstructing_datatypes.jl:588
┌ Warning: type PDDL.##CompiledDoorsKeysGemsState#1047 does not exist in workspace; reconstructing
└ @ JLD2 ~/.julia/packages/JLD2/WDhXU/src/data/reconstructing_datatypes.jl:588
┌ Warning: type PDDL.##CompiledDoorsKeysGemsState#1105 does not exist in workspace; reconstructing
└ @ JLD2 ~/.julia/packages/JLD2/WDhXU/src/data/reconstructing_datatypes.jl:588
┌ Warning: type PDDL.##CompiledDoorsKeysGemsState#1163 does not exist in workspace; reconstructing
└ @ JLD2 ~/.julia/packages/JLD2/WDhXU/src/data/reconstructing_datatypes.jl:588
┌ Warning: type PDDL.##CompiledDoorsKeysGemsState#1221 does not exist in workspace; reconstructing
└ @ JLD2 ~/.julia/packages/JLD2/WDhXU/src/data/reconstructing_datatypes.jl:588
┌ Warning: type PDDL.##CompiledDoorsKeysGemsState#1279 does not exist in workspace; reconstructing
└ @ JLD2 ~/.julia/packages/JLD2/WDhXU/src/data/reconstructing_datatypes.jl:588
┌ Warning: type PDDL.##CompiledDoorsKeysGemsState#1337 does not exist in workspace; reconstructing
└ @ JLD2 ~/.julia/packages/JLD2/WDhXU/src/data/reconstructing_datatypes.jl:588
┌ Warning: type PDDL.##CompiledDoorsKeysGemsState#1395 does not exist in workspace; reconstructing
└ @ JLD2 ~/.julia/packages/JLD2/WDhXU/src/data/reconstructing_datatypes.jl:588
┌ Warning: type PDDL.##CompiledDoorsKeysGemsState#1453 does not exist in workspace; reconstructing
└ @ JLD2 ~/.julia/packages/JLD2/WDhXU/src/data/reconstructing_datatypes.jl:588
┌ Warning: type PDDL.##CompiledDoorsKeysGemsState#1511 does not exist in workspace; reconstructing
└ @ JLD2 ~/.julia/packages/JLD2/WDhXU/src/data/reconstructing_datatypes.jl:588
┌ Warning: type PDDL.##CompiledDoorsKeysGemsState#1569 does not exist in workspace; reconstructing
└ @ JLD2 ~/.julia/packages/JLD2/WDhXU/src/data/reconstructing_datatypes.jl:588
┌ Warning: type PDDL.##CompiledDoorsKeysGemsState#1627 does not exist in workspace; reconstructing
└ @ JLD2 ~/.julia/packages/JLD2/WDhXU/src/data/reconstructing_datatypes.jl:588
┌ Warning: type PDDL.##CompiledDoorsKeysGemsState#1685 does not exist in workspace; reconstructing
└ @ JLD2 ~/.julia/packages/JLD2/WDhXU/src/data/reconstructing_datatypes.jl:588
┌ Warning: type PDDL.##CompiledDoorsKeysGemsState#1743 does not exist in workspace; reconstructing
└ @ JLD2 ~/.julia/packages/JLD2/WDhXU/src/data/reconstructing_datatypes.jl:588
┌ Warning: type PDDL.##CompiledDoorsKeysGemsState#1801 does not exist in workspace; reconstructing
└ @ JLD2 ~/.julia/packages/JLD2/WDhXU/src/data/reconstructing_datatypes.jl:588
┌ Warning: type PDDL.##CompiledDoorsKeysGemsState#1859 does not exist in workspace; reconstructing
└ @ JLD2 ~/.julia/packages/JLD2/WDhXU/src/data/reconstructing_datatypes.jl:588
┌ Warning: type PDDL.##CompiledDoorsKeysGemsState#1917 does not exist in workspace; reconstructing
└ @ JLD2 ~/.julia/packages/JLD2/WDhXU/src/data/reconstructing_datatypes.jl:588
┌ Warning: type PDDL.##CompiledDoorsKeysGemsState#1975 does not exist in workspace; reconstructing
└ @ JLD2 ~/.julia/packages/JLD2/WDhXU/src/data/reconstructing_datatypes.jl:588
┌ Warning: type PDDL.##CompiledDoorsKeysGemsState#2033 does not exist in workspace; reconstructing
└ @ JLD2 ~/.julia/packages/JLD2/WDhXU/src/data/reconstructing_datatypes.jl:588
┌ Warning: type PDDL.##CompiledDoorsKeysGemsState#2091 does not exist in workspace; reconstructing
└ @ JLD2 ~/.julia/packages/JLD2/WDhXU/src/data/reconstructing_datatypes.jl:588
┌ Warning: type PDDL.##CompiledDoorsKeysGemsState#2149 does not exist in workspace; reconstructing
└ @ JLD2 ~/.julia/packages/JLD2/WDhXU/src/data/reconstructing_datatypes.jl:588
┌ Warning: type PDDL.##CompiledDoorsKeysGemsState#2207 does not exist in workspace; reconstructing
└ @ JLD2 ~/.julia/packages/JLD2/WDhXU/src/data/reconstructing_datatypes.jl:588
┌ Warning: type PDDL.##CompiledDoorsKeysGemsState#2265 does not exist in workspace; reconstructing
└ @ JLD2 ~/.julia/packages/JLD2/WDhXU/src/data/reconstructing_datatypes.jl:588
┌ Warning: type PDDL.##CompiledDoorsKeysGemsState#2323 does not exist in workspace; reconstructing
└ @ JLD2 ~/.julia/packages/JLD2/WDhXU/src/data/reconstructing_datatypes.jl:588
┌ Warning: type PDDL.##CompiledDoorsKeysGemsState#2381 does not exist in workspace; reconstructing
└ @ JLD2 ~/.julia/packages/JLD2/WDhXU/src/data/reconstructing_datatypes.jl:588
┌ Warning: type PDDL.##CompiledDoorsKeysGemsState#2439 does not exist in workspace; reconstructing
└ @ JLD2 ~/.julia/packages/JLD2/WDhXU/src/data/reconstructing_datatypes.jl:588
┌ Warning: type PDDL.##CompiledDoorsKeysGemsState#2497 does not exist in workspace; reconstructing
└ @ JLD2 ~/.julia/packages/JLD2/WDhXU/src/data/reconstructing_datatypes.jl:588

Processing map: sm521
Const[wizard1, wizard2, wizard3, wizard4, wizard5]Const[wizard1, wizard2, wizard3, wizard4, wizard5]  Scenario 2
    agent2 (X) -> gem1 (actual), agent3 (Y) -> gem2 (naive)
    Loading probability data: s_id_agent2=1, s_id_agent3=1
    agent2_gem=1, agent3_gem=2
    Loaded agent2 probs: goal_probs size=(3, 44), state_probs size=(5, 44)
    Loaded agent3 probs: goal_probs size=(3, 53), state_probs size=(5, 53)
    Planning for agent1...
    problem.goal = has(agent1, gem2)
    agent1 location = (1, 10)
    Agent1 plan computed, length=48
    agent3 initial goal_probs: [0.333, 0.333, 0.333]
    agent3 initial state_probs: [0.2, 0.2, 0.2, 0.2, 0.2]
    t=0: Q_observe_agent2=131.33, Q_observe_agent3=135.93, Q_not_observe=187.0
    wizard_candidates: 5
    agent2_count=0, agent3_count=0
    timestep_agent2=1, timestep_agent3=1
    === agent2 (actual) breakdown ===
      g=1, i=1: T=11, n_wiz=1, Q_T=143.0, obs_cost=10.0, prob=0.067
      g=1, i=2: T=11, n_wiz=1, Q_T=101.0, obs_cost=10.0, prob=0.067
      g=1, i=3: T=9, n_wiz=1, Q_T=89.0, obs_cost=8.0, prob=0.067
      g=1, i=4: T=8, n_wiz=1, Q_T=77.0, obs_cost=7.0, prob=0.067
      g=1, i=5: T=6, n_wiz=1, Q_T=65.0, obs_cost=5.0, prob=0.067
      g=2, i=1: T=11, n_wiz=1, Q_T=143.0, obs_cost=10.0, prob=0.067
      g=2, i=2: T=11, n_wiz=1, Q_T=101.0, obs_cost=10.0, prob=0.067
      g=2, i=3: T=9, n_wiz=1, Q_T=89.0, obs_cost=8.0, prob=0.067
      g=2, i=4: T=8, n_wiz=1, Q_T=77.0, obs_cost=7.0, prob=0.067
      g=2, i=5: T=6, n_wiz=1, Q_T=65.0, obs_cost=5.0, prob=0.067
      g=3, i=1: T=2, n_wiz=5, Q_T=187.0, obs_cost=1.0, prob=0.067
      g=3, i=2: T=2, n_wiz=5, Q_T=187.0, obs_cost=1.0, prob=0.067
      g=3, i=3: T=2, n_wiz=5, Q_T=187.0, obs_cost=1.0, prob=0.067
      g=3, i=4: T=2, n_wiz=5, Q_T=187.0, obs_cost=1.0, prob=0.067
      g=3, i=5: T=2, n_wiz=5, Q_T=187.0, obs_cost=1.0, prob=0.067
    === agent3 (naive) breakdown ===
      g=1, i=1: T=21, n_wiz=1, Q_T=143.0, obs_cost=20.0, prob=0.067
      g=1, i=2: T=21, n_wiz=1, Q_T=101.0, obs_cost=20.0, prob=0.067
      g=1, i=3: T=16, n_wiz=1, Q_T=89.0, obs_cost=15.0, prob=0.067
      g=1, i=4: T=12, n_wiz=1, Q_T=77.0, obs_cost=11.0, prob=0.067
      g=1, i=5: T=7, n_wiz=1, Q_T=65.0, obs_cost=6.0, prob=0.067
      g=2, i=1: T=21, n_wiz=1, Q_T=143.0, obs_cost=20.0, prob=0.067
      g=2, i=2: T=21, n_wiz=1, Q_T=101.0, obs_cost=20.0, prob=0.067
      g=2, i=3: T=16, n_wiz=1, Q_T=89.0, obs_cost=15.0, prob=0.067
      g=2, i=4: T=12, n_wiz=1, Q_T=77.0, obs_cost=11.0, prob=0.067
      g=2, i=5: T=7, n_wiz=1, Q_T=65.0, obs_cost=6.0, prob=0.067
      g=3, i=1: T=3, n_wiz=5, Q_T=187.0, obs_cost=2.0, prob=0.067
      g=3, i=2: T=3, n_wiz=5, Q_T=187.0, obs_cost=2.0, prob=0.067
      g=3, i=3: T=3, n_wiz=5, Q_T=187.0, obs_cost=2.0, prob=0.067
      g=3, i=4: T=3, n_wiz=5, Q_T=187.0, obs_cost=2.0, prob=0.067
      g=3, i=5: T=3, n_wiz=5, Q_T=187.0, obs_cost=2.0, prob=0.067
    t=1: Q_observe_agent2=102.0, Q_observe_agent3=135.93, Q_not_observe=187.0
    wizard_candidates: 5
    agent2_count=1, agent3_count=0
    timestep_agent2=2, timestep_agent3=1
    === agent2 (actual) breakdown ===
      g=1, i=1: T=11, n_wiz=1, Q_T=143.0, obs_cost=9.0, prob=0.099
      g=1, i=2: T=11, n_wiz=1, Q_T=101.0, obs_cost=9.0, prob=0.099
      g=1, i=3: T=9, n_wiz=1, Q_T=89.0, obs_cost=7.0, prob=0.099
      g=1, i=4: T=8, n_wiz=1, Q_T=77.0, obs_cost=6.0, prob=0.099
      g=1, i=5: T=6, n_wiz=1, Q_T=65.0, obs_cost=4.0, prob=0.099
      g=2, i=1: T=11, n_wiz=1, Q_T=143.0, obs_cost=9.0, prob=0.099
      g=2, i=2: T=11, n_wiz=1, Q_T=101.0, obs_cost=9.0, prob=0.099
      g=2, i=3: T=9, n_wiz=1, Q_T=89.0, obs_cost=7.0, prob=0.099
      g=2, i=4: T=8, n_wiz=1, Q_T=77.0, obs_cost=6.0, prob=0.099
      g=2, i=5: T=6, n_wiz=1, Q_T=65.0, obs_cost=4.0, prob=0.099
    === agent3 (naive) breakdown ===
      g=1, i=1: T=21, n_wiz=1, Q_T=143.0, obs_cost=20.0, prob=0.067
      g=1, i=2: T=21, n_wiz=1, Q_T=101.0, obs_cost=20.0, prob=0.067
      g=1, i=3: T=16, n_wiz=1, Q_T=89.0, obs_cost=15.0, prob=0.067
      g=1, i=4: T=12, n_wiz=1, Q_T=77.0, obs_cost=11.0, prob=0.067
      g=1, i=5: T=7, n_wiz=1, Q_T=65.0, obs_cost=6.0, prob=0.067
      g=2, i=1: T=21, n_wiz=1, Q_T=143.0, obs_cost=20.0, prob=0.067
      g=2, i=2: T=21, n_wiz=1, Q_T=101.0, obs_cost=20.0, prob=0.067
      g=2, i=3: T=16, n_wiz=1, Q_T=89.0, obs_cost=15.0, prob=0.067
      g=2, i=4: T=12, n_wiz=1, Q_T=77.0, obs_cost=11.0, prob=0.067
      g=2, i=5: T=7, n_wiz=1, Q_T=65.0, obs_cost=6.0, prob=0.067
      g=3, i=1: T=3, n_wiz=5, Q_T=187.0, obs_cost=2.0, prob=0.067
      g=3, i=2: T=3, n_wiz=5, Q_T=187.0, obs_cost=2.0, prob=0.067
      g=3, i=3: T=3, n_wiz=5, Q_T=187.0, obs_cost=2.0, prob=0.067
      g=3, i=4: T=3, n_wiz=5, Q_T=187.0, obs_cost=2.0, prob=0.067
      g=3, i=5: T=3, n_wiz=5, Q_T=187.0, obs_cost=2.0, prob=0.067
    t=2: Q_observe_agent2=101.0, Q_observe_agent3=135.93, Q_not_observe=187.0
    wizard_candidates: 5
    agent2_count=2, agent3_count=0
    timestep_agent2=3, timestep_agent3=1
    === agent2 (actual) breakdown ===
      g=1, i=1: T=11, n_wiz=1, Q_T=143.0, obs_cost=8.0, prob=0.1
      g=1, i=2: T=11, n_wiz=1, Q_T=101.0, obs_cost=8.0, prob=0.1
      g=1, i=3: T=9, n_wiz=1, Q_T=89.0, obs_cost=6.0, prob=0.1
      g=1, i=4: T=8, n_wiz=1, Q_T=77.0, obs_cost=5.0, prob=0.1
      g=1, i=5: T=6, n_wiz=1, Q_T=65.0, obs_cost=3.0, prob=0.1
      g=2, i=1: T=11, n_wiz=1, Q_T=143.0, obs_cost=8.0, prob=0.1
      g=2, i=2: T=11, n_wiz=1, Q_T=101.0, obs_cost=8.0, prob=0.1
      g=2, i=3: T=9, n_wiz=1, Q_T=89.0, obs_cost=6.0, prob=0.1
      g=2, i=4: T=8, n_wiz=1, Q_T=77.0, obs_cost=5.0, prob=0.1
      g=2, i=5: T=6, n_wiz=1, Q_T=65.0, obs_cost=3.0, prob=0.1
    === agent3 (naive) breakdown ===
      g=1, i=1: T=21, n_wiz=1, Q_T=143.0, obs_cost=20.0, prob=0.067
      g=1, i=2: T=21, n_wiz=1, Q_T=101.0, obs_cost=20.0, prob=0.067
      g=1, i=3: T=16, n_wiz=1, Q_T=89.0, obs_cost=15.0, prob=0.067
      g=1, i=4: T=12, n_wiz=1, Q_T=77.0, obs_cost=11.0, prob=0.067
      g=1, i=5: T=7, n_wiz=1, Q_T=65.0, obs_cost=6.0, prob=0.067
      g=2, i=1: T=21, n_wiz=1, Q_T=143.0, obs_cost=20.0, prob=0.067
      g=2, i=2: T=21, n_wiz=1, Q_T=101.0, obs_cost=20.0, prob=0.067
      g=2, i=3: T=16, n_wiz=1, Q_T=89.0, obs_cost=15.0, prob=0.067
      g=2, i=4: T=12, n_wiz=1, Q_T=77.0, obs_cost=11.0, prob=0.067
      g=2, i=5: T=7, n_wiz=1, Q_T=65.0, obs_cost=6.0, prob=0.067
      g=3, i=1: T=3, n_wiz=5, Q_T=187.0, obs_cost=2.0, prob=0.067
      g=3, i=2: T=3, n_wiz=5, Q_T=187.0, obs_cost=2.0, prob=0.067
      g=3, i=3: T=3, n_wiz=5, Q_T=187.0, obs_cost=2.0, prob=0.067
      g=3, i=4: T=3, n_wiz=5, Q_T=187.0, obs_cost=2.0, prob=0.067
      g=3, i=5: T=3, n_wiz=5, Q_T=187.0, obs_cost=2.0, prob=0.067
    t=3: Q_observe_agent2=100.0, Q_observe_agent3=135.93, Q_not_observe=187.0
    wizard_candidates: 5
    agent2_count=3, agent3_count=0
    timestep_agent2=4, timestep_agent3=1
    === agent2 (actual) breakdown ===
      g=1, i=1: T=11, n_wiz=1, Q_T=143.0, obs_cost=7.0, prob=0.1
      g=1, i=2: T=11, n_wiz=1, Q_T=101.0, obs_cost=7.0, prob=0.1
      g=1, i=3: T=9, n_wiz=1, Q_T=89.0, obs_cost=5.0, prob=0.1
      g=1, i=4: T=8, n_wiz=1, Q_T=77.0, obs_cost=4.0, prob=0.1
      g=1, i=5: T=6, n_wiz=1, Q_T=65.0, obs_cost=2.0, prob=0.1
      g=2, i=1: T=11, n_wiz=1, Q_T=143.0, obs_cost=7.0, prob=0.1
      g=2, i=2: T=11, n_wiz=1, Q_T=101.0, obs_cost=7.0, prob=0.1
      g=2, i=3: T=9, n_wiz=1, Q_T=89.0, obs_cost=5.0, prob=0.1
      g=2, i=4: T=8, n_wiz=1, Q_T=77.0, obs_cost=4.0, prob=0.1
      g=2, i=5: T=6, n_wiz=1, Q_T=65.0, obs_cost=2.0, prob=0.1
    === agent3 (naive) breakdown ===
      g=1, i=1: T=21, n_wiz=1, Q_T=143.0, obs_cost=20.0, prob=0.067
      g=1, i=2: T=21, n_wiz=1, Q_T=101.0, obs_cost=20.0, prob=0.067
      g=1, i=3: T=16, n_wiz=1, Q_T=89.0, obs_cost=15.0, prob=0.067
      g=1, i=4: T=12, n_wiz=1, Q_T=77.0, obs_cost=11.0, prob=0.067
      g=1, i=5: T=7, n_wiz=1, Q_T=65.0, obs_cost=6.0, prob=0.067
      g=2, i=1: T=21, n_wiz=1, Q_T=143.0, obs_cost=20.0, prob=0.067
      g=2, i=2: T=21, n_wiz=1, Q_T=101.0, obs_cost=20.0, prob=0.067
      g=2, i=3: T=16, n_wiz=1, Q_T=89.0, obs_cost=15.0, prob=0.067
      g=2, i=4: T=12, n_wiz=1, Q_T=77.0, obs_cost=11.0, prob=0.067
      g=2, i=5: T=7, n_wiz=1, Q_T=65.0, obs_cost=6.0, prob=0.067
      g=3, i=1: T=3, n_wiz=5, Q_T=187.0, obs_cost=2.0, prob=0.067
      g=3, i=2: T=3, n_wiz=5, Q_T=187.0, obs_cost=2.0, prob=0.067
      g=3, i=3: T=3, n_wiz=5, Q_T=187.0, obs_cost=2.0, prob=0.067
      g=3, i=4: T=3, n_wiz=5, Q_T=187.0, obs_cost=2.0, prob=0.067
      g=3, i=5: T=3, n_wiz=5, Q_T=187.0, obs_cost=2.0, prob=0.067
    t=4: Q_observe_agent2=107.25, Q_observe_agent3=145.92, Q_not_observe=176.0
    wizard_candidates: 4
    agent2_count=4, agent3_count=0
    timestep_agent2=5, timestep_agent3=1
    === agent2 (actual) breakdown ===
      g=1, i=1: T=11, n_wiz=1, Q_T=143.0, obs_cost=6.0, prob=0.124
      g=1, i=2: T=11, n_wiz=1, Q_T=101.0, obs_cost=6.0, prob=0.124
      g=1, i=3: T=9, n_wiz=1, Q_T=89.0, obs_cost=4.0, prob=0.124
      g=1, i=4: T=8, n_wiz=1, Q_T=77.0, obs_cost=3.0, prob=0.124
      g=2, i=1: T=11, n_wiz=1, Q_T=143.0, obs_cost=6.0, prob=0.124
      g=2, i=2: T=11, n_wiz=1, Q_T=101.0, obs_cost=6.0, prob=0.124
      g=2, i=3: T=9, n_wiz=1, Q_T=89.0, obs_cost=4.0, prob=0.124
      g=2, i=4: T=8, n_wiz=1, Q_T=77.0, obs_cost=3.0, prob=0.124
    === agent3 (naive) breakdown ===
      g=1, i=1: T=21, n_wiz=1, Q_T=143.0, obs_cost=20.0, prob=0.067
      g=1, i=2: T=21, n_wiz=1, Q_T=101.0, obs_cost=20.0, prob=0.067
      g=1, i=3: T=16, n_wiz=1, Q_T=89.0, obs_cost=15.0, prob=0.067
      g=1, i=4: T=12, n_wiz=1, Q_T=77.0, obs_cost=11.0, prob=0.067
      g=2, i=1: T=21, n_wiz=1, Q_T=143.0, obs_cost=20.0, prob=0.067
      g=2, i=2: T=21, n_wiz=1, Q_T=101.0, obs_cost=20.0, prob=0.067
      g=2, i=3: T=16, n_wiz=1, Q_T=89.0, obs_cost=15.0, prob=0.067
      g=2, i=4: T=12, n_wiz=1, Q_T=77.0, obs_cost=11.0, prob=0.067
      g=3, i=1: T=3, n_wiz=5, Q_T=187.0, obs_cost=2.0, prob=0.067
      g=3, i=2: T=3, n_wiz=5, Q_T=187.0, obs_cost=2.0, prob=0.067
      g=3, i=3: T=3, n_wiz=5, Q_T=187.0, obs_cost=2.0, prob=0.067
      g=3, i=4: T=3, n_wiz=5, Q_T=187.0, obs_cost=2.0, prob=0.067
      g=3, i=5: T=3, n_wiz=5, Q_T=187.0, obs_cost=2.0, prob=0.067
    t=5: Q_observe_agent2=106.25, Q_observe_agent3=145.92, Q_not_observe=176.0
    wizard_candidates: 4
    agent2_count=5, agent3_count=0
    timestep_agent2=6, timestep_agent3=1
    === agent2 (actual) breakdown ===
      g=1, i=1: T=11, n_wiz=1, Q_T=143.0, obs_cost=5.0, prob=0.125
      g=1, i=2: T=11, n_wiz=1, Q_T=101.0, obs_cost=5.0, prob=0.125
      g=1, i=3: T=9, n_wiz=1, Q_T=89.0, obs_cost=3.0, prob=0.125
      g=1, i=4: T=8, n_wiz=1, Q_T=77.0, obs_cost=2.0, prob=0.125
      g=2, i=1: T=11, n_wiz=1, Q_T=143.0, obs_cost=5.0, prob=0.125
      g=2, i=2: T=11, n_wiz=1, Q_T=101.0, obs_cost=5.0, prob=0.125
      g=2, i=3: T=9, n_wiz=1, Q_T=89.0, obs_cost=3.0, prob=0.125
      g=2, i=4: T=8, n_wiz=1, Q_T=77.0, obs_cost=2.0, prob=0.125
    === agent3 (naive) breakdown ===
      g=1, i=1: T=21, n_wiz=1, Q_T=143.0, obs_cost=20.0, prob=0.067
      g=1, i=2: T=21, n_wiz=1, Q_T=101.0, obs_cost=20.0, prob=0.067
      g=1, i=3: T=16, n_wiz=1, Q_T=89.0, obs_cost=15.0, prob=0.067
      g=1, i=4: T=12, n_wiz=1, Q_T=77.0, obs_cost=11.0, prob=0.067
      g=2, i=1: T=21, n_wiz=1, Q_T=143.0, obs_cost=20.0, prob=0.067
      g=2, i=2: T=21, n_wiz=1, Q_T=101.0, obs_cost=20.0, prob=0.067
      g=2, i=3: T=16, n_wiz=1, Q_T=89.0, obs_cost=15.0, prob=0.067
      g=2, i=4: T=12, n_wiz=1, Q_T=77.0, obs_cost=11.0, prob=0.067
      g=3, i=1: T=3, n_wiz=5, Q_T=187.0, obs_cost=2.0, prob=0.067
      g=3, i=2: T=3, n_wiz=5, Q_T=187.0, obs_cost=2.0, prob=0.067
      g=3, i=3: T=3, n_wiz=5, Q_T=187.0, obs_cost=2.0, prob=0.067
      g=3, i=4: T=3, n_wiz=5, Q_T=187.0, obs_cost=2.0, prob=0.067
      g=3, i=5: T=3, n_wiz=5, Q_T=187.0, obs_cost=2.0, prob=0.067
    t=6: Q_observe_agent2=114.33, Q_observe_agent3=156.45, Q_not_observe=165.0
    wizard_candidates: 3
    agent2_count=6, agent3_count=0
    timestep_agent2=7, timestep_agent3=1
    === agent2 (actual) breakdown ===
      g=1, i=1: T=11, n_wiz=1, Q_T=143.0, obs_cost=4.0, prob=0.166
      g=1, i=2: T=11, n_wiz=1, Q_T=101.0, obs_cost=4.0, prob=0.166
      g=1, i=3: T=9, n_wiz=1, Q_T=89.0, obs_cost=2.0, prob=0.166
      g=2, i=1: T=11, n_wiz=1, Q_T=143.0, obs_cost=4.0, prob=0.166
      g=2, i=2: T=11, n_wiz=1, Q_T=101.0, obs_cost=4.0, prob=0.166
      g=2, i=3: T=9, n_wiz=1, Q_T=89.0, obs_cost=2.0, prob=0.166
    === agent3 (naive) breakdown ===
      g=1, i=1: T=21, n_wiz=1, Q_T=143.0, obs_cost=20.0, prob=0.067
      g=1, i=2: T=21, n_wiz=1, Q_T=101.0, obs_cost=20.0, prob=0.067
      g=1, i=3: T=16, n_wiz=1, Q_T=89.0, obs_cost=15.0, prob=0.067
      g=2, i=1: T=21, n_wiz=1, Q_T=143.0, obs_cost=20.0, prob=0.067
      g=2, i=2: T=21, n_wiz=1, Q_T=101.0, obs_cost=20.0, prob=0.067
      g=2, i=3: T=16, n_wiz=1, Q_T=89.0, obs_cost=15.0, prob=0.067
      g=3, i=1: T=3, n_wiz=5, Q_T=187.0, obs_cost=2.0, prob=0.067
      g=3, i=2: T=3, n_wiz=5, Q_T=187.0, obs_cost=2.0, prob=0.067
      g=3, i=3: T=3, n_wiz=5, Q_T=187.0, obs_cost=2.0, prob=0.067
      g=3, i=4: T=3, n_wiz=5, Q_T=187.0, obs_cost=2.0, prob=0.067
      g=3, i=5: T=3, n_wiz=5, Q_T=187.0, obs_cost=2.0, prob=0.067
    t=7: Q_observe_agent2=113.33, Q_observe_agent3=156.45, Q_not_observe=165.0
    wizard_candidates: 3
    agent2_count=7, agent3_count=0
    timestep_agent2=8, timestep_agent3=1
    === agent2 (actual) breakdown ===
      g=1, i=1: T=11, n_wiz=1, Q_T=143.0, obs_cost=3.0, prob=0.167
      g=1, i=2: T=11, n_wiz=1, Q_T=101.0, obs_cost=3.0, prob=0.167
      g=1, i=3: T=9, n_wiz=1, Q_T=89.0, obs_cost=1.0, prob=0.167
      g=2, i=1: T=11, n_wiz=1, Q_T=143.0, obs_cost=3.0, prob=0.167
      g=2, i=2: T=11, n_wiz=1, Q_T=101.0, obs_cost=3.0, prob=0.167
      g=2, i=3: T=9, n_wiz=1, Q_T=89.0, obs_cost=1.0, prob=0.167
    === agent3 (naive) breakdown ===
      g=1, i=1: T=21, n_wiz=1, Q_T=143.0, obs_cost=20.0, prob=0.067
      g=1, i=2: T=21, n_wiz=1, Q_T=101.0, obs_cost=20.0, prob=0.067
      g=1, i=3: T=16, n_wiz=1, Q_T=89.0, obs_cost=15.0, prob=0.067
      g=2, i=1: T=21, n_wiz=1, Q_T=143.0, obs_cost=20.0, prob=0.067
      g=2, i=2: T=21, n_wiz=1, Q_T=101.0, obs_cost=20.0, prob=0.067
      g=2, i=3: T=16, n_wiz=1, Q_T=89.0, obs_cost=15.0, prob=0.067
      g=3, i=1: T=3, n_wiz=5, Q_T=187.0, obs_cost=2.0, prob=0.067
      g=3, i=2: T=3, n_wiz=5, Q_T=187.0, obs_cost=2.0, prob=0.067
      g=3, i=3: T=3, n_wiz=5, Q_T=187.0, obs_cost=2.0, prob=0.067
      g=3, i=4: T=3, n_wiz=5, Q_T=187.0, obs_cost=2.0, prob=0.067
      g=3, i=5: T=3, n_wiz=5, Q_T=187.0, obs_cost=2.0, prob=0.067
    t=8: Q_observe_agent2=124.0, Q_observe_agent3=168.11, Q_not_observe=154.0
    wizard_candidates: 2
    agent2_count=8, agent3_count=0
    timestep_agent2=9, timestep_agent3=1
    === agent2 (actual) breakdown ===
      g=1, i=1: T=11, n_wiz=1, Q_T=143.0, obs_cost=2.0, prob=0.248
      g=1, i=2: T=11, n_wiz=1, Q_T=101.0, obs_cost=2.0, prob=0.248
      g=2, i=1: T=11, n_wiz=1, Q_T=143.0, obs_cost=2.0, prob=0.248
      g=2, i=2: T=11, n_wiz=1, Q_T=101.0, obs_cost=2.0, prob=0.248
    === agent3 (naive) breakdown ===
      g=1, i=1: T=21, n_wiz=1, Q_T=143.0, obs_cost=20.0, prob=0.067
      g=1, i=2: T=21, n_wiz=1, Q_T=101.0, obs_cost=20.0, prob=0.067
      g=2, i=1: T=21, n_wiz=1, Q_T=143.0, obs_cost=20.0, prob=0.067
      g=2, i=2: T=21, n_wiz=1, Q_T=101.0, obs_cost=20.0, prob=0.067
      g=3, i=1: T=3, n_wiz=5, Q_T=187.0, obs_cost=2.0, prob=0.067
      g=3, i=2: T=3, n_wiz=5, Q_T=187.0, obs_cost=2.0, prob=0.067
      g=3, i=3: T=3, n_wiz=5, Q_T=187.0, obs_cost=2.0, prob=0.067
      g=3, i=4: T=3, n_wiz=5, Q_T=187.0, obs_cost=2.0, prob=0.067
      g=3, i=5: T=3, n_wiz=5, Q_T=187.0, obs_cost=2.0, prob=0.067
    t=9: Q_observe_agent2=123.0, Q_observe_agent3=168.11, Q_not_observe=154.0
    wizard_candidates: 2
    agent2_count=9, agent3_count=0
    timestep_agent2=10, timestep_agent3=1
    === agent2 (actual) breakdown ===
      g=1, i=1: T=11, n_wiz=1, Q_T=143.0, obs_cost=1.0, prob=0.25
      g=1, i=2: T=11, n_wiz=1, Q_T=101.0, obs_cost=1.0, prob=0.25
      g=2, i=1: T=11, n_wiz=1, Q_T=143.0, obs_cost=1.0, prob=0.25
      g=2, i=2: T=11, n_wiz=1, Q_T=101.0, obs_cost=1.0, prob=0.25
    === agent3 (naive) breakdown ===
      g=1, i=1: T=21, n_wiz=1, Q_T=143.0, obs_cost=20.0, prob=0.067
      g=1, i=2: T=21, n_wiz=1, Q_T=101.0, obs_cost=20.0, prob=0.067
      g=2, i=1: T=21, n_wiz=1, Q_T=143.0, obs_cost=20.0, prob=0.067
      g=2, i=2: T=21, n_wiz=1, Q_T=101.0, obs_cost=20.0, prob=0.067
      g=3, i=1: T=3, n_wiz=5, Q_T=187.0, obs_cost=2.0, prob=0.067
      g=3, i=2: T=3, n_wiz=5, Q_T=187.0, obs_cost=2.0, prob=0.067
      g=3, i=3: T=3, n_wiz=5, Q_T=187.0, obs_cost=2.0, prob=0.067
      g=3, i=4: T=3, n_wiz=5, Q_T=187.0, obs_cost=2.0, prob=0.067
      g=3, i=5: T=3, n_wiz=5, Q_T=187.0, obs_cost=2.0, prob=0.067
    t=10: Q_observe_agent2=144.0, Q_observe_agent3=181.57, Q_not_observe=143.0
    wizard_candidates: 1
    agent2_count=10, agent3_count=0
    timestep_agent2=11, timestep_agent3=1
    === agent2 (actual) breakdown ===
      g=1, i=1: T=11, n_wiz=1, Q_T=143.0, obs_cost=1.0, prob=0.491
      g=2, i=1: T=11, n_wiz=1, Q_T=143.0, obs_cost=1.0, prob=0.491
    === agent3 (naive) breakdown ===
      g=1, i=1: T=21, n_wiz=1, Q_T=143.0, obs_cost=20.0, prob=0.067
      g=2, i=1: T=21, n_wiz=1, Q_T=143.0, obs_cost=20.0, prob=0.067
      g=3, i=1: T=3, n_wiz=5, Q_T=187.0, obs_cost=2.0, prob=0.067
      g=3, i=2: T=3, n_wiz=5, Q_T=187.0, obs_cost=2.0, prob=0.067
      g=3, i=3: T=3, n_wiz=5, Q_T=187.0, obs_cost=2.0, prob=0.067
      g=3, i=4: T=3, n_wiz=5, Q_T=187.0, obs_cost=2.0, prob=0.067
      g=3, i=5: T=3, n_wiz=5, Q_T=187.0, obs_cost=2.0, prob=0.067
    Scenario completed in 10.35s
    Cache stats: 4788 hits, 59 misses, 98.8% hit rate
  Map completed in 19.72s

Processing map: sm531
Const[wizard1, wizard2, wizard3]Const[wizard1, wizard2, wizard3]  Scenario 2
    agent2 (X) -> gem3 (actual), agent3 (Y) -> gem2 (naive)
    Loading probability data: s_id_agent2=2, s_id_agent3=2
    agent2_gem=3, agent3_gem=2
    Loaded agent2 probs: goal_probs size=(3, 26), state_probs size=(2, 26)
    Loaded agent3 probs: goal_probs size=(3, 26), state_probs size=(2, 26)
    Planning for agent1...
    problem.goal = has(agent1, gem1)
    agent1 location = (1, 12)
    Agent1 plan computed, length=28
    agent3 initial goal_probs: [0.333, 0.333, 0.333]
    agent3 initial state_probs: [0.5, 0.5]
    t=0: Q_observe_agent2=105.0, Q_observe_agent3=109.33, Q_not_observe=118.0
    wizard_candidates: 2
    agent2_count=0, agent3_count=0
    timestep_agent2=1, timestep_agent3=1
    === agent2 (actual) breakdown ===
      g=1, i=1: T=4, n_wiz=1, Q_T=107.0, obs_cost=3.0, prob=0.167
      g=1, i=2: T=4, n_wiz=1, Q_T=83.0, obs_cost=3.0, prob=0.167
      g=2, i=1: T=4, n_wiz=1, Q_T=107.0, obs_cost=3.0, prob=0.167
      g=2, i=2: T=4, n_wiz=1, Q_T=83.0, obs_cost=3.0, prob=0.167
      g=3, i=1: T=2, n_wiz=2, Q_T=118.0, obs_cost=1.0, prob=0.167
      g=3, i=2: T=2, n_wiz=2, Q_T=118.0, obs_cost=1.0, prob=0.167
    === agent3 (naive) breakdown ===
      g=1, i=1: T=10, n_wiz=1, Q_T=107.0, obs_cost=9.0, prob=0.167
      g=1, i=2: T=10, n_wiz=1, Q_T=83.0, obs_cost=9.0, prob=0.167
      g=2, i=1: T=10, n_wiz=1, Q_T=107.0, obs_cost=9.0, prob=0.167
      g=2, i=2: T=10, n_wiz=1, Q_T=83.0, obs_cost=9.0, prob=0.167
      g=3, i=1: T=3, n_wiz=2, Q_T=118.0, obs_cost=2.0, prob=0.167
      g=3, i=2: T=3, n_wiz=2, Q_T=118.0, obs_cost=2.0, prob=0.167
    t=1: Q_observe_agent2=119.0, Q_observe_agent3=109.33, Q_not_observe=118.0
    wizard_candidates: 2
    agent2_count=1, agent3_count=0
    timestep_agent2=2, timestep_agent3=1
    === agent2 (actual) breakdown ===
      g=3, i=1: T=2, n_wiz=2, Q_T=118.0, obs_cost=1.0, prob=0.482
      g=3, i=2: T=2, n_wiz=2, Q_T=118.0, obs_cost=1.0, prob=0.482
    === agent3 (naive) breakdown ===
      g=1, i=1: T=10, n_wiz=1, Q_T=107.0, obs_cost=9.0, prob=0.167
      g=1, i=2: T=10, n_wiz=1, Q_T=83.0, obs_cost=9.0, prob=0.167
      g=2, i=1: T=10, n_wiz=1, Q_T=107.0, obs_cost=9.0, prob=0.167
      g=2, i=2: T=10, n_wiz=1, Q_T=83.0, obs_cost=9.0, prob=0.167
      g=3, i=1: T=3, n_wiz=2, Q_T=118.0, obs_cost=2.0, prob=0.167
      g=3, i=2: T=3, n_wiz=2, Q_T=118.0, obs_cost=2.0, prob=0.167
    t=2: Q_observe_agent2=119.0, Q_observe_agent3=103.0, Q_not_observe=118.0
    wizard_candidates: 2
    agent2_count=1, agent3_count=1
    timestep_agent2=2, timestep_agent3=2
    === agent2 (actual) breakdown ===
      g=3, i=1: T=2, n_wiz=2, Q_T=118.0, obs_cost=1.0, prob=0.482
      g=3, i=2: T=2, n_wiz=2, Q_T=118.0, obs_cost=1.0, prob=0.482
    === agent3 (naive) breakdown ===
      g=1, i=1: T=10, n_wiz=1, Q_T=107.0, obs_cost=8.0, prob=0.234
      g=1, i=2: T=10, n_wiz=1, Q_T=83.0, obs_cost=8.0, prob=0.234
      g=2, i=1: T=10, n_wiz=1, Q_T=107.0, obs_cost=8.0, prob=0.234
      g=2, i=2: T=10, n_wiz=1, Q_T=83.0, obs_cost=8.0, prob=0.234
    t=3: Q_observe_agent2=119.0, Q_observe_agent3=102.0, Q_not_observe=118.0
    wizard_candidates: 2
    agent2_count=1, agent3_count=2
    timestep_agent2=2, timestep_agent3=3
    === agent2 (actual) breakdown ===
      g=3, i=1: T=2, n_wiz=2, Q_T=118.0, obs_cost=1.0, prob=0.482
      g=3, i=2: T=2, n_wiz=2, Q_T=118.0, obs_cost=1.0, prob=0.482
    === agent3 (naive) breakdown ===
      g=1, i=1: T=10, n_wiz=1, Q_T=107.0, obs_cost=7.0, prob=0.248
      g=1, i=2: T=10, n_wiz=1, Q_T=83.0, obs_cost=7.0, prob=0.248
      g=2, i=1: T=10, n_wiz=1, Q_T=107.0, obs_cost=7.0, prob=0.248
      g=2, i=2: T=10, n_wiz=1, Q_T=83.0, obs_cost=7.0, prob=0.248
    t=4: Q_observe_agent2=119.0, Q_observe_agent3=101.0, Q_not_observe=118.0
    wizard_candidates: 2
    agent2_count=1, agent3_count=3
    timestep_agent2=2, timestep_agent3=4
    === agent2 (actual) breakdown ===
      g=3, i=1: T=2, n_wiz=2, Q_T=118.0, obs_cost=1.0, prob=0.482
      g=3, i=2: T=2, n_wiz=2, Q_T=118.0, obs_cost=1.0, prob=0.482
    === agent3 (naive) breakdown ===
      g=1, i=1: T=10, n_wiz=1, Q_T=107.0, obs_cost=6.0, prob=0.248
      g=1, i=2: T=10, n_wiz=1, Q_T=83.0, obs_cost=6.0, prob=0.248
      g=2, i=1: T=10, n_wiz=1, Q_T=107.0, obs_cost=6.0, prob=0.248
      g=2, i=2: T=10, n_wiz=1, Q_T=83.0, obs_cost=6.0, prob=0.248
    t=5: Q_observe_agent2=119.0, Q_observe_agent3=100.0, Q_not_observe=118.0
    wizard_candidates: 2
    agent2_count=1, agent3_count=4
    timestep_agent2=2, timestep_agent3=5
    === agent2 (actual) breakdown ===
      g=3, i=1: T=2, n_wiz=2, Q_T=118.0, obs_cost=1.0, prob=0.482
      g=3, i=2: T=2, n_wiz=2, Q_T=118.0, obs_cost=1.0, prob=0.482
    === agent3 (naive) breakdown ===
      g=1, i=1: T=10, n_wiz=1, Q_T=107.0, obs_cost=5.0, prob=0.248
      g=1, i=2: T=10, n_wiz=1, Q_T=83.0, obs_cost=5.0, prob=0.248
      g=2, i=1: T=10, n_wiz=1, Q_T=107.0, obs_cost=5.0, prob=0.248
      g=2, i=2: T=10, n_wiz=1, Q_T=83.0, obs_cost=5.0, prob=0.248
    t=6: Q_observe_agent2=119.0, Q_observe_agent3=99.0, Q_not_observe=118.0
    wizard_candidates: 2
    agent2_count=1, agent3_count=5
    timestep_agent2=2, timestep_agent3=6
    === agent2 (actual) breakdown ===
      g=3, i=1: T=2, n_wiz=2, Q_T=118.0, obs_cost=1.0, prob=0.482
      g=3, i=2: T=2, n_wiz=2, Q_T=118.0, obs_cost=1.0, prob=0.482
    === agent3 (naive) breakdown ===
      g=1, i=1: T=10, n_wiz=1, Q_T=107.0, obs_cost=4.0, prob=0.248
      g=1, i=2: T=10, n_wiz=1, Q_T=83.0, obs_cost=4.0, prob=0.248
      g=2, i=1: T=10, n_wiz=1, Q_T=107.0, obs_cost=4.0, prob=0.248
      g=2, i=2: T=10, n_wiz=1, Q_T=83.0, obs_cost=4.0, prob=0.248
    t=7: Q_observe_agent2=119.0, Q_observe_agent3=98.0, Q_not_observe=118.0
    wizard_candidates: 2
    agent2_count=1, agent3_count=6
    timestep_agent2=2, timestep_agent3=7
    === agent2 (actual) breakdown ===
      g=3, i=1: T=2, n_wiz=2, Q_T=118.0, obs_cost=1.0, prob=0.482
      g=3, i=2: T=2, n_wiz=2, Q_T=118.0, obs_cost=1.0, prob=0.482
    === agent3 (naive) breakdown ===
      g=1, i=1: T=10, n_wiz=1, Q_T=107.0, obs_cost=3.0, prob=0.248
      g=1, i=2: T=10, n_wiz=1, Q_T=83.0, obs_cost=3.0, prob=0.248
      g=2, i=1: T=10, n_wiz=1, Q_T=107.0, obs_cost=3.0, prob=0.248
      g=2, i=2: T=10, n_wiz=1, Q_T=83.0, obs_cost=3.0, prob=0.248
    t=8: Q_observe_agent2=119.0, Q_observe_agent3=97.0, Q_not_observe=118.0
    wizard_candidates: 2
    agent2_count=1, agent3_count=7
    timestep_agent2=2, timestep_agent3=8
    === agent2 (actual) breakdown ===
      g=3, i=1: T=2, n_wiz=2, Q_T=118.0, obs_cost=1.0, prob=0.482
      g=3, i=2: T=2, n_wiz=2, Q_T=118.0, obs_cost=1.0, prob=0.482
    === agent3 (naive) breakdown ===
      g=1, i=1: T=10, n_wiz=1, Q_T=107.0, obs_cost=2.0, prob=0.248
      g=1, i=2: T=10, n_wiz=1, Q_T=83.0, obs_cost=2.0, prob=0.248
      g=2, i=1: T=10, n_wiz=1, Q_T=107.0, obs_cost=2.0, prob=0.248
      g=2, i=2: T=10, n_wiz=1, Q_T=83.0, obs_cost=2.0, prob=0.248
    t=9: Q_observe_agent2=119.0, Q_observe_agent3=86.88, Q_not_observe=118.0
    wizard_candidates: 2
    agent2_count=1, agent3_count=8
    timestep_agent2=2, timestep_agent3=9
    === agent2 (actual) breakdown ===
      g=3, i=1: T=2, n_wiz=2, Q_T=118.0, obs_cost=1.0, prob=0.482
      g=3, i=2: T=2, n_wiz=2, Q_T=118.0, obs_cost=1.0, prob=0.482
    === agent3 (naive) breakdown ===
      g=1, i=1: T=10, n_wiz=1, Q_T=107.0, obs_cost=1.0, prob=0.06
      g=1, i=2: T=10, n_wiz=1, Q_T=83.0, obs_cost=1.0, prob=0.439
      g=2, i=1: T=10, n_wiz=1, Q_T=107.0, obs_cost=1.0, prob=0.06
      g=2, i=2: T=10, n_wiz=1, Q_T=83.0, obs_cost=1.0, prob=0.439
    t=10: Q_observe_agent2=119.0, Q_observe_agent3=84.0, Q_not_observe=83.0
    wizard_candidates: 1
    agent2_count=1, agent3_count=9
    timestep_agent2=2, timestep_agent3=10
    === agent2 (actual) breakdown ===
      g=3, i=1: T=2, n_wiz=2, Q_T=118.0, obs_cost=1.0, prob=0.482
      g=3, i=2: T=2, n_wiz=2, Q_T=118.0, obs_cost=1.0, prob=0.482
    === agent3 (naive) breakdown ===
      g=1, i=2: T=10, n_wiz=1, Q_T=83.0, obs_cost=1.0, prob=0.491
      g=2, i=2: T=10, n_wiz=1, Q_T=83.0, obs_cost=1.0, prob=0.491
    Scenario completed in 3.09s
    Cache stats: 689 hits, 14 misses, 98.0% hit rate
Processing exp4:   5%|█▊                                |  ETA: 0:08:26[K  Map completed in 6.91s

Processing map: sm611
Const[wizard1, wizard2, wizard3]Const[wizard1, wizard2, wizard3]  Scenario 2
    agent2 (X) -> gem3 (actual), agent3 (Y) -> gem1 (naive)
    Loading probability data: s_id_agent2=2, s_id_agent3=2
    agent2_gem=3, agent3_gem=1
    Loaded agent2 probs: goal_probs size=(3, 19), state_probs size=(2, 19)
    Loaded agent3 probs: goal_probs size=(3, 27), state_probs size=(2, 27)
    Planning for agent1...
    problem.goal = has(agent1, gem1)
    agent1 location = (3, 12)
    Agent1 plan computed, length=28
    agent3 initial goal_probs: [0.333, 0.333, 0.333]
    agent3 initial state_probs: [0.5, 0.5]
    t=0: Q_observe_agent2=107.67, Q_observe_agent3=110.17, Q_not_observe=118.0
    wizard_candidates: 2
    agent2_count=0, agent3_count=0
    timestep_agent2=1, timestep_agent3=1
    === agent2 (actual) breakdown ===
      g=1, i=1: T=3, n_wiz=1, Q_T=83.0, obs_cost=2.0, prob=0.167
      g=1, i=2: T=3, n_wiz=1, Q_T=83.0, obs_cost=2.0, prob=0.167
      g=2, i=1: T=2, n_wiz=2, Q_T=118.0, obs_cost=1.0, prob=0.167
      g=2, i=2: T=2, n_wiz=2, Q_T=118.0, obs_cost=1.0, prob=0.167
      g=3, i=1: T=2, n_wiz=2, Q_T=118.0, obs_cost=1.0, prob=0.167
      g=3, i=2: T=2, n_wiz=2, Q_T=118.0, obs_cost=1.0, prob=0.167
    === agent3 (naive) breakdown ===
      g=1, i=1: T=10, n_wiz=1, Q_T=83.0, obs_cost=9.0, prob=0.167
      g=1, i=2: T=11, n_wiz=1, Q_T=83.0, obs_cost=10.0, prob=0.167
      g=2, i=1: T=2, n_wiz=2, Q_T=118.0, obs_cost=1.0, prob=0.167
      g=2, i=2: T=2, n_wiz=2, Q_T=118.0, obs_cost=1.0, prob=0.167
      g=3, i=1: T=2, n_wiz=2, Q_T=118.0, obs_cost=1.0, prob=0.167
      g=3, i=2: T=2, n_wiz=2, Q_T=118.0, obs_cost=1.0, prob=0.167
    t=1: Q_observe_agent2=119.0, Q_observe_agent3=110.17, Q_not_observe=118.0
    wizard_candidates: 2
    agent2_count=1, agent3_count=0
    timestep_agent2=2, timestep_agent3=1
    === agent2 (actual) breakdown ===
      g=3, i=1: T=2, n_wiz=2, Q_T=118.0, obs_cost=1.0, prob=0.482
      g=3, i=2: T=2, n_wiz=2, Q_T=118.0, obs_cost=1.0, prob=0.482
    === agent3 (naive) breakdown ===
      g=1, i=1: T=10, n_wiz=1, Q_T=83.0, obs_cost=9.0, prob=0.167
      g=1, i=2: T=11, n_wiz=1, Q_T=83.0, obs_cost=10.0, prob=0.167
      g=2, i=1: T=2, n_wiz=2, Q_T=118.0, obs_cost=1.0, prob=0.167
      g=2, i=2: T=2, n_wiz=2, Q_T=118.0, obs_cost=1.0, prob=0.167
      g=3, i=1: T=2, n_wiz=2, Q_T=118.0, obs_cost=1.0, prob=0.167
      g=3, i=2: T=2, n_wiz=2, Q_T=118.0, obs_cost=1.0, prob=0.167
    t=2: Q_observe_agent2=119.0, Q_observe_agent3=97.36, Q_not_observe=118.0
    wizard_candidates: 2
    agent2_count=1, agent3_count=1
    timestep_agent2=2, timestep_agent3=2
    === agent2 (actual) breakdown ===
      g=3, i=1: T=2, n_wiz=2, Q_T=118.0, obs_cost=1.0, prob=0.482
      g=3, i=2: T=2, n_wiz=2, Q_T=118.0, obs_cost=1.0, prob=0.482
    === agent3 (naive) breakdown ===
      g=1, i=1: T=10, n_wiz=1, Q_T=83.0, obs_cost=8.0, prob=0.393
      g=1, i=2: T=11, n_wiz=1, Q_T=83.0, obs_cost=9.0, prob=0.393
      g=2, i=1: T=2, n_wiz=2, Q_T=118.0, obs_cost=1.0, prob=0.053
      g=2, i=2: T=2, n_wiz=2, Q_T=118.0, obs_cost=1.0, prob=0.053
      g=3, i=1: T=2, n_wiz=2, Q_T=118.0, obs_cost=1.0, prob=0.053
      g=3, i=2: T=2, n_wiz=2, Q_T=118.0, obs_cost=1.0, prob=0.053
    t=3: Q_observe_agent2=119.0, Q_observe_agent3=90.5, Q_not_observe=118.0
    wizard_candidates: 2
    agent2_count=1, agent3_count=2
    timestep_agent2=2, timestep_agent3=3
    === agent2 (actual) breakdown ===
      g=3, i=1: T=2, n_wiz=2, Q_T=118.0, obs_cost=1.0, prob=0.482
      g=3, i=2: T=2, n_wiz=2, Q_T=118.0, obs_cost=1.0, prob=0.482
    === agent3 (naive) breakdown ===
      g=1, i=1: T=10, n_wiz=1, Q_T=83.0, obs_cost=7.0, prob=0.482
      g=1, i=2: T=11, n_wiz=1, Q_T=83.0, obs_cost=8.0, prob=0.482
    t=4: Q_observe_agent2=119.0, Q_observe_agent3=89.5, Q_not_observe=118.0
    wizard_candidates: 2
    agent2_count=1, agent3_count=3
    timestep_agent2=2, timestep_agent3=4
    === agent2 (actual) breakdown ===
      g=3, i=1: T=2, n_wiz=2, Q_T=118.0, obs_cost=1.0, prob=0.482
      g=3, i=2: T=2, n_wiz=2, Q_T=118.0, obs_cost=1.0, prob=0.482
    === agent3 (naive) breakdown ===
      g=1, i=1: T=10, n_wiz=1, Q_T=83.0, obs_cost=6.0, prob=0.482
      g=1, i=2: T=11, n_wiz=1, Q_T=83.0, obs_cost=7.0, prob=0.482
    t=5: Q_observe_agent2=119.0, Q_observe_agent3=88.5, Q_not_observe=118.0
    wizard_candidates: 2
    agent2_count=1, agent3_count=4
    timestep_agent2=2, timestep_agent3=5
    === agent2 (actual) breakdown ===
      g=3, i=1: T=2, n_wiz=2, Q_T=118.0, obs_cost=1.0, prob=0.482
      g=3, i=2: T=2, n_wiz=2, Q_T=118.0, obs_cost=1.0, prob=0.482
    === agent3 (naive) breakdown ===
      g=1, i=1: T=10, n_wiz=1, Q_T=83.0, obs_cost=5.0, prob=0.482
      g=1, i=2: T=11, n_wiz=1, Q_T=83.0, obs_cost=6.0, prob=0.482
    t=6: Q_observe_agent2=119.0, Q_observe_agent3=87.5, Q_not_observe=118.0
    wizard_candidates: 2
    agent2_count=1, agent3_count=5
    timestep_agent2=2, timestep_agent3=6
    === agent2 (actual) breakdown ===
      g=3, i=1: T=2, n_wiz=2, Q_T=118.0, obs_cost=1.0, prob=0.482
      g=3, i=2: T=2, n_wiz=2, Q_T=118.0, obs_cost=1.0, prob=0.482
    === agent3 (naive) breakdown ===
      g=1, i=1: T=10, n_wiz=1, Q_T=83.0, obs_cost=4.0, prob=0.482
      g=1, i=2: T=11, n_wiz=1, Q_T=83.0, obs_cost=5.0, prob=0.482
    t=7: Q_observe_agent2=119.0, Q_observe_agent3=86.5, Q_not_observe=118.0
    wizard_candidates: 2
    agent2_count=1, agent3_count=6
    timestep_agent2=2, timestep_agent3=7
    === agent2 (actual) breakdown ===
      g=3, i=1: T=2, n_wiz=2, Q_T=118.0, obs_cost=1.0, prob=0.482
      g=3, i=2: T=2, n_wiz=2, Q_T=118.0, obs_cost=1.0, prob=0.482
    === agent3 (naive) breakdown ===
      g=1, i=1: T=10, n_wiz=1, Q_T=83.0, obs_cost=3.0, prob=0.482
      g=1, i=2: T=11, n_wiz=1, Q_T=83.0, obs_cost=4.0, prob=0.482
    t=8: Q_observe_agent2=119.0, Q_observe_agent3=85.5, Q_not_observe=118.0
    wizard_candidates: 2
    agent2_count=1, agent3_count=7
    timestep_agent2=2, timestep_agent3=8
    === agent2 (actual) breakdown ===
      g=3, i=1: T=2, n_wiz=2, Q_T=118.0, obs_cost=1.0, prob=0.482
      g=3, i=2: T=2, n_wiz=2, Q_T=118.0, obs_cost=1.0, prob=0.482
    === agent3 (naive) breakdown ===
      g=1, i=1: T=10, n_wiz=1, Q_T=83.0, obs_cost=2.0, prob=0.482
      g=1, i=2: T=11, n_wiz=1, Q_T=83.0, obs_cost=3.0, prob=0.482
    t=9: Q_observe_agent2=119.0, Q_observe_agent3=84.86, Q_not_observe=118.0
    wizard_candidates: 2
    agent2_count=1, agent3_count=8
    timestep_agent2=2, timestep_agent3=9
    === agent2 (actual) breakdown ===
      g=3, i=1: T=2, n_wiz=2, Q_T=118.0, obs_cost=1.0, prob=0.482
      g=3, i=2: T=2, n_wiz=2, Q_T=118.0, obs_cost=1.0, prob=0.482
    === agent3 (naive) breakdown ===
      g=1, i=1: T=10, n_wiz=1, Q_T=83.0, obs_cost=1.0, prob=0.134
      g=1, i=2: T=11, n_wiz=1, Q_T=83.0, obs_cost=2.0, prob=0.806
    t=10: Q_observe_agent2=119.0, Q_observe_agent3=84.0, Q_not_observe=83.0
    wizard_candidates: 1
    agent2_count=1, agent3_count=9
    timestep_agent2=2, timestep_agent3=10
    === agent2 (actual) breakdown ===
      g=3, i=1: T=2, n_wiz=2, Q_T=118.0, obs_cost=1.0, prob=0.482
      g=3, i=2: T=2, n_wiz=2, Q_T=118.0, obs_cost=1.0, prob=0.482
    === agent3 (naive) breakdown ===
      g=1, i=2: T=11, n_wiz=1, Q_T=83.0, obs_cost=1.0, prob=0.886
    Scenario completed in 3.11s
    Cache stats: 704 hits, 14 misses, 98.1% hit rate
Processing exp4:   8%|██▌                               |  ETA: 0:06:53[K  Map completed in 6.78s

Processing map: sm421
Const[wizard1, wizard2, wizard3, wizard4]Const[wizard1, wizard2, wizard3, wizard4]  Scenario 2
    agent2 (X) -> gem3 (actual), agent3 (Y) -> gem1 (naive)
    Loading probability data: s_id_agent2=1, s_id_agent3=1
    agent2_gem=3, agent3_gem=1
    Loaded agent2 probs: goal_probs size=(3, 44), state_probs size=(4, 44)
    Loaded agent3 probs: goal_probs size=(3, 50), state_probs size=(4, 50)
    Planning for agent1...
    problem.goal = has(agent1, gem2)
    agent1 location = (1, 10)
    Agent1 plan computed, length=48
    agent3 initial goal_probs: [0.333, 0.333, 0.333]
    agent3 initial state_probs: [0.25, 0.25, 0.25, 0.25]
    t=0: Q_observe_agent2=125.83, Q_observe_agent3=129.33, Q_not_observe=176.0
    wizard_candidates: 4
    agent2_count=0, agent3_count=0
    timestep_agent2=1, timestep_agent3=1
    === agent2 (actual) breakdown ===
      g=1, i=1: T=9, n_wiz=1, Q_T=143.0, obs_cost=8.0, prob=0.083
      g=1, i=2: T=9, n_wiz=1, Q_T=89.0, obs_cost=8.0, prob=0.083
      g=1, i=3: T=7, n_wiz=1, Q_T=77.0, obs_cost=6.0, prob=0.083
      g=1, i=4: T=6, n_wiz=1, Q_T=65.0, obs_cost=5.0, prob=0.083
      g=2, i=1: T=9, n_wiz=1, Q_T=143.0, obs_cost=8.0, prob=0.083
      g=2, i=2: T=9, n_wiz=1, Q_T=89.0, obs_cost=8.0, prob=0.083
      g=2, i=3: T=7, n_wiz=1, Q_T=77.0, obs_cost=6.0, prob=0.083
      g=2, i=4: T=6, n_wiz=1, Q_T=65.0, obs_cost=5.0, prob=0.083
      g=3, i=1: T=2, n_wiz=4, Q_T=176.0, obs_cost=1.0, prob=0.083
      g=3, i=2: T=2, n_wiz=4, Q_T=176.0, obs_cost=1.0, prob=0.083
      g=3, i=3: T=2, n_wiz=4, Q_T=176.0, obs_cost=1.0, prob=0.083
      g=3, i=4: T=2, n_wiz=4, Q_T=176.0, obs_cost=1.0, prob=0.083
    === agent3 (naive) breakdown ===
      g=1, i=1: T=16, n_wiz=1, Q_T=143.0, obs_cost=15.0, prob=0.083
      g=1, i=2: T=16, n_wiz=1, Q_T=89.0, obs_cost=15.0, prob=0.083
      g=1, i=3: T=11, n_wiz=1, Q_T=77.0, obs_cost=10.0, prob=0.083
      g=1, i=4: T=7, n_wiz=1, Q_T=65.0, obs_cost=6.0, prob=0.083
      g=2, i=1: T=16, n_wiz=1, Q_T=143.0, obs_cost=15.0, prob=0.083
      g=2, i=2: T=16, n_wiz=1, Q_T=89.0, obs_cost=15.0, prob=0.083
      g=2, i=3: T=11, n_wiz=1, Q_T=77.0, obs_cost=10.0, prob=0.083
      g=2, i=4: T=7, n_wiz=1, Q_T=65.0, obs_cost=6.0, prob=0.083
      g=3, i=1: T=3, n_wiz=4, Q_T=176.0, obs_cost=2.0, prob=0.083
      g=3, i=2: T=3, n_wiz=4, Q_T=176.0, obs_cost=2.0, prob=0.083
      g=3, i=3: T=3, n_wiz=4, Q_T=176.0, obs_cost=2.0, prob=0.083
      g=3, i=4: T=3, n_wiz=4, Q_T=176.0, obs_cost=2.0, prob=0.083
    t=1: Q_observe_agent2=177.0, Q_observe_agent3=129.33, Q_not_observe=176.0
    wizard_candidates: 4
    agent2_count=1, agent3_count=0
    timestep_agent2=2, timestep_agent3=1
    === agent2 (actual) breakdown ===
      g=3, i=1: T=2, n_wiz=4, Q_T=176.0, obs_cost=1.0, prob=0.241
      g=3, i=2: T=2, n_wiz=4, Q_T=176.0, obs_cost=1.0, prob=0.241
      g=3, i=3: T=2, n_wiz=4, Q_T=176.0, obs_cost=1.0, prob=0.241
      g=3, i=4: T=2, n_wiz=4, Q_T=176.0, obs_cost=1.0, prob=0.241
    === agent3 (naive) breakdown ===
      g=1, i=1: T=16, n_wiz=1, Q_T=143.0, obs_cost=15.0, prob=0.083
      g=1, i=2: T=16, n_wiz=1, Q_T=89.0, obs_cost=15.0, prob=0.083
      g=1, i=3: T=11, n_wiz=1, Q_T=77.0, obs_cost=10.0, prob=0.083
      g=1, i=4: T=7, n_wiz=1, Q_T=65.0, obs_cost=6.0, prob=0.083
      g=2, i=1: T=16, n_wiz=1, Q_T=143.0, obs_cost=15.0, prob=0.083
      g=2, i=2: T=16, n_wiz=1, Q_T=89.0, obs_cost=15.0, prob=0.083
      g=2, i=3: T=11, n_wiz=1, Q_T=77.0, obs_cost=10.0, prob=0.083
      g=2, i=4: T=7, n_wiz=1, Q_T=65.0, obs_cost=6.0, prob=0.083
      g=3, i=1: T=3, n_wiz=4, Q_T=176.0, obs_cost=2.0, prob=0.083
      g=3, i=2: T=3, n_wiz=4, Q_T=176.0, obs_cost=2.0, prob=0.083
      g=3, i=3: T=3, n_wiz=4, Q_T=176.0, obs_cost=2.0, prob=0.083
      g=3, i=4: T=3, n_wiz=4, Q_T=176.0, obs_cost=2.0, prob=0.083
    t=2: Q_observe_agent2=177.0, Q_observe_agent3=104.0, Q_not_observe=176.0
    wizard_candidates: 4
    agent2_count=1, agent3_count=1
    timestep_agent2=2, timestep_agent3=2
    === agent2 (actual) breakdown ===
      g=3, i=1: T=2, n_wiz=4, Q_T=176.0, obs_cost=1.0, prob=0.241
      g=3, i=2: T=2, n_wiz=4, Q_T=176.0, obs_cost=1.0, prob=0.241
      g=3, i=3: T=2, n_wiz=4, Q_T=176.0, obs_cost=1.0, prob=0.241
      g=3, i=4: T=2, n_wiz=4, Q_T=176.0, obs_cost=1.0, prob=0.241
    === agent3 (naive) breakdown ===
      g=1, i=1: T=16, n_wiz=1, Q_T=143.0, obs_cost=14.0, prob=0.117
      g=1, i=2: T=16, n_wiz=1, Q_T=89.0, obs_cost=14.0, prob=0.117
      g=1, i=3: T=11, n_wiz=1, Q_T=77.0, obs_cost=9.0, prob=0.117
      g=1, i=4: T=7, n_wiz=1, Q_T=65.0, obs_cost=5.0, prob=0.117
      g=2, i=1: T=16, n_wiz=1, Q_T=143.0, obs_cost=14.0, prob=0.117
      g=2, i=2: T=16, n_wiz=1, Q_T=89.0, obs_cost=14.0, prob=0.117
      g=2, i=3: T=11, n_wiz=1, Q_T=77.0, obs_cost=9.0, prob=0.117
      g=2, i=4: T=7, n_wiz=1, Q_T=65.0, obs_cost=5.0, prob=0.117
    t=3: Q_observe_agent2=177.0, Q_observe_agent3=103.0, Q_not_observe=176.0
    wizard_candidates: 4
    agent2_count=1, agent3_count=2
    timestep_agent2=2, timestep_agent3=3
    === agent2 (actual) breakdown ===
      g=3, i=1: T=2, n_wiz=4, Q_T=176.0, obs_cost=1.0, prob=0.241
      g=3, i=2: T=2, n_wiz=4, Q_T=176.0, obs_cost=1.0, prob=0.241
      g=3, i=3: T=2, n_wiz=4, Q_T=176.0, obs_cost=1.0, prob=0.241
      g=3, i=4: T=2, n_wiz=4, Q_T=176.0, obs_cost=1.0, prob=0.241
    === agent3 (naive) breakdown ===
      g=1, i=1: T=16, n_wiz=1, Q_T=143.0, obs_cost=13.0, prob=0.124
      g=1, i=2: T=16, n_wiz=1, Q_T=89.0, obs_cost=13.0, prob=0.124
      g=1, i=3: T=11, n_wiz=1, Q_T=77.0, obs_cost=8.0, prob=0.124
      g=1, i=4: T=7, n_wiz=1, Q_T=65.0, obs_cost=4.0, prob=0.124
      g=2, i=1: T=16, n_wiz=1, Q_T=143.0, obs_cost=13.0, prob=0.124
      g=2, i=2: T=16, n_wiz=1, Q_T=89.0, obs_cost=13.0, prob=0.124
      g=2, i=3: T=11, n_wiz=1, Q_T=77.0, obs_cost=8.0, prob=0.124
      g=2, i=4: T=7, n_wiz=1, Q_T=65.0, obs_cost=4.0, prob=0.124
    t=4: Q_observe_agent2=177.0, Q_observe_agent3=102.0, Q_not_observe=176.0
    wizard_candidates: 4
    agent2_count=1, agent3_count=3
    timestep_agent2=2, timestep_agent3=4
    === agent2 (actual) breakdown ===
      g=3, i=1: T=2, n_wiz=4, Q_T=176.0, obs_cost=1.0, prob=0.241
      g=3, i=2: T=2, n_wiz=4, Q_T=176.0, obs_cost=1.0, prob=0.241
      g=3, i=3: T=2, n_wiz=4, Q_T=176.0, obs_cost=1.0, prob=0.241
      g=3, i=4: T=2, n_wiz=4, Q_T=176.0, obs_cost=1.0, prob=0.241
    === agent3 (naive) breakdown ===
      g=1, i=1: T=16, n_wiz=1, Q_T=143.0, obs_cost=12.0, prob=0.124
      g=1, i=2: T=16, n_wiz=1, Q_T=89.0, obs_cost=12.0, prob=0.124
      g=1, i=3: T=11, n_wiz=1, Q_T=77.0, obs_cost=7.0, prob=0.124
      g=1, i=4: T=7, n_wiz=1, Q_T=65.0, obs_cost=3.0, prob=0.124
      g=2, i=1: T=16, n_wiz=1, Q_T=143.0, obs_cost=12.0, prob=0.124
      g=2, i=2: T=16, n_wiz=1, Q_T=89.0, obs_cost=12.0, prob=0.124
      g=2, i=3: T=11, n_wiz=1, Q_T=77.0, obs_cost=7.0, prob=0.124
      g=2, i=4: T=7, n_wiz=1, Q_T=65.0, obs_cost=3.0, prob=0.124
    t=5: Q_observe_agent2=177.0, Q_observe_agent3=112.33, Q_not_observe=165.0
    wizard_candidates: 3
    agent2_count=1, agent3_count=4
    timestep_agent2=2, timestep_agent3=5
    === agent2 (actual) breakdown ===
      g=3, i=1: T=2, n_wiz=4, Q_T=176.0, obs_cost=1.0, prob=0.241
      g=3, i=2: T=2, n_wiz=4, Q_T=176.0, obs_cost=1.0, prob=0.241
      g=3, i=3: T=2, n_wiz=4, Q_T=176.0, obs_cost=1.0, prob=0.241
      g=3, i=4: T=2, n_wiz=4, Q_T=176.0, obs_cost=1.0, prob=0.241
    === agent3 (naive) breakdown ===
      g=1, i=1: T=16, n_wiz=1, Q_T=143.0, obs_cost=11.0, prob=0.159
      g=1, i=2: T=16, n_wiz=1, Q_T=89.0, obs_cost=11.0, prob=0.159
      g=1, i=3: T=11, n_wiz=1, Q_T=77.0, obs_cost=6.0, prob=0.159
      g=2, i=1: T=16, n_wiz=1, Q_T=143.0, obs_cost=11.0, prob=0.159
      g=2, i=2: T=16, n_wiz=1, Q_T=89.0, obs_cost=11.0, prob=0.159
      g=2, i=3: T=11, n_wiz=1, Q_T=77.0, obs_cost=6.0, prob=0.159
    t=6: Q_observe_agent2=177.0, Q_observe_agent3=111.33, Q_not_observe=165.0
    wizard_candidates: 3
    agent2_count=1, agent3_count=5
    timestep_agent2=2, timestep_agent3=6
    === agent2 (actual) breakdown ===
      g=3, i=1: T=2, n_wiz=4, Q_T=176.0, obs_cost=1.0, prob=0.241
      g=3, i=2: T=2, n_wiz=4, Q_T=176.0, obs_cost=1.0, prob=0.241
      g=3, i=3: T=2, n_wiz=4, Q_T=176.0, obs_cost=1.0, prob=0.241
      g=3, i=4: T=2, n_wiz=4, Q_T=176.0, obs_cost=1.0, prob=0.241
    === agent3 (naive) breakdown ===
      g=1, i=1: T=16, n_wiz=1, Q_T=143.0, obs_cost=10.0, prob=0.166
      g=1, i=2: T=16, n_wiz=1, Q_T=89.0, obs_cost=10.0, prob=0.166
      g=1, i=3: T=11, n_wiz=1, Q_T=77.0, obs_cost=5.0, prob=0.166
      g=2, i=1: T=16, n_wiz=1, Q_T=143.0, obs_cost=10.0, prob=0.166
      g=2, i=2: T=16, n_wiz=1, Q_T=89.0, obs_cost=10.0, prob=0.166
      g=2, i=3: T=11, n_wiz=1, Q_T=77.0, obs_cost=5.0, prob=0.166
    t=7: Q_observe_agent2=177.0, Q_observe_agent3=110.33, Q_not_observe=165.0
    wizard_candidates: 3
    agent2_count=1, agent3_count=6
    timestep_agent2=2, timestep_agent3=7
    === agent2 (actual) breakdown ===
      g=3, i=1: T=2, n_wiz=4, Q_T=176.0, obs_cost=1.0, prob=0.241
      g=3, i=2: T=2, n_wiz=4, Q_T=176.0, obs_cost=1.0, prob=0.241
      g=3, i=3: T=2, n_wiz=4, Q_T=176.0, obs_cost=1.0, prob=0.241
      g=3, i=4: T=2, n_wiz=4, Q_T=176.0, obs_cost=1.0, prob=0.241
    === agent3 (naive) breakdown ===
      g=1, i=1: T=16, n_wiz=1, Q_T=143.0, obs_cost=9.0, prob=0.167
      g=1, i=2: T=16, n_wiz=1, Q_T=89.0, obs_cost=9.0, prob=0.167
      g=1, i=3: T=11, n_wiz=1, Q_T=77.0, obs_cost=4.0, prob=0.167
      g=2, i=1: T=16, n_wiz=1, Q_T=143.0, obs_cost=9.0, prob=0.167
      g=2, i=2: T=16, n_wiz=1, Q_T=89.0, obs_cost=9.0, prob=0.167
      g=2, i=3: T=11, n_wiz=1, Q_T=77.0, obs_cost=4.0, prob=0.167
    t=8: Q_observe_agent2=177.0, Q_observe_agent3=109.33, Q_not_observe=165.0
    wizard_candidates: 3
    agent2_count=1, agent3_count=7
    timestep_agent2=2, timestep_agent3=8
    === agent2 (actual) breakdown ===
      g=3, i=1: T=2, n_wiz=4, Q_T=176.0, obs_cost=1.0, prob=0.241
      g=3, i=2: T=2, n_wiz=4, Q_T=176.0, obs_cost=1.0, prob=0.241
      g=3, i=3: T=2, n_wiz=4, Q_T=176.0, obs_cost=1.0, prob=0.241
      g=3, i=4: T=2, n_wiz=4, Q_T=176.0, obs_cost=1.0, prob=0.241
    === agent3 (naive) breakdown ===
      g=1, i=1: T=16, n_wiz=1, Q_T=143.0, obs_cost=8.0, prob=0.167
      g=1, i=2: T=16, n_wiz=1, Q_T=89.0, obs_cost=8.0, prob=0.167
      g=1, i=3: T=11, n_wiz=1, Q_T=77.0, obs_cost=3.0, prob=0.167
      g=2, i=1: T=16, n_wiz=1, Q_T=143.0, obs_cost=8.0, prob=0.167
      g=2, i=2: T=16, n_wiz=1, Q_T=89.0, obs_cost=8.0, prob=0.167
      g=2, i=3: T=11, n_wiz=1, Q_T=77.0, obs_cost=3.0, prob=0.167
    t=9: Q_observe_agent2=177.0, Q_observe_agent3=108.33, Q_not_observe=165.0
    wizard_candidates: 3
    agent2_count=1, agent3_count=8
    timestep_agent2=2, timestep_agent3=9
    === agent2 (actual) breakdown ===
      g=3, i=1: T=2, n_wiz=4, Q_T=176.0, obs_cost=1.0, prob=0.241
      g=3, i=2: T=2, n_wiz=4, Q_T=176.0, obs_cost=1.0, prob=0.241
      g=3, i=3: T=2, n_wiz=4, Q_T=176.0, obs_cost=1.0, prob=0.241
      g=3, i=4: T=2, n_wiz=4, Q_T=176.0, obs_cost=1.0, prob=0.241
    === agent3 (naive) breakdown ===
      g=1, i=1: T=16, n_wiz=1, Q_T=143.0, obs_cost=7.0, prob=0.167
      g=1, i=2: T=16, n_wiz=1, Q_T=89.0, obs_cost=7.0, prob=0.167
      g=1, i=3: T=11, n_wiz=1, Q_T=77.0, obs_cost=2.0, prob=0.167
      g=2, i=1: T=16, n_wiz=1, Q_T=143.0, obs_cost=7.0, prob=0.167
      g=2, i=2: T=16, n_wiz=1, Q_T=89.0, obs_cost=7.0, prob=0.167
      g=2, i=3: T=11, n_wiz=1, Q_T=77.0, obs_cost=2.0, prob=0.167
    t=10: Q_observe_agent2=177.0, Q_observe_agent3=122.0, Q_not_observe=154.0
    wizard_candidates: 2
    agent2_count=1, agent3_count=9
    timestep_agent2=2, timestep_agent3=10
    === agent2 (actual) breakdown ===
      g=3, i=1: T=2, n_wiz=4, Q_T=176.0, obs_cost=1.0, prob=0.241
      g=3, i=2: T=2, n_wiz=4, Q_T=176.0, obs_cost=1.0, prob=0.241
      g=3, i=3: T=2, n_wiz=4, Q_T=176.0, obs_cost=1.0, prob=0.241
      g=3, i=4: T=2, n_wiz=4, Q_T=176.0, obs_cost=1.0, prob=0.241
    === agent3 (naive) breakdown ===
      g=1, i=1: T=16, n_wiz=1, Q_T=143.0, obs_cost=6.0, prob=0.234
      g=1, i=2: T=16, n_wiz=1, Q_T=89.0, obs_cost=6.0, prob=0.234
      g=2, i=1: T=16, n_wiz=1, Q_T=143.0, obs_cost=6.0, prob=0.234
      g=2, i=2: T=16, n_wiz=1, Q_T=89.0, obs_cost=6.0, prob=0.234
    t=11: Q_observe_agent2=177.0, Q_observe_agent3=121.0, Q_not_observe=154.0
    wizard_candidates: 2
    agent2_count=1, agent3_count=10
    timestep_agent2=2, timestep_agent3=11
    === agent2 (actual) breakdown ===
      g=3, i=1: T=2, n_wiz=4, Q_T=176.0, obs_cost=1.0, prob=0.241
      g=3, i=2: T=2, n_wiz=4, Q_T=176.0, obs_cost=1.0, prob=0.241
      g=3, i=3: T=2, n_wiz=4, Q_T=176.0, obs_cost=1.0, prob=0.241
      g=3, i=4: T=2, n_wiz=4, Q_T=176.0, obs_cost=1.0, prob=0.241
    === agent3 (naive) breakdown ===
      g=1, i=1: T=16, n_wiz=1, Q_T=143.0, obs_cost=5.0, prob=0.248
      g=1, i=2: T=16, n_wiz=1, Q_T=89.0, obs_cost=5.0, prob=0.248
      g=2, i=1: T=16, n_wiz=1, Q_T=143.0, obs_cost=5.0, prob=0.248
      g=2, i=2: T=16, n_wiz=1, Q_T=89.0, obs_cost=5.0, prob=0.248
    t=12: Q_observe_agent2=177.0, Q_observe_agent3=120.0, Q_not_observe=154.0
    wizard_candidates: 2
    agent2_count=1, agent3_count=11
    timestep_agent2=2, timestep_agent3=12
    === agent2 (actual) breakdown ===
      g=3, i=1: T=2, n_wiz=4, Q_T=176.0, obs_cost=1.0, prob=0.241
      g=3, i=2: T=2, n_wiz=4, Q_T=176.0, obs_cost=1.0, prob=0.241
      g=3, i=3: T=2, n_wiz=4, Q_T=176.0, obs_cost=1.0, prob=0.241
      g=3, i=4: T=2, n_wiz=4, Q_T=176.0, obs_cost=1.0, prob=0.241
    === agent3 (naive) breakdown ===
      g=1, i=1: T=16, n_wiz=1, Q_T=143.0, obs_cost=4.0, prob=0.25
      g=1, i=2: T=16, n_wiz=1, Q_T=89.0, obs_cost=4.0, prob=0.25
      g=2, i=1: T=16, n_wiz=1, Q_T=143.0, obs_cost=4.0, prob=0.25
      g=2, i=2: T=16, n_wiz=1, Q_T=89.0, obs_cost=4.0, prob=0.25
    t=13: Q_observe_agent2=177.0, Q_observe_agent3=119.0, Q_not_observe=154.0
    wizard_candidates: 2
    agent2_count=1, agent3_count=12
    timestep_agent2=2, timestep_agent3=13
    === agent2 (actual) breakdown ===
      g=3, i=1: T=2, n_wiz=4, Q_T=176.0, obs_cost=1.0, prob=0.241
      g=3, i=2: T=2, n_wiz=4, Q_T=176.0, obs_cost=1.0, prob=0.241
      g=3, i=3: T=2, n_wiz=4, Q_T=176.0, obs_cost=1.0, prob=0.241
      g=3, i=4: T=2, n_wiz=4, Q_T=176.0, obs_cost=1.0, prob=0.241
    === agent3 (naive) breakdown ===
      g=1, i=1: T=16, n_wiz=1, Q_T=143.0, obs_cost=3.0, prob=0.25
      g=1, i=2: T=16, n_wiz=1, Q_T=89.0, obs_cost=3.0, prob=0.25
      g=2, i=1: T=16, n_wiz=1, Q_T=143.0, obs_cost=3.0, prob=0.25
      g=2, i=2: T=16, n_wiz=1, Q_T=89.0, obs_cost=3.0, prob=0.25
    t=14: Q_observe_agent2=177.0, Q_observe_agent3=118.0, Q_not_observe=154.0
    wizard_candidates: 2
    agent2_count=1, agent3_count=13
    timestep_agent2=2, timestep_agent3=14
    === agent2 (actual) breakdown ===
      g=3, i=1: T=2, n_wiz=4, Q_T=176.0, obs_cost=1.0, prob=0.241
      g=3, i=2: T=2, n_wiz=4, Q_T=176.0, obs_cost=1.0, prob=0.241
      g=3, i=3: T=2, n_wiz=4, Q_T=176.0, obs_cost=1.0, prob=0.241
      g=3, i=4: T=2, n_wiz=4, Q_T=176.0, obs_cost=1.0, prob=0.241
    === agent3 (naive) breakdown ===
      g=1, i=1: T=16, n_wiz=1, Q_T=143.0, obs_cost=2.0, prob=0.25
      g=1, i=2: T=16, n_wiz=1, Q_T=89.0, obs_cost=2.0, prob=0.25
      g=2, i=1: T=16, n_wiz=1, Q_T=143.0, obs_cost=2.0, prob=0.25
      g=2, i=2: T=16, n_wiz=1, Q_T=89.0, obs_cost=2.0, prob=0.25
    t=15: Q_observe_agent2=177.0, Q_observe_agent3=137.56, Q_not_observe=154.0
    wizard_candidates: 2
    agent2_count=1, agent3_count=14
    timestep_agent2=2, timestep_agent3=15
    === agent2 (actual) breakdown ===
      g=3, i=1: T=2, n_wiz=4, Q_T=176.0, obs_cost=1.0, prob=0.241
      g=3, i=2: T=2, n_wiz=4, Q_T=176.0, obs_cost=1.0, prob=0.241
      g=3, i=3: T=2, n_wiz=4, Q_T=176.0, obs_cost=1.0, prob=0.241
      g=3, i=4: T=2, n_wiz=4, Q_T=176.0, obs_cost=1.0, prob=0.241
    === agent3 (naive) breakdown ===
      g=1, i=1: T=16, n_wiz=1, Q_T=143.0, obs_cost=1.0, prob=0.44
      g=1, i=2: T=16, n_wiz=1, Q_T=89.0, obs_cost=1.0, prob=0.06
      g=2, i=1: T=16, n_wiz=1, Q_T=143.0, obs_cost=1.0, prob=0.44
      g=2, i=2: T=16, n_wiz=1, Q_T=89.0, obs_cost=1.0, prob=0.06
    t=16: Q_observe_agent2=177.0, Q_observe_agent3=144.0, Q_not_observe=143.0
    wizard_candidates: 1
    agent2_count=1, agent3_count=15
    timestep_agent2=2, timestep_agent3=16
    === agent2 (actual) breakdown ===
      g=3, i=1: T=2, n_wiz=4, Q_T=176.0, obs_cost=1.0, prob=0.241
      g=3, i=2: T=2, n_wiz=4, Q_T=176.0, obs_cost=1.0, prob=0.241
      g=3, i=3: T=2, n_wiz=4, Q_T=176.0, obs_cost=1.0, prob=0.241
      g=3, i=4: T=2, n_wiz=4, Q_T=176.0, obs_cost=1.0, prob=0.241
    === agent3 (naive) breakdown ===
      g=1, i=1: T=16, n_wiz=1, Q_T=143.0, obs_cost=1.0, prob=0.491
      g=2, i=1: T=16, n_wiz=1, Q_T=143.0, obs_cost=1.0, prob=0.491
    Scenario completed in 5.52s
    Cache stats: 4008 hits, 41 misses, 99.0% hit rate
Processing exp4:  10%|███▍                              |  ETA: 0:06:24[K  Map completed in 9.17s

Processing map: sm612
Const[wizard1, wizard2, wizard3, wizard4]Const[wizard1, wizard2, wizard3, wizard4]  Scenario 2
    agent2 (X) -> gem3 (actual), agent3 (Y) -> gem1 (naive)
    Loading probability data: s_id_agent2=3, s_id_agent3=3
    agent2_gem=3, agent3_gem=1
    Loaded agent2 probs: goal_probs size=(3, 24), state_probs size=(3, 24)
    Loaded agent3 probs: goal_probs size=(3, 33), state_probs size=(3, 33)
    Planning for agent1...
    problem.goal = has(agent1, gem1)
    agent1 location = (11, 9)
    Agent1 plan computed, length=31
    agent3 initial goal_probs: [0.333, 0.333, 0.333]
    agent3 initial state_probs: [0.333, 0.333, 0.333]
    t=0: Q_observe_agent2=107.22, Q_observe_agent3=112.78, Q_not_observe=138.0
    wizard_candidates: 3
    agent2_count=0, agent3_count=0
    timestep_agent2=1, timestep_agent3=1
    === agent2 (actual) breakdown ===
      g=1, i=1: T=5, n_wiz=1, Q_T=80.0, obs_cost=4.0, prob=0.111
      g=1, i=2: T=5, n_wiz=1, Q_T=92.0, obs_cost=4.0, prob=0.111
      g=1, i=3: T=3, n_wiz=1, Q_T=92.0, obs_cost=2.0, prob=0.111
      g=2, i=1: T=5, n_wiz=1, Q_T=80.0, obs_cost=4.0, prob=0.111
      g=2, i=2: T=5, n_wiz=1, Q_T=92.0, obs_cost=4.0, prob=0.111
      g=2, i=3: T=3, n_wiz=1, Q_T=92.0, obs_cost=2.0, prob=0.111
      g=3, i=1: T=2, n_wiz=3, Q_T=138.0, obs_cost=1.0, prob=0.111
      g=3, i=2: T=2, n_wiz=3, Q_T=138.0, obs_cost=1.0, prob=0.111
      g=3, i=3: T=2, n_wiz=3, Q_T=138.0, obs_cost=1.0, prob=0.111
    === agent3 (naive) breakdown ===
      g=1, i=1: T=13, n_wiz=1, Q_T=80.0, obs_cost=12.0, prob=0.111
      g=1, i=2: T=9, n_wiz=1, Q_T=92.0, obs_cost=8.0, prob=0.111
      g=1, i=3: T=13, n_wiz=1, Q_T=92.0, obs_cost=12.0, prob=0.111
      g=2, i=1: T=13, n_wiz=1, Q_T=80.0, obs_cost=12.0, prob=0.111
      g=2, i=2: T=9, n_wiz=1, Q_T=92.0, obs_cost=8.0, prob=0.111
      g=2, i=3: T=13, n_wiz=1, Q_T=92.0, obs_cost=12.0, prob=0.111
      g=3, i=1: T=4, n_wiz=3, Q_T=138.0, obs_cost=3.0, prob=0.111
      g=3, i=2: T=4, n_wiz=3, Q_T=138.0, obs_cost=3.0, prob=0.111
      g=3, i=3: T=4, n_wiz=3, Q_T=138.0, obs_cost=3.0, prob=0.111
    t=1: Q_observe_agent2=139.0, Q_observe_agent3=112.78, Q_not_observe=138.0
    wizard_candidates: 3
    agent2_count=1, agent3_count=0
    timestep_agent2=2, timestep_agent3=1
    === agent2 (actual) breakdown ===
      g=3, i=1: T=2, n_wiz=3, Q_T=138.0, obs_cost=1.0, prob=0.322
      g=3, i=2: T=2, n_wiz=3, Q_T=138.0, obs_cost=1.0, prob=0.322
      g=3, i=3: T=2, n_wiz=3, Q_T=138.0, obs_cost=1.0, prob=0.322
    === agent3 (naive) breakdown ===
      g=1, i=1: T=13, n_wiz=1, Q_T=80.0, obs_cost=12.0, prob=0.111
      g=1, i=2: T=9, n_wiz=1, Q_T=92.0, obs_cost=8.0, prob=0.111
      g=1, i=3: T=13, n_wiz=1, Q_T=92.0, obs_cost=12.0, prob=0.111
      g=2, i=1: T=13, n_wiz=1, Q_T=80.0, obs_cost=12.0, prob=0.111
      g=2, i=2: T=9, n_wiz=1, Q_T=92.0, obs_cost=8.0, prob=0.111
      g=2, i=3: T=13, n_wiz=1, Q_T=92.0, obs_cost=12.0, prob=0.111
      g=3, i=1: T=4, n_wiz=3, Q_T=138.0, obs_cost=3.0, prob=0.111
      g=3, i=2: T=4, n_wiz=3, Q_T=138.0, obs_cost=3.0, prob=0.111
      g=3, i=3: T=4, n_wiz=3, Q_T=138.0, obs_cost=3.0, prob=0.111
    t=2: Q_observe_agent2=139.0, Q_observe_agent3=97.67, Q_not_observe=138.0
    wizard_candidates: 3
    agent2_count=1, agent3_count=1
    timestep_agent2=2, timestep_agent3=2
    === agent2 (actual) breakdown ===
      g=3, i=1: T=2, n_wiz=3, Q_T=138.0, obs_cost=1.0, prob=0.322
      g=3, i=2: T=2, n_wiz=3, Q_T=138.0, obs_cost=1.0, prob=0.322
      g=3, i=3: T=2, n_wiz=3, Q_T=138.0, obs_cost=1.0, prob=0.322
    === agent3 (naive) breakdown ===
      g=1, i=1: T=13, n_wiz=1, Q_T=80.0, obs_cost=11.0, prob=0.156
      g=1, i=2: T=9, n_wiz=1, Q_T=92.0, obs_cost=7.0, prob=0.156
      g=1, i=3: T=13, n_wiz=1, Q_T=92.0, obs_cost=11.0, prob=0.156
      g=2, i=1: T=13, n_wiz=1, Q_T=80.0, obs_cost=11.0, prob=0.156
      g=2, i=2: T=9, n_wiz=1, Q_T=92.0, obs_cost=7.0, prob=0.156
      g=2, i=3: T=13, n_wiz=1, Q_T=92.0, obs_cost=11.0, prob=0.156
    t=3: Q_observe_agent2=139.0, Q_observe_agent3=96.67, Q_not_observe=138.0
    wizard_candidates: 3
    agent2_count=1, agent3_count=2
    timestep_agent2=2, timestep_agent3=3
    === agent2 (actual) breakdown ===
      g=3, i=1: T=2, n_wiz=3, Q_T=138.0, obs_cost=1.0, prob=0.322
      g=3, i=2: T=2, n_wiz=3, Q_T=138.0, obs_cost=1.0, prob=0.322
      g=3, i=3: T=2, n_wiz=3, Q_T=138.0, obs_cost=1.0, prob=0.322
    === agent3 (naive) breakdown ===
      g=1, i=1: T=13, n_wiz=1, Q_T=80.0, obs_cost=10.0, prob=0.165
      g=1, i=2: T=9, n_wiz=1, Q_T=92.0, obs_cost=6.0, prob=0.165
      g=1, i=3: T=13, n_wiz=1, Q_T=92.0, obs_cost=10.0, prob=0.165
      g=2, i=1: T=13, n_wiz=1, Q_T=80.0, obs_cost=10.0, prob=0.165
      g=2, i=2: T=9, n_wiz=1, Q_T=92.0, obs_cost=6.0, prob=0.165
      g=2, i=3: T=13, n_wiz=1, Q_T=92.0, obs_cost=10.0, prob=0.165
    t=4: Q_observe_agent2=139.0, Q_observe_agent3=95.67, Q_not_observe=138.0
    wizard_candidates: 3
    agent2_count=1, agent3_count=3
    timestep_agent2=2, timestep_agent3=4
    === agent2 (actual) breakdown ===
      g=3, i=1: T=2, n_wiz=3, Q_T=138.0, obs_cost=1.0, prob=0.322
      g=3, i=2: T=2, n_wiz=3, Q_T=138.0, obs_cost=1.0, prob=0.322
      g=3, i=3: T=2, n_wiz=3, Q_T=138.0, obs_cost=1.0, prob=0.322
    === agent3 (naive) breakdown ===
      g=1, i=1: T=13, n_wiz=1, Q_T=80.0, obs_cost=9.0, prob=0.165
      g=1, i=2: T=9, n_wiz=1, Q_T=92.0, obs_cost=5.0, prob=0.165
      g=1, i=3: T=13, n_wiz=1, Q_T=92.0, obs_cost=9.0, prob=0.165
      g=2, i=1: T=13, n_wiz=1, Q_T=80.0, obs_cost=9.0, prob=0.165
      g=2, i=2: T=9, n_wiz=1, Q_T=92.0, obs_cost=5.0, prob=0.165
      g=2, i=3: T=13, n_wiz=1, Q_T=92.0, obs_cost=9.0, prob=0.165
    t=5: Q_observe_agent2=139.0, Q_observe_agent3=94.67, Q_not_observe=138.0
    wizard_candidates: 3
    agent2_count=1, agent3_count=4
    timestep_agent2=2, timestep_agent3=5
    === agent2 (actual) breakdown ===
      g=3, i=1: T=2, n_wiz=3, Q_T=138.0, obs_cost=1.0, prob=0.322
      g=3, i=2: T=2, n_wiz=3, Q_T=138.0, obs_cost=1.0, prob=0.322
      g=3, i=3: T=2, n_wiz=3, Q_T=138.0, obs_cost=1.0, prob=0.322
    === agent3 (naive) breakdown ===
      g=1, i=1: T=13, n_wiz=1, Q_T=80.0, obs_cost=8.0, prob=0.165
      g=1, i=2: T=9, n_wiz=1, Q_T=92.0, obs_cost=4.0, prob=0.165
      g=1, i=3: T=13, n_wiz=1, Q_T=92.0, obs_cost=8.0, prob=0.165
      g=2, i=1: T=13, n_wiz=1, Q_T=80.0, obs_cost=8.0, prob=0.165
      g=2, i=2: T=9, n_wiz=1, Q_T=92.0, obs_cost=4.0, prob=0.165
      g=2, i=3: T=13, n_wiz=1, Q_T=92.0, obs_cost=8.0, prob=0.165
    t=6: Q_observe_agent2=139.0, Q_observe_agent3=93.67, Q_not_observe=138.0
    wizard_candidates: 3
    agent2_count=1, agent3_count=5
    timestep_agent2=2, timestep_agent3=6
    === agent2 (actual) breakdown ===
      g=3, i=1: T=2, n_wiz=3, Q_T=138.0, obs_cost=1.0, prob=0.322
      g=3, i=2: T=2, n_wiz=3, Q_T=138.0, obs_cost=1.0, prob=0.322
      g=3, i=3: T=2, n_wiz=3, Q_T=138.0, obs_cost=1.0, prob=0.322
    === agent3 (naive) breakdown ===
      g=1, i=1: T=13, n_wiz=1, Q_T=80.0, obs_cost=7.0, prob=0.165
      g=1, i=2: T=9, n_wiz=1, Q_T=92.0, obs_cost=3.0, prob=0.165
      g=1, i=3: T=13, n_wiz=1, Q_T=92.0, obs_cost=7.0, prob=0.165
      g=2, i=1: T=13, n_wiz=1, Q_T=80.0, obs_cost=7.0, prob=0.165
      g=2, i=2: T=9, n_wiz=1, Q_T=92.0, obs_cost=3.0, prob=0.165
      g=2, i=3: T=13, n_wiz=1, Q_T=92.0, obs_cost=7.0, prob=0.165
    t=7: Q_observe_agent2=139.0, Q_observe_agent3=92.0, Q_not_observe=115.0
    wizard_candidates: 2
    agent2_count=1, agent3_count=6
    timestep_agent2=2, timestep_agent3=7
    === agent2 (actual) breakdown ===
      g=3, i=1: T=2, n_wiz=3, Q_T=138.0, obs_cost=1.0, prob=0.322
      g=3, i=2: T=2, n_wiz=3, Q_T=138.0, obs_cost=1.0, prob=0.322
      g=3, i=3: T=2, n_wiz=3, Q_T=138.0, obs_cost=1.0, prob=0.322
    === agent3 (naive) breakdown ===
      g=1, i=1: T=13, n_wiz=1, Q_T=80.0, obs_cost=6.0, prob=0.234
      g=1, i=3: T=13, n_wiz=1, Q_T=92.0, obs_cost=6.0, prob=0.234
      g=2, i=1: T=13, n_wiz=1, Q_T=80.0, obs_cost=6.0, prob=0.234
      g=2, i=3: T=13, n_wiz=1, Q_T=92.0, obs_cost=6.0, prob=0.234
    t=8: Q_observe_agent2=139.0, Q_observe_agent3=91.0, Q_not_observe=115.0
    wizard_candidates: 2
    agent2_count=1, agent3_count=7
    timestep_agent2=2, timestep_agent3=8
    === agent2 (actual) breakdown ===
      g=3, i=1: T=2, n_wiz=3, Q_T=138.0, obs_cost=1.0, prob=0.322
      g=3, i=2: T=2, n_wiz=3, Q_T=138.0, obs_cost=1.0, prob=0.322
      g=3, i=3: T=2, n_wiz=3, Q_T=138.0, obs_cost=1.0, prob=0.322
    === agent3 (naive) breakdown ===
      g=1, i=1: T=13, n_wiz=1, Q_T=80.0, obs_cost=5.0, prob=0.248
      g=1, i=3: T=13, n_wiz=1, Q_T=92.0, obs_cost=5.0, prob=0.248
      g=2, i=1: T=13, n_wiz=1, Q_T=80.0, obs_cost=5.0, prob=0.248
      g=2, i=3: T=13, n_wiz=1, Q_T=92.0, obs_cost=5.0, prob=0.248
    t=9: Q_observe_agent2=139.0, Q_observe_agent3=90.0, Q_not_observe=115.0
    wizard_candidates: 2
    agent2_count=1, agent3_count=8
    timestep_agent2=2, timestep_agent3=9
    === agent2 (actual) breakdown ===
      g=3, i=1: T=2, n_wiz=3, Q_T=138.0, obs_cost=1.0, prob=0.322
      g=3, i=2: T=2, n_wiz=3, Q_T=138.0, obs_cost=1.0, prob=0.322
      g=3, i=3: T=2, n_wiz=3, Q_T=138.0, obs_cost=1.0, prob=0.322
    === agent3 (naive) breakdown ===
      g=1, i=1: T=13, n_wiz=1, Q_T=80.0, obs_cost=4.0, prob=0.248
      g=1, i=3: T=13, n_wiz=1, Q_T=92.0, obs_cost=4.0, prob=0.248
      g=2, i=1: T=13, n_wiz=1, Q_T=80.0, obs_cost=4.0, prob=0.248
      g=2, i=3: T=13, n_wiz=1, Q_T=92.0, obs_cost=4.0, prob=0.248
    t=10: Q_observe_agent2=139.0, Q_observe_agent3=89.0, Q_not_observe=115.0
    wizard_candidates: 2
    agent2_count=1, agent3_count=9
    timestep_agent2=2, timestep_agent3=10
    === agent2 (actual) breakdown ===
      g=3, i=1: T=2, n_wiz=3, Q_T=138.0, obs_cost=1.0, prob=0.322
      g=3, i=2: T=2, n_wiz=3, Q_T=138.0, obs_cost=1.0, prob=0.322
      g=3, i=3: T=2, n_wiz=3, Q_T=138.0, obs_cost=1.0, prob=0.322
    === agent3 (naive) breakdown ===
      g=1, i=1: T=13, n_wiz=1, Q_T=80.0, obs_cost=3.0, prob=0.248
      g=1, i=3: T=13, n_wiz=1, Q_T=92.0, obs_cost=3.0, prob=0.248
      g=2, i=1: T=13, n_wiz=1, Q_T=80.0, obs_cost=3.0, prob=0.248
      g=2, i=3: T=13, n_wiz=1, Q_T=92.0, obs_cost=3.0, prob=0.248
    t=11: Q_observe_agent2=139.0, Q_observe_agent3=88.0, Q_not_observe=115.0
    wizard_candidates: 2
    agent2_count=1, agent3_count=10
    timestep_agent2=2, timestep_agent3=11
    === agent2 (actual) breakdown ===
      g=3, i=1: T=2, n_wiz=3, Q_T=138.0, obs_cost=1.0, prob=0.322
      g=3, i=2: T=2, n_wiz=3, Q_T=138.0, obs_cost=1.0, prob=0.322
      g=3, i=3: T=2, n_wiz=3, Q_T=138.0, obs_cost=1.0, prob=0.322
    === agent3 (naive) breakdown ===
      g=1, i=1: T=13, n_wiz=1, Q_T=80.0, obs_cost=2.0, prob=0.248
      g=1, i=3: T=13, n_wiz=1, Q_T=92.0, obs_cost=2.0, prob=0.248
      g=2, i=1: T=13, n_wiz=1, Q_T=80.0, obs_cost=2.0, prob=0.248
      g=2, i=3: T=13, n_wiz=1, Q_T=92.0, obs_cost=2.0, prob=0.248
    t=12: Q_observe_agent2=139.0, Q_observe_agent3=91.57, Q_not_observe=115.0
    wizard_candidates: 2
    agent2_count=1, agent3_count=11
    timestep_agent2=2, timestep_agent3=12
    === agent2 (actual) breakdown ===
      g=3, i=1: T=2, n_wiz=3, Q_T=138.0, obs_cost=1.0, prob=0.322
      g=3, i=2: T=2, n_wiz=3, Q_T=138.0, obs_cost=1.0, prob=0.322
      g=3, i=3: T=2, n_wiz=3, Q_T=138.0, obs_cost=1.0, prob=0.322
    === agent3 (naive) breakdown ===
      g=1, i=1: T=13, n_wiz=1, Q_T=80.0, obs_cost=1.0, prob=0.059
      g=1, i=3: T=13, n_wiz=1, Q_T=92.0, obs_cost=1.0, prob=0.439
      g=2, i=1: T=13, n_wiz=1, Q_T=80.0, obs_cost=1.0, prob=0.059
      g=2, i=3: T=13, n_wiz=1, Q_T=92.0, obs_cost=1.0, prob=0.439
    t=13: Q_observe_agent2=139.0, Q_observe_agent3=93.0, Q_not_observe=92.0
    wizard_candidates: 1
    agent2_count=1, agent3_count=12
    timestep_agent2=2, timestep_agent3=13
    === agent2 (actual) breakdown ===
      g=3, i=1: T=2, n_wiz=3, Q_T=138.0, obs_cost=1.0, prob=0.322
      g=3, i=2: T=2, n_wiz=3, Q_T=138.0, obs_cost=1.0, prob=0.322
      g=3, i=3: T=2, n_wiz=3, Q_T=138.0, obs_cost=1.0, prob=0.322
    === agent3 (naive) breakdown ===
      g=1, i=3: T=13, n_wiz=1, Q_T=92.0, obs_cost=1.0, prob=0.491
      g=2, i=3: T=13, n_wiz=1, Q_T=92.0, obs_cost=1.0, prob=0.491
    Scenario completed in 4.35s
    Cache stats: 1802 hits, 26 misses, 98.6% hit rate
Processing exp4:  12%|████▎                             |  ETA: 0:05:56[K  Map completed in 8.1s

Processing map: sm321
Const[wizard1, wizard2, wizard3]Const[wizard1, wizard2, wizard3]  Scenario 2
    agent2 (X) -> gem3 (actual), agent3 (Y) -> gem1 (naive)
    Loading probability data: s_id_agent2=1, s_id_agent3=1
    agent2_gem=3, agent3_gem=1
    Loaded agent2 probs: goal_probs size=(3, 53), state_probs size=(3, 53)
    Loaded agent3 probs: goal_probs size=(3, 47), state_probs size=(3, 47)
    Planning for agent1...
    problem.goal = has(agent1, gem2)
    agent1 location = (4, 10)
    Agent1 plan computed, length=45
    agent3 initial goal_probs: [0.333, 0.333, 0.333]
    agent3 initial state_probs: [0.333, 0.333, 0.333]
    t=0: Q_observe_agent2=119.22, Q_observe_agent3=115.78, Q_not_observe=156.0
    wizard_candidates: 3
    agent2_count=0, agent3_count=0
    timestep_agent2=1, timestep_agent3=1
    === agent2 (actual) breakdown ===
      g=1, i=1: T=16, n_wiz=1, Q_T=134.0, obs_cost=15.0, prob=0.111
      g=1, i=2: T=16, n_wiz=1, Q_T=68.0, obs_cost=15.0, prob=0.111
      g=1, i=3: T=14, n_wiz=1, Q_T=56.0, obs_cost=13.0, prob=0.111
      g=2, i=1: T=16, n_wiz=1, Q_T=134.0, obs_cost=15.0, prob=0.111
      g=2, i=2: T=16, n_wiz=1, Q_T=68.0, obs_cost=15.0, prob=0.111
      g=2, i=3: T=14, n_wiz=1, Q_T=56.0, obs_cost=13.0, prob=0.111
      g=3, i=1: T=2, n_wiz=3, Q_T=156.0, obs_cost=1.0, prob=0.111
      g=3, i=2: T=2, n_wiz=3, Q_T=156.0, obs_cost=1.0, prob=0.111
      g=3, i=3: T=2, n_wiz=3, Q_T=156.0, obs_cost=1.0, prob=0.111
    === agent3 (naive) breakdown ===
      g=1, i=1: T=11, n_wiz=1, Q_T=134.0, obs_cost=10.0, prob=0.111
      g=1, i=2: T=11, n_wiz=1, Q_T=68.0, obs_cost=10.0, prob=0.111
      g=1, i=3: T=7, n_wiz=1, Q_T=56.0, obs_cost=6.0, prob=0.111
      g=2, i=1: T=11, n_wiz=1, Q_T=134.0, obs_cost=10.0, prob=0.111
      g=2, i=2: T=11, n_wiz=1, Q_T=68.0, obs_cost=10.0, prob=0.111
      g=2, i=3: T=7, n_wiz=1, Q_T=56.0, obs_cost=6.0, prob=0.111
      g=3, i=1: T=3, n_wiz=3, Q_T=156.0, obs_cost=2.0, prob=0.111
      g=3, i=2: T=3, n_wiz=3, Q_T=156.0, obs_cost=2.0, prob=0.111
      g=3, i=3: T=3, n_wiz=3, Q_T=156.0, obs_cost=2.0, prob=0.111
    t=1: Q_observe_agent2=119.22, Q_observe_agent3=93.67, Q_not_observe=156.0
    wizard_candidates: 3
    agent2_count=0, agent3_count=1
    timestep_agent2=1, timestep_agent3=2
    === agent2 (actual) breakdown ===
      g=1, i=1: T=16, n_wiz=1, Q_T=134.0, obs_cost=15.0, prob=0.111
      g=1, i=2: T=16, n_wiz=1, Q_T=68.0, obs_cost=15.0, prob=0.111
      g=1, i=3: T=14, n_wiz=1, Q_T=56.0, obs_cost=13.0, prob=0.111
      g=2, i=1: T=16, n_wiz=1, Q_T=134.0, obs_cost=15.0, prob=0.111
      g=2, i=2: T=16, n_wiz=1, Q_T=68.0, obs_cost=15.0, prob=0.111
      g=2, i=3: T=14, n_wiz=1, Q_T=56.0, obs_cost=13.0, prob=0.111
      g=3, i=1: T=2, n_wiz=3, Q_T=156.0, obs_cost=1.0, prob=0.111
      g=3, i=2: T=2, n_wiz=3, Q_T=156.0, obs_cost=1.0, prob=0.111
      g=3, i=3: T=2, n_wiz=3, Q_T=156.0, obs_cost=1.0, prob=0.111
    === agent3 (naive) breakdown ===
      g=1, i=1: T=11, n_wiz=1, Q_T=134.0, obs_cost=9.0, prob=0.156
      g=1, i=2: T=11, n_wiz=1, Q_T=68.0, obs_cost=9.0, prob=0.156
      g=1, i=3: T=7, n_wiz=1, Q_T=56.0, obs_cost=5.0, prob=0.156
      g=2, i=1: T=11, n_wiz=1, Q_T=134.0, obs_cost=9.0, prob=0.156
      g=2, i=2: T=11, n_wiz=1, Q_T=68.0, obs_cost=9.0, prob=0.156
      g=2, i=3: T=7, n_wiz=1, Q_T=56.0, obs_cost=5.0, prob=0.156
    t=2: Q_observe_agent2=119.22, Q_observe_agent3=92.67, Q_not_observe=156.0
    wizard_candidates: 3
    agent2_count=0, agent3_count=2
    timestep_agent2=1, timestep_agent3=3
    === agent2 (actual) breakdown ===
      g=1, i=1: T=16, n_wiz=1, Q_T=134.0, obs_cost=15.0, prob=0.111
      g=1, i=2: T=16, n_wiz=1, Q_T=68.0, obs_cost=15.0, prob=0.111
      g=1, i=3: T=14, n_wiz=1, Q_T=56.0, obs_cost=13.0, prob=0.111
      g=2, i=1: T=16, n_wiz=1, Q_T=134.0, obs_cost=15.0, prob=0.111
      g=2, i=2: T=16, n_wiz=1, Q_T=68.0, obs_cost=15.0, prob=0.111
      g=2, i=3: T=14, n_wiz=1, Q_T=56.0, obs_cost=13.0, prob=0.111
      g=3, i=1: T=2, n_wiz=3, Q_T=156.0, obs_cost=1.0, prob=0.111
      g=3, i=2: T=2, n_wiz=3, Q_T=156.0, obs_cost=1.0, prob=0.111
      g=3, i=3: T=2, n_wiz=3, Q_T=156.0, obs_cost=1.0, prob=0.111
    === agent3 (naive) breakdown ===
      g=1, i=1: T=11, n_wiz=1, Q_T=134.0, obs_cost=8.0, prob=0.165
      g=1, i=2: T=11, n_wiz=1, Q_T=68.0, obs_cost=8.0, prob=0.165
      g=1, i=3: T=7, n_wiz=1, Q_T=56.0, obs_cost=4.0, prob=0.165
      g=2, i=1: T=11, n_wiz=1, Q_T=134.0, obs_cost=8.0, prob=0.165
      g=2, i=2: T=11, n_wiz=1, Q_T=68.0, obs_cost=8.0, prob=0.165
      g=2, i=3: T=7, n_wiz=1, Q_T=56.0, obs_cost=4.0, prob=0.165
    t=3: Q_observe_agent2=119.22, Q_observe_agent3=91.67, Q_not_observe=156.0
    wizard_candidates: 3
    agent2_count=0, agent3_count=3
    timestep_agent2=1, timestep_agent3=4
    === agent2 (actual) breakdown ===
      g=1, i=1: T=16, n_wiz=1, Q_T=134.0, obs_cost=15.0, prob=0.111
      g=1, i=2: T=16, n_wiz=1, Q_T=68.0, obs_cost=15.0, prob=0.111
      g=1, i=3: T=14, n_wiz=1, Q_T=56.0, obs_cost=13.0, prob=0.111
      g=2, i=1: T=16, n_wiz=1, Q_T=134.0, obs_cost=15.0, prob=0.111
      g=2, i=2: T=16, n_wiz=1, Q_T=68.0, obs_cost=15.0, prob=0.111
      g=2, i=3: T=14, n_wiz=1, Q_T=56.0, obs_cost=13.0, prob=0.111
      g=3, i=1: T=2, n_wiz=3, Q_T=156.0, obs_cost=1.0, prob=0.111
      g=3, i=2: T=2, n_wiz=3, Q_T=156.0, obs_cost=1.0, prob=0.111
      g=3, i=3: T=2, n_wiz=3, Q_T=156.0, obs_cost=1.0, prob=0.111
    === agent3 (naive) breakdown ===
      g=1, i=1: T=11, n_wiz=1, Q_T=134.0, obs_cost=7.0, prob=0.165
      g=1, i=2: T=11, n_wiz=1, Q_T=68.0, obs_cost=7.0, prob=0.165
      g=1, i=3: T=7, n_wiz=1, Q_T=56.0, obs_cost=3.0, prob=0.165
      g=2, i=1: T=11, n_wiz=1, Q_T=134.0, obs_cost=7.0, prob=0.165
      g=2, i=2: T=11, n_wiz=1, Q_T=68.0, obs_cost=7.0, prob=0.165
      g=2, i=3: T=7, n_wiz=1, Q_T=56.0, obs_cost=3.0, prob=0.165
    t=4: Q_observe_agent2=133.57, Q_observe_agent3=107.0, Q_not_observe=145.0
    wizard_candidates: 2
    agent2_count=0, agent3_count=4
    timestep_agent2=1, timestep_agent3=5
    === agent2 (actual) breakdown ===
      g=1, i=1: T=16, n_wiz=1, Q_T=134.0, obs_cost=15.0, prob=0.111
      g=1, i=2: T=16, n_wiz=1, Q_T=68.0, obs_cost=15.0, prob=0.111
      g=2, i=1: T=16, n_wiz=1, Q_T=134.0, obs_cost=15.0, prob=0.111
      g=2, i=2: T=16, n_wiz=1, Q_T=68.0, obs_cost=15.0, prob=0.111
      g=3, i=1: T=2, n_wiz=3, Q_T=156.0, obs_cost=1.0, prob=0.111
      g=3, i=2: T=2, n_wiz=3, Q_T=156.0, obs_cost=1.0, prob=0.111
      g=3, i=3: T=2, n_wiz=3, Q_T=156.0, obs_cost=1.0, prob=0.111
    === agent3 (naive) breakdown ===
      g=1, i=1: T=11, n_wiz=1, Q_T=134.0, obs_cost=6.0, prob=0.234
      g=1, i=2: T=11, n_wiz=1, Q_T=68.0, obs_cost=6.0, prob=0.234
      g=2, i=1: T=11, n_wiz=1, Q_T=134.0, obs_cost=6.0, prob=0.234
      g=2, i=2: T=11, n_wiz=1, Q_T=68.0, obs_cost=6.0, prob=0.234
    t=5: Q_observe_agent2=133.57, Q_observe_agent3=106.0, Q_not_observe=145.0
    wizard_candidates: 2
    agent2_count=0, agent3_count=5
    timestep_agent2=1, timestep_agent3=6
    === agent2 (actual) breakdown ===
      g=1, i=1: T=16, n_wiz=1, Q_T=134.0, obs_cost=15.0, prob=0.111
      g=1, i=2: T=16, n_wiz=1, Q_T=68.0, obs_cost=15.0, prob=0.111
      g=2, i=1: T=16, n_wiz=1, Q_T=134.0, obs_cost=15.0, prob=0.111
      g=2, i=2: T=16, n_wiz=1, Q_T=68.0, obs_cost=15.0, prob=0.111
      g=3, i=1: T=2, n_wiz=3, Q_T=156.0, obs_cost=1.0, prob=0.111
      g=3, i=2: T=2, n_wiz=3, Q_T=156.0, obs_cost=1.0, prob=0.111
      g=3, i=3: T=2, n_wiz=3, Q_T=156.0, obs_cost=1.0, prob=0.111
    === agent3 (naive) breakdown ===
      g=1, i=1: T=11, n_wiz=1, Q_T=134.0, obs_cost=5.0, prob=0.248
      g=1, i=2: T=11, n_wiz=1, Q_T=68.0, obs_cost=5.0, prob=0.248
      g=2, i=1: T=11, n_wiz=1, Q_T=134.0, obs_cost=5.0, prob=0.248
      g=2, i=2: T=11, n_wiz=1, Q_T=68.0, obs_cost=5.0, prob=0.248
    t=6: Q_observe_agent2=133.57, Q_observe_agent3=105.0, Q_not_observe=145.0
    wizard_candidates: 2
    agent2_count=0, agent3_count=6
    timestep_agent2=1, timestep_agent3=7
    === agent2 (actual) breakdown ===
      g=1, i=1: T=16, n_wiz=1, Q_T=134.0, obs_cost=15.0, prob=0.111
      g=1, i=2: T=16, n_wiz=1, Q_T=68.0, obs_cost=15.0, prob=0.111
      g=2, i=1: T=16, n_wiz=1, Q_T=134.0, obs_cost=15.0, prob=0.111
      g=2, i=2: T=16, n_wiz=1, Q_T=68.0, obs_cost=15.0, prob=0.111
      g=3, i=1: T=2, n_wiz=3, Q_T=156.0, obs_cost=1.0, prob=0.111
      g=3, i=2: T=2, n_wiz=3, Q_T=156.0, obs_cost=1.0, prob=0.111
      g=3, i=3: T=2, n_wiz=3, Q_T=156.0, obs_cost=1.0, prob=0.111
    === agent3 (naive) breakdown ===
      g=1, i=1: T=11, n_wiz=1, Q_T=134.0, obs_cost=4.0, prob=0.25
      g=1, i=2: T=11, n_wiz=1, Q_T=68.0, obs_cost=4.0, prob=0.25
      g=2, i=1: T=11, n_wiz=1, Q_T=134.0, obs_cost=4.0, prob=0.25
      g=2, i=2: T=11, n_wiz=1, Q_T=68.0, obs_cost=4.0, prob=0.25
    t=7: Q_observe_agent2=133.57, Q_observe_agent3=104.0, Q_not_observe=145.0
    wizard_candidates: 2
    agent2_count=0, agent3_count=7
    timestep_agent2=1, timestep_agent3=8
    === agent2 (actual) breakdown ===
      g=1, i=1: T=16, n_wiz=1, Q_T=134.0, obs_cost=15.0, prob=0.111
      g=1, i=2: T=16, n_wiz=1, Q_T=68.0, obs_cost=15.0, prob=0.111
      g=2, i=1: T=16, n_wiz=1, Q_T=134.0, obs_cost=15.0, prob=0.111
      g=2, i=2: T=16, n_wiz=1, Q_T=68.0, obs_cost=15.0, prob=0.111
      g=3, i=1: T=2, n_wiz=3, Q_T=156.0, obs_cost=1.0, prob=0.111
      g=3, i=2: T=2, n_wiz=3, Q_T=156.0, obs_cost=1.0, prob=0.111
      g=3, i=3: T=2, n_wiz=3, Q_T=156.0, obs_cost=1.0, prob=0.111
    === agent3 (naive) breakdown ===
      g=1, i=1: T=11, n_wiz=1, Q_T=134.0, obs_cost=3.0, prob=0.25
      g=1, i=2: T=11, n_wiz=1, Q_T=68.0, obs_cost=3.0, prob=0.25
      g=2, i=1: T=11, n_wiz=1, Q_T=134.0, obs_cost=3.0, prob=0.25
      g=2, i=2: T=11, n_wiz=1, Q_T=68.0, obs_cost=3.0, prob=0.25
    t=8: Q_observe_agent2=133.57, Q_observe_agent3=103.0, Q_not_observe=145.0
    wizard_candidates: 2
    agent2_count=0, agent3_count=8
    timestep_agent2=1, timestep_agent3=9
    === agent2 (actual) breakdown ===
      g=1, i=1: T=16, n_wiz=1, Q_T=134.0, obs_cost=15.0, prob=0.111
      g=1, i=2: T=16, n_wiz=1, Q_T=68.0, obs_cost=15.0, prob=0.111
      g=2, i=1: T=16, n_wiz=1, Q_T=134.0, obs_cost=15.0, prob=0.111
      g=2, i=2: T=16, n_wiz=1, Q_T=68.0, obs_cost=15.0, prob=0.111
      g=3, i=1: T=2, n_wiz=3, Q_T=156.0, obs_cost=1.0, prob=0.111
      g=3, i=2: T=2, n_wiz=3, Q_T=156.0, obs_cost=1.0, prob=0.111
      g=3, i=3: T=2, n_wiz=3, Q_T=156.0, obs_cost=1.0, prob=0.111
    === agent3 (naive) breakdown ===
      g=1, i=1: T=11, n_wiz=1, Q_T=134.0, obs_cost=2.0, prob=0.25
      g=1, i=2: T=11, n_wiz=1, Q_T=68.0, obs_cost=2.0, prob=0.25
      g=2, i=1: T=11, n_wiz=1, Q_T=134.0, obs_cost=2.0, prob=0.25
      g=2, i=2: T=11, n_wiz=1, Q_T=68.0, obs_cost=2.0, prob=0.25
    t=9: Q_observe_agent2=133.57, Q_observe_agent3=127.13, Q_not_observe=145.0
    wizard_candidates: 2
    agent2_count=0, agent3_count=9
    timestep_agent2=1, timestep_agent3=10
    === agent2 (actual) breakdown ===
      g=1, i=1: T=16, n_wiz=1, Q_T=134.0, obs_cost=15.0, prob=0.111
      g=1, i=2: T=16, n_wiz=1, Q_T=68.0, obs_cost=15.0, prob=0.111
      g=2, i=1: T=16, n_wiz=1, Q_T=134.0, obs_cost=15.0, prob=0.111
      g=2, i=2: T=16, n_wiz=1, Q_T=68.0, obs_cost=15.0, prob=0.111
      g=3, i=1: T=2, n_wiz=3, Q_T=156.0, obs_cost=1.0, prob=0.111
      g=3, i=2: T=2, n_wiz=3, Q_T=156.0, obs_cost=1.0, prob=0.111
      g=3, i=3: T=2, n_wiz=3, Q_T=156.0, obs_cost=1.0, prob=0.111
    === agent3 (naive) breakdown ===
      g=1, i=1: T=11, n_wiz=1, Q_T=134.0, obs_cost=1.0, prob=0.44
      g=1, i=2: T=11, n_wiz=1, Q_T=68.0, obs_cost=1.0, prob=0.06
      g=2, i=1: T=11, n_wiz=1, Q_T=134.0, obs_cost=1.0, prob=0.44
      g=2, i=2: T=11, n_wiz=1, Q_T=68.0, obs_cost=1.0, prob=0.06
    t=10: Q_observe_agent2=153.8, Q_observe_agent3=135.0, Q_not_observe=134.0
    wizard_candidates: 1
    agent2_count=0, agent3_count=10
    timestep_agent2=1, timestep_agent3=11
    === agent2 (actual) breakdown ===
      g=1, i=1: T=16, n_wiz=1, Q_T=134.0, obs_cost=15.0, prob=0.111
      g=2, i=1: T=16, n_wiz=1, Q_T=134.0, obs_cost=15.0, prob=0.111
      g=3, i=1: T=2, n_wiz=3, Q_T=156.0, obs_cost=1.0, prob=0.111
      g=3, i=2: T=2, n_wiz=3, Q_T=156.0, obs_cost=1.0, prob=0.111
      g=3, i=3: T=2, n_wiz=3, Q_T=156.0, obs_cost=1.0, prob=0.111
    === agent3 (naive) breakdown ===
      g=1, i=1: T=11, n_wiz=1, Q_T=134.0, obs_cost=1.0, prob=0.491
      g=2, i=1: T=11, n_wiz=1, Q_T=134.0, obs_cost=1.0, prob=0.491
    Scenario completed in 3.74s
    Cache stats: 1557 hits, 26 misses, 98.4% hit rate
Processing exp4:  15%|█████▏                            |  ETA: 0:05:30[K  Map completed in 7.48s

Processing map: sm311
Const[wizard1, wizard2, wizard3, wizard4]Const[wizard1, wizard2, wizard3, wizard4]  Scenario 2
    agent2 (X) -> gem2 (actual), agent3 (Y) -> gem3 (naive)
    Loading probability data: s_id_agent2=3, s_id_agent3=3
    agent2_gem=2, agent3_gem=3
    Loaded agent2 probs: goal_probs size=(3, 33), state_probs size=(3, 33)
    Loaded agent3 probs: goal_probs size=(3, 38), state_probs size=(3, 38)
    Planning for agent1...
    problem.goal = has(agent1, gem2)
    agent1 location = (8, 10)
    Agent1 plan computed, length=41
    agent3 initial goal_probs: [0.333, 0.333, 0.333]
    agent3 initial state_probs: [0.333, 0.333, 0.333]
    t=0: Q_observe_agent2=117.0, Q_observe_agent3=121.78, Q_not_observe=156.0
    wizard_candidates: 3
    agent2_count=0, agent3_count=0
    timestep_agent2=1, timestep_agent3=1
    === agent2 (actual) breakdown ===
      g=1, i=1: T=2, n_wiz=3, Q_T=156.0, obs_cost=1.0, prob=0.111
      g=1, i=2: T=2, n_wiz=3, Q_T=156.0, obs_cost=1.0, prob=0.111
      g=1, i=3: T=2, n_wiz=3, Q_T=156.0, obs_cost=1.0, prob=0.111
      g=2, i=1: T=4, n_wiz=1, Q_T=86.0, obs_cost=3.0, prob=0.111
      g=2, i=2: T=4, n_wiz=1, Q_T=74.0, obs_cost=3.0, prob=0.111
      g=2, i=3: T=4, n_wiz=1, Q_T=122.0, obs_cost=3.0, prob=0.111
      g=3, i=1: T=4, n_wiz=1, Q_T=86.0, obs_cost=3.0, prob=0.111
      g=3, i=2: T=4, n_wiz=1, Q_T=74.0, obs_cost=3.0, prob=0.111
      g=3, i=3: T=4, n_wiz=1, Q_T=122.0, obs_cost=3.0, prob=0.111
    === agent3 (naive) breakdown ===
      g=1, i=1: T=3, n_wiz=3, Q_T=156.0, obs_cost=2.0, prob=0.111
      g=1, i=2: T=3, n_wiz=3, Q_T=156.0, obs_cost=2.0, prob=0.111
      g=1, i=3: T=3, n_wiz=3, Q_T=156.0, obs_cost=2.0, prob=0.111
      g=2, i=1: T=12, n_wiz=1, Q_T=86.0, obs_cost=11.0, prob=0.111
      g=2, i=2: T=10, n_wiz=1, Q_T=74.0, obs_cost=9.0, prob=0.111
      g=2, i=3: T=10, n_wiz=1, Q_T=122.0, obs_cost=9.0, prob=0.111
      g=3, i=1: T=12, n_wiz=1, Q_T=86.0, obs_cost=11.0, prob=0.111
      g=3, i=2: T=10, n_wiz=1, Q_T=74.0, obs_cost=9.0, prob=0.111
      g=3, i=3: T=10, n_wiz=1, Q_T=122.0, obs_cost=9.0, prob=0.111
    t=1: Q_observe_agent2=96.0, Q_observe_agent3=121.78, Q_not_observe=156.0
    wizard_candidates: 3
    agent2_count=1, agent3_count=0
    timestep_agent2=2, timestep_agent3=1
    === agent2 (actual) breakdown ===
      g=2, i=1: T=4, n_wiz=1, Q_T=86.0, obs_cost=2.0, prob=0.165
      g=2, i=2: T=4, n_wiz=1, Q_T=74.0, obs_cost=2.0, prob=0.165
      g=2, i=3: T=4, n_wiz=1, Q_T=122.0, obs_cost=2.0, prob=0.165
      g=3, i=1: T=4, n_wiz=1, Q_T=86.0, obs_cost=2.0, prob=0.165
      g=3, i=2: T=4, n_wiz=1, Q_T=74.0, obs_cost=2.0, prob=0.165
      g=3, i=3: T=4, n_wiz=1, Q_T=122.0, obs_cost=2.0, prob=0.165
    === agent3 (naive) breakdown ===
      g=1, i=1: T=3, n_wiz=3, Q_T=156.0, obs_cost=2.0, prob=0.111
      g=1, i=2: T=3, n_wiz=3, Q_T=156.0, obs_cost=2.0, prob=0.111
      g=1, i=3: T=3, n_wiz=3, Q_T=156.0, obs_cost=2.0, prob=0.111
      g=2, i=1: T=12, n_wiz=1, Q_T=86.0, obs_cost=11.0, prob=0.111
      g=2, i=2: T=10, n_wiz=1, Q_T=74.0, obs_cost=9.0, prob=0.111
      g=2, i=3: T=10, n_wiz=1, Q_T=122.0, obs_cost=9.0, prob=0.111
      g=3, i=1: T=12, n_wiz=1, Q_T=86.0, obs_cost=11.0, prob=0.111
      g=3, i=2: T=10, n_wiz=1, Q_T=74.0, obs_cost=9.0, prob=0.111
      g=3, i=3: T=10, n_wiz=1, Q_T=122.0, obs_cost=9.0, prob=0.111
    t=2: Q_observe_agent2=95.0, Q_observe_agent3=121.78, Q_not_observe=156.0
    wizard_candidates: 3
    agent2_count=2, agent3_count=0
    timestep_agent2=3, timestep_agent3=1
    === agent2 (actual) breakdown ===
      g=2, i=1: T=4, n_wiz=1, Q_T=86.0, obs_cost=1.0, prob=0.167
      g=2, i=2: T=4, n_wiz=1, Q_T=74.0, obs_cost=1.0, prob=0.167
      g=2, i=3: T=4, n_wiz=1, Q_T=122.0, obs_cost=1.0, prob=0.167
      g=3, i=1: T=4, n_wiz=1, Q_T=86.0, obs_cost=1.0, prob=0.167
      g=3, i=2: T=4, n_wiz=1, Q_T=74.0, obs_cost=1.0, prob=0.167
      g=3, i=3: T=4, n_wiz=1, Q_T=122.0, obs_cost=1.0, prob=0.167
    === agent3 (naive) breakdown ===
      g=1, i=1: T=3, n_wiz=3, Q_T=156.0, obs_cost=2.0, prob=0.111
      g=1, i=2: T=3, n_wiz=3, Q_T=156.0, obs_cost=2.0, prob=0.111
      g=1, i=3: T=3, n_wiz=3, Q_T=156.0, obs_cost=2.0, prob=0.111
      g=2, i=1: T=12, n_wiz=1, Q_T=86.0, obs_cost=11.0, prob=0.111
      g=2, i=2: T=10, n_wiz=1, Q_T=74.0, obs_cost=9.0, prob=0.111
      g=2, i=3: T=10, n_wiz=1, Q_T=122.0, obs_cost=9.0, prob=0.111
      g=3, i=1: T=12, n_wiz=1, Q_T=86.0, obs_cost=11.0, prob=0.111
      g=3, i=2: T=10, n_wiz=1, Q_T=74.0, obs_cost=9.0, prob=0.111
      g=3, i=3: T=10, n_wiz=1, Q_T=122.0, obs_cost=9.0, prob=0.111
    t=3: Q_observe_agent2=123.0, Q_observe_agent3=147.2, Q_not_observe=122.0
    wizard_candidates: 1
    agent2_count=3, agent3_count=0
    timestep_agent2=4, timestep_agent3=1
    === agent2 (actual) breakdown ===
      g=2, i=3: T=4, n_wiz=1, Q_T=122.0, obs_cost=1.0, prob=0.482
      g=3, i=3: T=4, n_wiz=1, Q_T=122.0, obs_cost=1.0, prob=0.482
    === agent3 (naive) breakdown ===
      g=1, i=1: T=3, n_wiz=3, Q_T=156.0, obs_cost=2.0, prob=0.111
      g=1, i=2: T=3, n_wiz=3, Q_T=156.0, obs_cost=2.0, prob=0.111
      g=1, i=3: T=3, n_wiz=3, Q_T=156.0, obs_cost=2.0, prob=0.111
      g=2, i=3: T=10, n_wiz=1, Q_T=122.0, obs_cost=9.0, prob=0.111
      g=3, i=3: T=10, n_wiz=1, Q_T=122.0, obs_cost=9.0, prob=0.111
    Scenario completed in 4.01s
    Cache stats: 629 hits, 26 misses, 96.0% hit rate
Processing exp4:  18%|██████                            |  ETA: 0:05:11[K  Map completed in 7.66s

Processing map: sm432
Const[wizard1, wizard2, wizard3, wizard4]Const[wizard1, wizard2, wizard3, wizard4]  Scenario 2
    agent2 (X) -> gem3 (actual), agent3 (Y) -> gem2 (naive)
    Loading probability data: s_id_agent2=3, s_id_agent3=3
    agent2_gem=3, agent3_gem=2
    Loaded agent2 probs: goal_probs size=(3, 42), state_probs size=(3, 42)
    Loaded agent3 probs: goal_probs size=(3, 35), state_probs size=(3, 35)
    Planning for agent1...
    problem.goal = has(agent1, gem2)
    agent1 location = (11, 6)
    Agent1 plan computed, length=38
    agent3 initial goal_probs: [0.333, 0.333, 0.333]
    agent3 initial state_probs: [0.333, 0.333, 0.333]
    t=0: Q_observe_agent2=122.89, Q_observe_agent3=118.78, Q_not_observe=135.0
    wizard_candidates: 3
    agent2_count=0, agent3_count=0
    timestep_agent2=1, timestep_agent3=1
    === agent2 (actual) breakdown ===
      g=1, i=1: T=15, n_wiz=1, Q_T=89.0, obs_cost=14.0, prob=0.111
      g=1, i=2: T=17, n_wiz=1, Q_T=101.0, obs_cost=16.0, prob=0.111
      g=1, i=3: T=17, n_wiz=1, Q_T=113.0, obs_cost=16.0, prob=0.111
      g=2, i=1: T=15, n_wiz=1, Q_T=89.0, obs_cost=14.0, prob=0.111
      g=2, i=2: T=17, n_wiz=1, Q_T=101.0, obs_cost=16.0, prob=0.111
      g=2, i=3: T=17, n_wiz=1, Q_T=113.0, obs_cost=16.0, prob=0.111
      g=3, i=1: T=2, n_wiz=3, Q_T=135.0, obs_cost=1.0, prob=0.111
      g=3, i=2: T=2, n_wiz=3, Q_T=135.0, obs_cost=1.0, prob=0.111
      g=3, i=3: T=2, n_wiz=3, Q_T=135.0, obs_cost=1.0, prob=0.111
    === agent3 (naive) breakdown ===
      g=1, i=1: T=7, n_wiz=1, Q_T=89.0, obs_cost=6.0, prob=0.111
      g=1, i=2: T=11, n_wiz=1, Q_T=101.0, obs_cost=10.0, prob=0.111
      g=1, i=3: T=11, n_wiz=1, Q_T=113.0, obs_cost=10.0, prob=0.111
      g=2, i=1: T=7, n_wiz=1, Q_T=89.0, obs_cost=6.0, prob=0.111
      g=2, i=2: T=11, n_wiz=1, Q_T=101.0, obs_cost=10.0, prob=0.111
      g=2, i=3: T=11, n_wiz=1, Q_T=113.0, obs_cost=10.0, prob=0.111
      g=3, i=1: T=3, n_wiz=3, Q_T=135.0, obs_cost=2.0, prob=0.111
      g=3, i=2: T=3, n_wiz=3, Q_T=135.0, obs_cost=2.0, prob=0.111
      g=3, i=3: T=3, n_wiz=3, Q_T=135.0, obs_cost=2.0, prob=0.111
    t=1: Q_observe_agent2=122.89, Q_observe_agent3=108.67, Q_not_observe=135.0
    wizard_candidates: 3
    agent2_count=0, agent3_count=1
    timestep_agent2=1, timestep_agent3=2
    === agent2 (actual) breakdown ===
      g=1, i=1: T=15, n_wiz=1, Q_T=89.0, obs_cost=14.0, prob=0.111
      g=1, i=2: T=17, n_wiz=1, Q_T=101.0, obs_cost=16.0, prob=0.111
      g=1, i=3: T=17, n_wiz=1, Q_T=113.0, obs_cost=16.0, prob=0.111
      g=2, i=1: T=15, n_wiz=1, Q_T=89.0, obs_cost=14.0, prob=0.111
      g=2, i=2: T=17, n_wiz=1, Q_T=101.0, obs_cost=16.0, prob=0.111
      g=2, i=3: T=17, n_wiz=1, Q_T=113.0, obs_cost=16.0, prob=0.111
      g=3, i=1: T=2, n_wiz=3, Q_T=135.0, obs_cost=1.0, prob=0.111
      g=3, i=2: T=2, n_wiz=3, Q_T=135.0, obs_cost=1.0, prob=0.111
      g=3, i=3: T=2, n_wiz=3, Q_T=135.0, obs_cost=1.0, prob=0.111
    === agent3 (naive) breakdown ===
      g=1, i=1: T=7, n_wiz=1, Q_T=89.0, obs_cost=5.0, prob=0.156
      g=1, i=2: T=11, n_wiz=1, Q_T=101.0, obs_cost=9.0, prob=0.156
      g=1, i=3: T=11, n_wiz=1, Q_T=113.0, obs_cost=9.0, prob=0.156
      g=2, i=1: T=7, n_wiz=1, Q_T=89.0, obs_cost=5.0, prob=0.156
      g=2, i=2: T=11, n_wiz=1, Q_T=101.0, obs_cost=9.0, prob=0.156
      g=2, i=3: T=11, n_wiz=1, Q_T=113.0, obs_cost=9.0, prob=0.156
    t=2: Q_observe_agent2=122.89, Q_observe_agent3=107.67, Q_not_observe=135.0
    wizard_candidates: 3
    agent2_count=0, agent3_count=2
    timestep_agent2=1, timestep_agent3=3
    === agent2 (actual) breakdown ===
      g=1, i=1: T=15, n_wiz=1, Q_T=89.0, obs_cost=14.0, prob=0.111
      g=1, i=2: T=17, n_wiz=1, Q_T=101.0, obs_cost=16.0, prob=0.111
      g=1, i=3: T=17, n_wiz=1, Q_T=113.0, obs_cost=16.0, prob=0.111
      g=2, i=1: T=15, n_wiz=1, Q_T=89.0, obs_cost=14.0, prob=0.111
      g=2, i=2: T=17, n_wiz=1, Q_T=101.0, obs_cost=16.0, prob=0.111
      g=2, i=3: T=17, n_wiz=1, Q_T=113.0, obs_cost=16.0, prob=0.111
      g=3, i=1: T=2, n_wiz=3, Q_T=135.0, obs_cost=1.0, prob=0.111
      g=3, i=2: T=2, n_wiz=3, Q_T=135.0, obs_cost=1.0, prob=0.111
      g=3, i=3: T=2, n_wiz=3, Q_T=135.0, obs_cost=1.0, prob=0.111
    === agent3 (naive) breakdown ===
      g=1, i=1: T=7, n_wiz=1, Q_T=89.0, obs_cost=4.0, prob=0.165
      g=1, i=2: T=11, n_wiz=1, Q_T=101.0, obs_cost=8.0, prob=0.165
      g=1, i=3: T=11, n_wiz=1, Q_T=113.0, obs_cost=8.0, prob=0.165
      g=2, i=1: T=7, n_wiz=1, Q_T=89.0, obs_cost=4.0, prob=0.165
      g=2, i=2: T=11, n_wiz=1, Q_T=101.0, obs_cost=8.0, prob=0.165
      g=2, i=3: T=11, n_wiz=1, Q_T=113.0, obs_cost=8.0, prob=0.165
    t=3: Q_observe_agent2=122.89, Q_observe_agent3=106.67, Q_not_observe=135.0
    wizard_candidates: 3
    agent2_count=0, agent3_count=3
    timestep_agent2=1, timestep_agent3=4
    === agent2 (actual) breakdown ===
      g=1, i=1: T=15, n_wiz=1, Q_T=89.0, obs_cost=14.0, prob=0.111
      g=1, i=2: T=17, n_wiz=1, Q_T=101.0, obs_cost=16.0, prob=0.111
      g=1, i=3: T=17, n_wiz=1, Q_T=113.0, obs_cost=16.0, prob=0.111
      g=2, i=1: T=15, n_wiz=1, Q_T=89.0, obs_cost=14.0, prob=0.111
      g=2, i=2: T=17, n_wiz=1, Q_T=101.0, obs_cost=16.0, prob=0.111
      g=2, i=3: T=17, n_wiz=1, Q_T=113.0, obs_cost=16.0, prob=0.111
      g=3, i=1: T=2, n_wiz=3, Q_T=135.0, obs_cost=1.0, prob=0.111
      g=3, i=2: T=2, n_wiz=3, Q_T=135.0, obs_cost=1.0, prob=0.111
      g=3, i=3: T=2, n_wiz=3, Q_T=135.0, obs_cost=1.0, prob=0.111
    === agent3 (naive) breakdown ===
      g=1, i=1: T=7, n_wiz=1, Q_T=89.0, obs_cost=3.0, prob=0.165
      g=1, i=2: T=11, n_wiz=1, Q_T=101.0, obs_cost=7.0, prob=0.165
      g=1, i=3: T=11, n_wiz=1, Q_T=113.0, obs_cost=7.0, prob=0.165
      g=2, i=1: T=7, n_wiz=1, Q_T=89.0, obs_cost=3.0, prob=0.165
      g=2, i=2: T=11, n_wiz=1, Q_T=101.0, obs_cost=7.0, prob=0.165
      g=2, i=3: T=11, n_wiz=1, Q_T=113.0, obs_cost=7.0, prob=0.165
    t=4: Q_observe_agent2=128.57, Q_observe_agent3=113.0, Q_not_observe=124.0
    wizard_candidates: 2
    agent2_count=0, agent3_count=4
    timestep_agent2=1, timestep_agent3=5
    === agent2 (actual) breakdown ===
      g=1, i=2: T=17, n_wiz=1, Q_T=101.0, obs_cost=16.0, prob=0.111
      g=1, i=3: T=17, n_wiz=1, Q_T=113.0, obs_cost=16.0, prob=0.111
      g=2, i=2: T=17, n_wiz=1, Q_T=101.0, obs_cost=16.0, prob=0.111
      g=2, i=3: T=17, n_wiz=1, Q_T=113.0, obs_cost=16.0, prob=0.111
      g=3, i=1: T=2, n_wiz=3, Q_T=135.0, obs_cost=1.0, prob=0.111
      g=3, i=2: T=2, n_wiz=3, Q_T=135.0, obs_cost=1.0, prob=0.111
      g=3, i=3: T=2, n_wiz=3, Q_T=135.0, obs_cost=1.0, prob=0.111
    === agent3 (naive) breakdown ===
      g=1, i=2: T=11, n_wiz=1, Q_T=101.0, obs_cost=6.0, prob=0.234
      g=1, i=3: T=11, n_wiz=1, Q_T=113.0, obs_cost=6.0, prob=0.234
      g=2, i=2: T=11, n_wiz=1, Q_T=101.0, obs_cost=6.0, prob=0.234
      g=2, i=3: T=11, n_wiz=1, Q_T=113.0, obs_cost=6.0, prob=0.234
    t=5: Q_observe_agent2=128.57, Q_observe_agent3=112.0, Q_not_observe=124.0
    wizard_candidates: 2
    agent2_count=0, agent3_count=5
    timestep_agent2=1, timestep_agent3=6
    === agent2 (actual) breakdown ===
      g=1, i=2: T=17, n_wiz=1, Q_T=101.0, obs_cost=16.0, prob=0.111
      g=1, i=3: T=17, n_wiz=1, Q_T=113.0, obs_cost=16.0, prob=0.111
      g=2, i=2: T=17, n_wiz=1, Q_T=101.0, obs_cost=16.0, prob=0.111
      g=2, i=3: T=17, n_wiz=1, Q_T=113.0, obs_cost=16.0, prob=0.111
      g=3, i=1: T=2, n_wiz=3, Q_T=135.0, obs_cost=1.0, prob=0.111
      g=3, i=2: T=2, n_wiz=3, Q_T=135.0, obs_cost=1.0, prob=0.111
      g=3, i=3: T=2, n_wiz=3, Q_T=135.0, obs_cost=1.0, prob=0.111
    === agent3 (naive) breakdown ===
      g=1, i=2: T=11, n_wiz=1, Q_T=101.0, obs_cost=5.0, prob=0.248
      g=1, i=3: T=11, n_wiz=1, Q_T=113.0, obs_cost=5.0, prob=0.248
      g=2, i=2: T=11, n_wiz=1, Q_T=101.0, obs_cost=5.0, prob=0.248
      g=2, i=3: T=11, n_wiz=1, Q_T=113.0, obs_cost=5.0, prob=0.248
    t=6: Q_observe_agent2=128.57, Q_observe_agent3=111.0, Q_not_observe=124.0
    wizard_candidates: 2
    agent2_count=0, agent3_count=6
    timestep_agent2=1, timestep_agent3=7
    === agent2 (actual) breakdown ===
      g=1, i=2: T=17, n_wiz=1, Q_T=101.0, obs_cost=16.0, prob=0.111
      g=1, i=3: T=17, n_wiz=1, Q_T=113.0, obs_cost=16.0, prob=0.111
      g=2, i=2: T=17, n_wiz=1, Q_T=101.0, obs_cost=16.0, prob=0.111
      g=2, i=3: T=17, n_wiz=1, Q_T=113.0, obs_cost=16.0, prob=0.111
      g=3, i=1: T=2, n_wiz=3, Q_T=135.0, obs_cost=1.0, prob=0.111
      g=3, i=2: T=2, n_wiz=3, Q_T=135.0, obs_cost=1.0, prob=0.111
      g=3, i=3: T=2, n_wiz=3, Q_T=135.0, obs_cost=1.0, prob=0.111
    === agent3 (naive) breakdown ===
      g=1, i=2: T=11, n_wiz=1, Q_T=101.0, obs_cost=4.0, prob=0.25
      g=1, i=3: T=11, n_wiz=1, Q_T=113.0, obs_cost=4.0, prob=0.25
      g=2, i=2: T=11, n_wiz=1, Q_T=101.0, obs_cost=4.0, prob=0.25
      g=2, i=3: T=11, n_wiz=1, Q_T=113.0, obs_cost=4.0, prob=0.25
    t=7: Q_observe_agent2=128.57, Q_observe_agent3=110.0, Q_not_observe=124.0
    wizard_candidates: 2
    agent2_count=0, agent3_count=7
    timestep_agent2=1, timestep_agent3=8
    === agent2 (actual) breakdown ===
      g=1, i=2: T=17, n_wiz=1, Q_T=101.0, obs_cost=16.0, prob=0.111
      g=1, i=3: T=17, n_wiz=1, Q_T=113.0, obs_cost=16.0, prob=0.111
      g=2, i=2: T=17, n_wiz=1, Q_T=101.0, obs_cost=16.0, prob=0.111
      g=2, i=3: T=17, n_wiz=1, Q_T=113.0, obs_cost=16.0, prob=0.111
      g=3, i=1: T=2, n_wiz=3, Q_T=135.0, obs_cost=1.0, prob=0.111
      g=3, i=2: T=2, n_wiz=3, Q_T=135.0, obs_cost=1.0, prob=0.111
      g=3, i=3: T=2, n_wiz=3, Q_T=135.0, obs_cost=1.0, prob=0.111
    === agent3 (naive) breakdown ===
      g=1, i=2: T=11, n_wiz=1, Q_T=101.0, obs_cost=3.0, prob=0.25
      g=1, i=3: T=11, n_wiz=1, Q_T=113.0, obs_cost=3.0, prob=0.25
      g=2, i=2: T=11, n_wiz=1, Q_T=101.0, obs_cost=3.0, prob=0.25
      g=2, i=3: T=11, n_wiz=1, Q_T=113.0, obs_cost=3.0, prob=0.25
    t=8: Q_observe_agent2=128.57, Q_observe_agent3=109.0, Q_not_observe=124.0
    wizard_candidates: 2
    agent2_count=0, agent3_count=8
    timestep_agent2=1, timestep_agent3=9
    === agent2 (actual) breakdown ===
      g=1, i=2: T=17, n_wiz=1, Q_T=101.0, obs_cost=16.0, prob=0.111
      g=1, i=3: T=17, n_wiz=1, Q_T=113.0, obs_cost=16.0, prob=0.111
      g=2, i=2: T=17, n_wiz=1, Q_T=101.0, obs_cost=16.0, prob=0.111
      g=2, i=3: T=17, n_wiz=1, Q_T=113.0, obs_cost=16.0, prob=0.111
      g=3, i=1: T=2, n_wiz=3, Q_T=135.0, obs_cost=1.0, prob=0.111
      g=3, i=2: T=2, n_wiz=3, Q_T=135.0, obs_cost=1.0, prob=0.111
      g=3, i=3: T=2, n_wiz=3, Q_T=135.0, obs_cost=1.0, prob=0.111
    === agent3 (naive) breakdown ===
      g=1, i=2: T=11, n_wiz=1, Q_T=101.0, obs_cost=2.0, prob=0.25
      g=1, i=3: T=11, n_wiz=1, Q_T=113.0, obs_cost=2.0, prob=0.25
      g=2, i=2: T=11, n_wiz=1, Q_T=101.0, obs_cost=2.0, prob=0.25
      g=2, i=3: T=11, n_wiz=1, Q_T=113.0, obs_cost=2.0, prob=0.25
    t=9: Q_observe_agent2=128.57, Q_observe_agent3=112.57, Q_not_observe=124.0
    wizard_candidates: 2
    agent2_count=0, agent3_count=9
    timestep_agent2=1, timestep_agent3=10
    === agent2 (actual) breakdown ===
      g=1, i=2: T=17, n_wiz=1, Q_T=101.0, obs_cost=16.0, prob=0.111
      g=1, i=3: T=17, n_wiz=1, Q_T=113.0, obs_cost=16.0, prob=0.111
      g=2, i=2: T=17, n_wiz=1, Q_T=101.0, obs_cost=16.0, prob=0.111
      g=2, i=3: T=17, n_wiz=1, Q_T=113.0, obs_cost=16.0, prob=0.111
      g=3, i=1: T=2, n_wiz=3, Q_T=135.0, obs_cost=1.0, prob=0.111
      g=3, i=2: T=2, n_wiz=3, Q_T=135.0, obs_cost=1.0, prob=0.111
      g=3, i=3: T=2, n_wiz=3, Q_T=135.0, obs_cost=1.0, prob=0.111
    === agent3 (naive) breakdown ===
      g=1, i=2: T=11, n_wiz=1, Q_T=101.0, obs_cost=1.0, prob=0.06
      g=1, i=3: T=11, n_wiz=1, Q_T=113.0, obs_cost=1.0, prob=0.44
      g=2, i=2: T=11, n_wiz=1, Q_T=101.0, obs_cost=1.0, prob=0.06
      g=2, i=3: T=11, n_wiz=1, Q_T=113.0, obs_cost=1.0, prob=0.44
    t=10: Q_observe_agent2=133.2, Q_observe_agent3=114.0, Q_not_observe=113.0
    wizard_candidates: 1
    agent2_count=0, agent3_count=10
    timestep_agent2=1, timestep_agent3=11
    === agent2 (actual) breakdown ===
      g=1, i=3: T=17, n_wiz=1, Q_T=113.0, obs_cost=16.0, prob=0.111
      g=2, i=3: T=17, n_wiz=1, Q_T=113.0, obs_cost=16.0, prob=0.111
      g=3, i=1: T=2, n_wiz=3, Q_T=135.0, obs_cost=1.0, prob=0.111
      g=3, i=2: T=2, n_wiz=3, Q_T=135.0, obs_cost=1.0, prob=0.111
      g=3, i=3: T=2, n_wiz=3, Q_T=135.0, obs_cost=1.0, prob=0.111
    === agent3 (naive) breakdown ===
      g=1, i=3: T=11, n_wiz=1, Q_T=113.0, obs_cost=1.0, prob=0.491
      g=2, i=3: T=11, n_wiz=1, Q_T=113.0, obs_cost=1.0, prob=0.491
    Scenario completed in 4.21s
    Cache stats: 1559 hits, 24 misses, 98.5% hit rate
Processing exp4:  20%|██████▊                           |  ETA: 0:04:55[K  Map completed in 7.92s

Processing map: sm541
Const[wizard1, wizard2, wizard3, wizard4]Const[wizard1, wizard2, wizard3, wizard4]  Scenario 2
    agent2 (X) -> gem3 (actual), agent3 (Y) -> gem1 (naive)
    Loading probability data: s_id_agent2=1, s_id_agent3=1
    agent2_gem=3, agent3_gem=1
    Loaded agent2 probs: goal_probs size=(3, 22), state_probs size=(3, 22)
    Loaded agent3 probs: goal_probs size=(3, 28), state_probs size=(3, 28)
    Planning for agent1...
    problem.goal = has(agent1, gem1)
    agent1 location = (1, 8)
    Agent1 plan computed, length=32
    agent3 initial goal_probs: [0.333, 0.333, 0.333]
    agent3 initial state_probs: [0.333, 0.333, 0.333]
    t=0: Q_observe_agent2=117.89, Q_observe_agent3=120.11, Q_not_observe=129.0
    wizard_candidates: 3
    agent2_count=0, agent3_count=0
    timestep_agent2=1, timestep_agent3=1
    === agent2 (actual) breakdown ===
      g=1, i=1: T=6, n_wiz=1, Q_T=95.0, obs_cost=5.0, prob=0.111
      g=1, i=2: T=6, n_wiz=1, Q_T=83.0, obs_cost=5.0, prob=0.111
      g=1, i=3: T=5, n_wiz=1, Q_T=89.0, obs_cost=4.0, prob=0.111
      g=2, i=1: T=2, n_wiz=3, Q_T=129.0, obs_cost=1.0, prob=0.111
      g=2, i=2: T=2, n_wiz=3, Q_T=129.0, obs_cost=1.0, prob=0.111
      g=2, i=3: T=2, n_wiz=3, Q_T=129.0, obs_cost=1.0, prob=0.111
      g=3, i=1: T=2, n_wiz=3, Q_T=129.0, obs_cost=1.0, prob=0.111
      g=3, i=2: T=2, n_wiz=3, Q_T=129.0, obs_cost=1.0, prob=0.111
      g=3, i=3: T=2, n_wiz=3, Q_T=129.0, obs_cost=1.0, prob=0.111
    === agent3 (naive) breakdown ===
      g=1, i=1: T=14, n_wiz=1, Q_T=95.0, obs_cost=13.0, prob=0.111
      g=1, i=2: T=9, n_wiz=1, Q_T=83.0, obs_cost=8.0, prob=0.111
      g=1, i=3: T=14, n_wiz=1, Q_T=89.0, obs_cost=13.0, prob=0.111
      g=2, i=1: T=2, n_wiz=3, Q_T=129.0, obs_cost=1.0, prob=0.111
      g=2, i=2: T=2, n_wiz=3, Q_T=129.0, obs_cost=1.0, prob=0.111
      g=2, i=3: T=2, n_wiz=3, Q_T=129.0, obs_cost=1.0, prob=0.111
      g=3, i=1: T=2, n_wiz=3, Q_T=129.0, obs_cost=1.0, prob=0.111
      g=3, i=2: T=2, n_wiz=3, Q_T=129.0, obs_cost=1.0, prob=0.111
      g=3, i=3: T=2, n_wiz=3, Q_T=129.0, obs_cost=1.0, prob=0.111
    t=1: Q_observe_agent2=130.0, Q_observe_agent3=120.11, Q_not_observe=129.0
    wizard_candidates: 3
    agent2_count=1, agent3_count=0
    timestep_agent2=2, timestep_agent3=1
    === agent2 (actual) breakdown ===
      g=3, i=1: T=2, n_wiz=3, Q_T=129.0, obs_cost=1.0, prob=0.322
      g=3, i=2: T=2, n_wiz=3, Q_T=129.0, obs_cost=1.0, prob=0.322
      g=3, i=3: T=2, n_wiz=3, Q_T=129.0, obs_cost=1.0, prob=0.322
    === agent3 (naive) breakdown ===
      g=1, i=1: T=14, n_wiz=1, Q_T=95.0, obs_cost=13.0, prob=0.111
      g=1, i=2: T=9, n_wiz=1, Q_T=83.0, obs_cost=8.0, prob=0.111
      g=1, i=3: T=14, n_wiz=1, Q_T=89.0, obs_cost=13.0, prob=0.111
      g=2, i=1: T=2, n_wiz=3, Q_T=129.0, obs_cost=1.0, prob=0.111
      g=2, i=2: T=2, n_wiz=3, Q_T=129.0, obs_cost=1.0, prob=0.111
      g=2, i=3: T=2, n_wiz=3, Q_T=129.0, obs_cost=1.0, prob=0.111
      g=3, i=1: T=2, n_wiz=3, Q_T=129.0, obs_cost=1.0, prob=0.111
      g=3, i=2: T=2, n_wiz=3, Q_T=129.0, obs_cost=1.0, prob=0.111
      g=3, i=3: T=2, n_wiz=3, Q_T=129.0, obs_cost=1.0, prob=0.111
    t=2: Q_observe_agent2=130.0, Q_observe_agent3=105.87, Q_not_observe=129.0
    wizard_candidates: 3
    agent2_count=1, agent3_count=1
    timestep_agent2=2, timestep_agent3=2
    === agent2 (actual) breakdown ===
      g=3, i=1: T=2, n_wiz=3, Q_T=129.0, obs_cost=1.0, prob=0.322
      g=3, i=2: T=2, n_wiz=3, Q_T=129.0, obs_cost=1.0, prob=0.322
      g=3, i=3: T=2, n_wiz=3, Q_T=129.0, obs_cost=1.0, prob=0.322
    === agent3 (naive) breakdown ===
      g=1, i=1: T=14, n_wiz=1, Q_T=95.0, obs_cost=12.0, prob=0.262
      g=1, i=2: T=9, n_wiz=1, Q_T=83.0, obs_cost=7.0, prob=0.262
      g=1, i=3: T=14, n_wiz=1, Q_T=89.0, obs_cost=12.0, prob=0.262
      g=2, i=1: T=2, n_wiz=3, Q_T=129.0, obs_cost=1.0, prob=0.036
      g=2, i=2: T=2, n_wiz=3, Q_T=129.0, obs_cost=1.0, prob=0.036
      g=2, i=3: T=2, n_wiz=3, Q_T=129.0, obs_cost=1.0, prob=0.036
      g=3, i=1: T=2, n_wiz=3, Q_T=129.0, obs_cost=1.0, prob=0.036
      g=3, i=2: T=2, n_wiz=3, Q_T=129.0, obs_cost=1.0, prob=0.036
      g=3, i=3: T=2, n_wiz=3, Q_T=129.0, obs_cost=1.0, prob=0.036
    t=3: Q_observe_agent2=130.0, Q_observe_agent3=98.33, Q_not_observe=129.0
    wizard_candidates: 3
    agent2_count=1, agent3_count=2
    timestep_agent2=2, timestep_agent3=3
    === agent2 (actual) breakdown ===
      g=3, i=1: T=2, n_wiz=3, Q_T=129.0, obs_cost=1.0, prob=0.322
      g=3, i=2: T=2, n_wiz=3, Q_T=129.0, obs_cost=1.0, prob=0.322
      g=3, i=3: T=2, n_wiz=3, Q_T=129.0, obs_cost=1.0, prob=0.322
    === agent3 (naive) breakdown ===
      g=1, i=1: T=14, n_wiz=1, Q_T=95.0, obs_cost=11.0, prob=0.322
      g=1, i=2: T=9, n_wiz=1, Q_T=83.0, obs_cost=6.0, prob=0.322
      g=1, i=3: T=14, n_wiz=1, Q_T=89.0, obs_cost=11.0, prob=0.322
    t=4: Q_observe_agent2=130.0, Q_observe_agent3=97.33, Q_not_observe=129.0
    wizard_candidates: 3
    agent2_count=1, agent3_count=3
    timestep_agent2=2, timestep_agent3=4
    === agent2 (actual) breakdown ===
      g=3, i=1: T=2, n_wiz=3, Q_T=129.0, obs_cost=1.0, prob=0.322
      g=3, i=2: T=2, n_wiz=3, Q_T=129.0, obs_cost=1.0, prob=0.322
      g=3, i=3: T=2, n_wiz=3, Q_T=129.0, obs_cost=1.0, prob=0.322
    === agent3 (naive) breakdown ===
      g=1, i=1: T=14, n_wiz=1, Q_T=95.0, obs_cost=10.0, prob=0.322
      g=1, i=2: T=9, n_wiz=1, Q_T=83.0, obs_cost=5.0, prob=0.322
      g=1, i=3: T=14, n_wiz=1, Q_T=89.0, obs_cost=10.0, prob=0.322
    t=5: Q_observe_agent2=130.0, Q_observe_agent3=101.0, Q_not_observe=118.0
    wizard_candidates: 2
    agent2_count=1, agent3_count=4
    timestep_agent2=2, timestep_agent3=5
    === agent2 (actual) breakdown ===
      g=3, i=1: T=2, n_wiz=3, Q_T=129.0, obs_cost=1.0, prob=0.322
      g=3, i=2: T=2, n_wiz=3, Q_T=129.0, obs_cost=1.0, prob=0.322
      g=3, i=3: T=2, n_wiz=3, Q_T=129.0, obs_cost=1.0, prob=0.322
    === agent3 (naive) breakdown ===
      g=1, i=1: T=14, n_wiz=1, Q_T=95.0, obs_cost=9.0, prob=0.464
      g=1, i=3: T=14, n_wiz=1, Q_T=89.0, obs_cost=9.0, prob=0.464
    t=6: Q_observe_agent2=130.0, Q_observe_agent3=100.0, Q_not_observe=118.0
    wizard_candidates: 2
    agent2_count=1, agent3_count=5
    timestep_agent2=2, timestep_agent3=6
    === agent2 (actual) breakdown ===
      g=3, i=1: T=2, n_wiz=3, Q_T=129.0, obs_cost=1.0, prob=0.322
      g=3, i=2: T=2, n_wiz=3, Q_T=129.0, obs_cost=1.0, prob=0.322
      g=3, i=3: T=2, n_wiz=3, Q_T=129.0, obs_cost=1.0, prob=0.322
    === agent3 (naive) breakdown ===
      g=1, i=1: T=14, n_wiz=1, Q_T=95.0, obs_cost=8.0, prob=0.495
      g=1, i=3: T=14, n_wiz=1, Q_T=89.0, obs_cost=8.0, prob=0.495
    t=7: Q_observe_agent2=130.0, Q_observe_agent3=99.0, Q_not_observe=118.0
    wizard_candidates: 2
    agent2_count=1, agent3_count=6
    timestep_agent2=2, timestep_agent3=7
    === agent2 (actual) breakdown ===
      g=3, i=1: T=2, n_wiz=3, Q_T=129.0, obs_cost=1.0, prob=0.322
      g=3, i=2: T=2, n_wiz=3, Q_T=129.0, obs_cost=1.0, prob=0.322
      g=3, i=3: T=2, n_wiz=3, Q_T=129.0, obs_cost=1.0, prob=0.322
    === agent3 (naive) breakdown ===
      g=1, i=1: T=14, n_wiz=1, Q_T=95.0, obs_cost=7.0, prob=0.499
      g=1, i=3: T=14, n_wiz=1, Q_T=89.0, obs_cost=7.0, prob=0.499
    t=8: Q_observe_agent2=130.0, Q_observe_agent3=98.0, Q_not_observe=118.0
    wizard_candidates: 2
    agent2_count=1, agent3_count=7
    timestep_agent2=2, timestep_agent3=8
    === agent2 (actual) breakdown ===
      g=3, i=1: T=2, n_wiz=3, Q_T=129.0, obs_cost=1.0, prob=0.322
      g=3, i=2: T=2, n_wiz=3, Q_T=129.0, obs_cost=1.0, prob=0.322
      g=3, i=3: T=2, n_wiz=3, Q_T=129.0, obs_cost=1.0, prob=0.322
    === agent3 (naive) breakdown ===
      g=1, i=1: T=14, n_wiz=1, Q_T=95.0, obs_cost=6.0, prob=0.5
      g=1, i=3: T=14, n_wiz=1, Q_T=89.0, obs_cost=6.0, prob=0.5
    t=9: Q_observe_agent2=130.0, Q_observe_agent3=97.0, Q_not_observe=118.0
    wizard_candidates: 2
    agent2_count=1, agent3_count=8
    timestep_agent2=2, timestep_agent3=9
    === agent2 (actual) breakdown ===
      g=3, i=1: T=2, n_wiz=3, Q_T=129.0, obs_cost=1.0, prob=0.322
      g=3, i=2: T=2, n_wiz=3, Q_T=129.0, obs_cost=1.0, prob=0.322
      g=3, i=3: T=2, n_wiz=3, Q_T=129.0, obs_cost=1.0, prob=0.322
    === agent3 (naive) breakdown ===
      g=1, i=1: T=14, n_wiz=1, Q_T=95.0, obs_cost=5.0, prob=0.5
      g=1, i=3: T=14, n_wiz=1, Q_T=89.0, obs_cost=5.0, prob=0.5
    t=10: Q_observe_agent2=130.0, Q_observe_agent3=96.0, Q_not_observe=118.0
    wizard_candidates: 2
    agent2_count=1, agent3_count=9
    timestep_agent2=2, timestep_agent3=10
    === agent2 (actual) breakdown ===
      g=3, i=1: T=2, n_wiz=3, Q_T=129.0, obs_cost=1.0, prob=0.322
      g=3, i=2: T=2, n_wiz=3, Q_T=129.0, obs_cost=1.0, prob=0.322
      g=3, i=3: T=2, n_wiz=3, Q_T=129.0, obs_cost=1.0, prob=0.322
    === agent3 (naive) breakdown ===
      g=1, i=1: T=14, n_wiz=1, Q_T=95.0, obs_cost=4.0, prob=0.5
      g=1, i=3: T=14, n_wiz=1, Q_T=89.0, obs_cost=4.0, prob=0.5
    t=11: Q_observe_agent2=130.0, Q_observe_agent3=95.0, Q_not_observe=118.0
    wizard_candidates: 2
    agent2_count=1, agent3_count=10
    timestep_agent2=2, timestep_agent3=11
    === agent2 (actual) breakdown ===
      g=3, i=1: T=2, n_wiz=3, Q_T=129.0, obs_cost=1.0, prob=0.322
      g=3, i=2: T=2, n_wiz=3, Q_T=129.0, obs_cost=1.0, prob=0.322
      g=3, i=3: T=2, n_wiz=3, Q_T=129.0, obs_cost=1.0, prob=0.322
    === agent3 (naive) breakdown ===
      g=1, i=1: T=14, n_wiz=1, Q_T=95.0, obs_cost=3.0, prob=0.5
      g=1, i=3: T=14, n_wiz=1, Q_T=89.0, obs_cost=3.0, prob=0.5
    t=12: Q_observe_agent2=130.0, Q_observe_agent3=94.0, Q_not_observe=118.0
    wizard_candidates: 2
    agent2_count=1, agent3_count=11
    timestep_agent2=2, timestep_agent3=12
    === agent2 (actual) breakdown ===
      g=3, i=1: T=2, n_wiz=3, Q_T=129.0, obs_cost=1.0, prob=0.322
      g=3, i=2: T=2, n_wiz=3, Q_T=129.0, obs_cost=1.0, prob=0.322
      g=3, i=3: T=2, n_wiz=3, Q_T=129.0, obs_cost=1.0, prob=0.322
    === agent3 (naive) breakdown ===
      g=1, i=1: T=14, n_wiz=1, Q_T=95.0, obs_cost=2.0, prob=0.5
      g=1, i=3: T=14, n_wiz=1, Q_T=89.0, obs_cost=2.0, prob=0.5
    t=13: Q_observe_agent2=130.0, Q_observe_agent3=95.28, Q_not_observe=118.0
    wizard_candidates: 2
    agent2_count=1, agent3_count=12
    timestep_agent2=2, timestep_agent3=13
    === agent2 (actual) breakdown ===
      g=3, i=1: T=2, n_wiz=3, Q_T=129.0, obs_cost=1.0, prob=0.322
      g=3, i=2: T=2, n_wiz=3, Q_T=129.0, obs_cost=1.0, prob=0.322
      g=3, i=3: T=2, n_wiz=3, Q_T=129.0, obs_cost=1.0, prob=0.322
    === agent3 (naive) breakdown ===
      g=1, i=1: T=14, n_wiz=1, Q_T=95.0, obs_cost=1.0, prob=0.88
      g=1, i=3: T=14, n_wiz=1, Q_T=89.0, obs_cost=1.0, prob=0.119
    t=14: Q_observe_agent2=130.0, Q_observe_agent3=96.0, Q_not_observe=95.0
    wizard_candidates: 1
    agent2_count=1, agent3_count=13
    timestep_agent2=2, timestep_agent3=14
    === agent2 (actual) breakdown ===
      g=3, i=1: T=2, n_wiz=3, Q_T=129.0, obs_cost=1.0, prob=0.322
      g=3, i=2: T=2, n_wiz=3, Q_T=129.0, obs_cost=1.0, prob=0.322
      g=3, i=3: T=2, n_wiz=3, Q_T=129.0, obs_cost=1.0, prob=0.322
    === agent3 (naive) breakdown ===
      g=1, i=1: T=14, n_wiz=1, Q_T=95.0, obs_cost=1.0, prob=0.982
    Scenario completed in 4.82s
    Cache stats: 2052 hits, 30 misses, 98.6% hit rate
Processing exp4:  22%|███████▋                          |  ETA: 0:04:44[K  Map completed in 8.58s

Processing map: sm361
Const[wizard1, wizard2, wizard3, wizard4]Const[wizard1, wizard2, wizard3, wizard4]  Scenario 2
    agent2 (X) -> gem3 (actual), agent3 (Y) -> gem3 (naive)
    Loading probability data: s_id_agent2=3, s_id_agent3=3
    agent2_gem=3, agent3_gem=3
    Loaded agent2 probs: goal_probs size=(3, 28), state_probs size=(3, 28)
    Loaded agent3 probs: goal_probs size=(3, 41), state_probs size=(3, 41)
    Planning for agent1...
    problem.goal = has(agent1, gem3)
    agent1 location = (9, 10)
    Agent1 plan computed, length=26
    agent3 initial goal_probs: [0.333, 0.333, 0.333]
    agent3 initial state_probs: [0.333, 0.333, 0.333]
    t=0: Q_observe_agent2=129.44, Q_observe_agent3=131.44, Q_not_observe=147.0
    wizard_candidates: 3
    agent2_count=0, agent3_count=0
    timestep_agent2=1, timestep_agent3=1
    === agent2 (actual) breakdown ===
      g=1, i=1: T=2, n_wiz=3, Q_T=147.0, obs_cost=1.0, prob=0.111
      g=1, i=2: T=2, n_wiz=3, Q_T=147.0, obs_cost=1.0, prob=0.111
      g=1, i=3: T=2, n_wiz=3, Q_T=147.0, obs_cost=1.0, prob=0.111
      g=2, i=1: T=2, n_wiz=3, Q_T=147.0, obs_cost=1.0, prob=0.111
      g=2, i=2: T=2, n_wiz=3, Q_T=147.0, obs_cost=1.0, prob=0.111
      g=2, i=3: T=2, n_wiz=3, Q_T=147.0, obs_cost=1.0, prob=0.111
      g=3, i=1: T=3, n_wiz=1, Q_T=113.0, obs_cost=2.0, prob=0.111
      g=3, i=2: T=5, n_wiz=1, Q_T=77.0, obs_cost=4.0, prob=0.111
      g=3, i=3: T=5, n_wiz=1, Q_T=77.0, obs_cost=4.0, prob=0.111
    === agent3 (naive) breakdown ===
      g=1, i=1: T=2, n_wiz=3, Q_T=147.0, obs_cost=1.0, prob=0.111
      g=1, i=2: T=2, n_wiz=3, Q_T=147.0, obs_cost=1.0, prob=0.111
      g=1, i=3: T=2, n_wiz=3, Q_T=147.0, obs_cost=1.0, prob=0.111
      g=2, i=1: T=2, n_wiz=3, Q_T=147.0, obs_cost=1.0, prob=0.111
      g=2, i=2: T=2, n_wiz=3, Q_T=147.0, obs_cost=1.0, prob=0.111
      g=2, i=3: T=2, n_wiz=3, Q_T=147.0, obs_cost=1.0, prob=0.111
      g=3, i=1: T=12, n_wiz=1, Q_T=113.0, obs_cost=11.0, prob=0.111
      g=3, i=2: T=7, n_wiz=1, Q_T=77.0, obs_cost=6.0, prob=0.111
      g=3, i=3: T=12, n_wiz=1, Q_T=77.0, obs_cost=11.0, prob=0.111
    t=1: Q_observe_agent2=80.0, Q_observe_agent3=132.37, Q_not_observe=94.0
    wizard_candidates: 2
    agent2_count=1, agent3_count=0
    timestep_agent2=2, timestep_agent3=1
    === agent2 (actual) breakdown ===
      g=3, i=2: T=5, n_wiz=1, Q_T=77.0, obs_cost=3.0, prob=0.462
      g=3, i=3: T=5, n_wiz=1, Q_T=77.0, obs_cost=3.0, prob=0.462
    === agent3 (naive) breakdown ===
      g=1, i=1: T=2, n_wiz=3, Q_T=147.0, obs_cost=1.0, prob=0.111
      g=1, i=2: T=2, n_wiz=3, Q_T=147.0, obs_cost=1.0, prob=0.111
      g=1, i=3: T=2, n_wiz=3, Q_T=147.0, obs_cost=1.0, prob=0.111
      g=2, i=1: T=2, n_wiz=3, Q_T=147.0, obs_cost=1.0, prob=0.111
      g=2, i=2: T=2, n_wiz=3, Q_T=147.0, obs_cost=1.0, prob=0.111
      g=2, i=3: T=2, n_wiz=3, Q_T=147.0, obs_cost=1.0, prob=0.111
      g=3, i=2: T=7, n_wiz=1, Q_T=77.0, obs_cost=6.0, prob=0.111
      g=3, i=3: T=12, n_wiz=1, Q_T=77.0, obs_cost=11.0, prob=0.111
    t=2: Q_observe_agent2=79.0, Q_observe_agent3=132.37, Q_not_observe=94.0
    wizard_candidates: 2
    agent2_count=2, agent3_count=0
    timestep_agent2=3, timestep_agent3=1
    === agent2 (actual) breakdown ===
      g=3, i=2: T=5, n_wiz=1, Q_T=77.0, obs_cost=2.0, prob=0.499
      g=3, i=3: T=5, n_wiz=1, Q_T=77.0, obs_cost=2.0, prob=0.499
    === agent3 (naive) breakdown ===
      g=1, i=1: T=2, n_wiz=3, Q_T=147.0, obs_cost=1.0, prob=0.111
      g=1, i=2: T=2, n_wiz=3, Q_T=147.0, obs_cost=1.0, prob=0.111
      g=1, i=3: T=2, n_wiz=3, Q_T=147.0, obs_cost=1.0, prob=0.111
      g=2, i=1: T=2, n_wiz=3, Q_T=147.0, obs_cost=1.0, prob=0.111
      g=2, i=2: T=2, n_wiz=3, Q_T=147.0, obs_cost=1.0, prob=0.111
      g=2, i=3: T=2, n_wiz=3, Q_T=147.0, obs_cost=1.0, prob=0.111
      g=3, i=2: T=7, n_wiz=1, Q_T=77.0, obs_cost=6.0, prob=0.111
      g=3, i=3: T=12, n_wiz=1, Q_T=77.0, obs_cost=11.0, prob=0.111
    t=3: Q_observe_agent2=78.0, Q_observe_agent3=132.37, Q_not_observe=94.0
    wizard_candidates: 2
    agent2_count=3, agent3_count=0
    timestep_agent2=4, timestep_agent3=1
    === agent2 (actual) breakdown ===
      g=3, i=2: T=5, n_wiz=1, Q_T=77.0, obs_cost=1.0, prob=0.5
      g=3, i=3: T=5, n_wiz=1, Q_T=77.0, obs_cost=1.0, prob=0.5
    === agent3 (naive) breakdown ===
      g=1, i=1: T=2, n_wiz=3, Q_T=147.0, obs_cost=1.0, prob=0.111
      g=1, i=2: T=2, n_wiz=3, Q_T=147.0, obs_cost=1.0, prob=0.111
      g=1, i=3: T=2, n_wiz=3, Q_T=147.0, obs_cost=1.0, prob=0.111
      g=2, i=1: T=2, n_wiz=3, Q_T=147.0, obs_cost=1.0, prob=0.111
      g=2, i=2: T=2, n_wiz=3, Q_T=147.0, obs_cost=1.0, prob=0.111
      g=2, i=3: T=2, n_wiz=3, Q_T=147.0, obs_cost=1.0, prob=0.111
      g=3, i=2: T=7, n_wiz=1, Q_T=77.0, obs_cost=6.0, prob=0.111
      g=3, i=3: T=12, n_wiz=1, Q_T=77.0, obs_cost=11.0, prob=0.111
    t=4: Q_observe_agent2=78.0, Q_observe_agent3=139.43, Q_not_observe=77.0
    wizard_candidates: 1
    agent2_count=4, agent3_count=0
    timestep_agent2=5, timestep_agent3=1
    === agent2 (actual) breakdown ===
      g=3, i=3: T=5, n_wiz=1, Q_T=77.0, obs_cost=1.0, prob=0.982
    === agent3 (naive) breakdown ===
      g=1, i=1: T=2, n_wiz=3, Q_T=147.0, obs_cost=1.0, prob=0.111
      g=1, i=2: T=2, n_wiz=3, Q_T=147.0, obs_cost=1.0, prob=0.111
      g=1, i=3: T=2, n_wiz=3, Q_T=147.0, obs_cost=1.0, prob=0.111
      g=2, i=1: T=2, n_wiz=3, Q_T=147.0, obs_cost=1.0, prob=0.111
      g=2, i=2: T=2, n_wiz=3, Q_T=147.0, obs_cost=1.0, prob=0.111
      g=2, i=3: T=2, n_wiz=3, Q_T=147.0, obs_cost=1.0, prob=0.111
      g=3, i=3: T=12, n_wiz=1, Q_T=77.0, obs_cost=11.0, prob=0.111
    Scenario completed in 4.54s
    Cache stats: 1043 hits, 26 misses, 97.6% hit rate
Processing exp4:  25%|████████▌                         |  ETA: 0:04:32[K  Map completed in 8.26s

Processing map: sm511
Const[wizard1, wizard2, wizard3, wizard4, wizard5, wizard6]Const[wizard1, wizard2, wizard3, wizard4, wizard5, wizard6]  Scenario 2
    agent2 (X) -> gem2 (actual), agent3 (Y) -> gem3 (naive)
    Loading probability data: s_id_agent2=4, s_id_agent3=4
    agent2_gem=2, agent3_gem=3
    Loaded agent2 probs: goal_probs size=(3, 37), state_probs size=(5, 37)
    Loaded agent3 probs: goal_probs size=(3, 46), state_probs size=(5, 46)
    Planning for agent1...
    problem.goal = has(agent1, gem2)
    agent1 location = (8, 10)
    Agent1 plan computed, length=41
    agent3 initial goal_probs: [0.333, 0.333, 0.333]
    agent3 initial state_probs: [0.2, 0.2, 0.2, 0.2, 0.2]
    t=0: Q_observe_agent2=138.6, Q_observe_agent3=143.47, Q_not_observe=190.0
    wizard_candidates: 5
    agent2_count=0, agent3_count=0
    timestep_agent2=1, timestep_agent3=1
    === agent2 (actual) breakdown ===
      g=1, i=1: T=2, n_wiz=5, Q_T=190.0, obs_cost=1.0, prob=0.067
      g=1, i=2: T=2, n_wiz=5, Q_T=190.0, obs_cost=1.0, prob=0.067
      g=1, i=3: T=2, n_wiz=5, Q_T=190.0, obs_cost=1.0, prob=0.067
      g=1, i=4: T=2, n_wiz=5, Q_T=190.0, obs_cost=1.0, prob=0.067
      g=1, i=5: T=2, n_wiz=5, Q_T=190.0, obs_cost=1.0, prob=0.067
      g=2, i=1: T=7, n_wiz=1, Q_T=86.0, obs_cost=6.0, prob=0.067
      g=2, i=2: T=8, n_wiz=1, Q_T=80.0, obs_cost=7.0, prob=0.067
      g=2, i=3: T=10, n_wiz=1, Q_T=98.0, obs_cost=9.0, prob=0.067
      g=2, i=4: T=14, n_wiz=1, Q_T=122.0, obs_cost=13.0, prob=0.067
      g=2, i=5: T=14, n_wiz=1, Q_T=128.0, obs_cost=13.0, prob=0.067
      g=3, i=1: T=7, n_wiz=1, Q_T=86.0, obs_cost=6.0, prob=0.067
      g=3, i=2: T=8, n_wiz=1, Q_T=80.0, obs_cost=7.0, prob=0.067
      g=3, i=3: T=10, n_wiz=1, Q_T=98.0, obs_cost=9.0, prob=0.067
      g=3, i=4: T=14, n_wiz=1, Q_T=122.0, obs_cost=13.0, prob=0.067
      g=3, i=5: T=14, n_wiz=1, Q_T=128.0, obs_cost=13.0, prob=0.067
    === agent3 (naive) breakdown ===
      g=1, i=1: T=3, n_wiz=5, Q_T=190.0, obs_cost=2.0, prob=0.067
      g=1, i=2: T=3, n_wiz=5, Q_T=190.0, obs_cost=2.0, prob=0.067
      g=1, i=3: T=3, n_wiz=5, Q_T=190.0, obs_cost=2.0, prob=0.067
      g=1, i=4: T=3, n_wiz=5, Q_T=190.0, obs_cost=2.0, prob=0.067
      g=1, i=5: T=3, n_wiz=5, Q_T=190.0, obs_cost=2.0, prob=0.067
      g=2, i=1: T=10, n_wiz=1, Q_T=86.0, obs_cost=9.0, prob=0.067
      g=2, i=2: T=12, n_wiz=1, Q_T=80.0, obs_cost=11.0, prob=0.067
      g=2, i=3: T=17, n_wiz=1, Q_T=98.0, obs_cost=16.0, prob=0.067
      g=2, i=4: T=24, n_wiz=1, Q_T=122.0, obs_cost=23.0, prob=0.067
      g=2, i=5: T=24, n_wiz=1, Q_T=128.0, obs_cost=23.0, prob=0.067
      g=3, i=1: T=10, n_wiz=1, Q_T=86.0, obs_cost=9.0, prob=0.067
      g=3, i=2: T=12, n_wiz=1, Q_T=80.0, obs_cost=11.0, prob=0.067
      g=3, i=3: T=17, n_wiz=1, Q_T=98.0, obs_cost=16.0, prob=0.067
      g=3, i=4: T=24, n_wiz=1, Q_T=122.0, obs_cost=23.0, prob=0.067
      g=3, i=5: T=24, n_wiz=1, Q_T=128.0, obs_cost=23.0, prob=0.067
    t=1: Q_observe_agent2=111.4, Q_observe_agent3=143.47, Q_not_observe=190.0
    wizard_candidates: 5
    agent2_count=1, agent3_count=0
    timestep_agent2=2, timestep_agent3=1
    === agent2 (actual) breakdown ===
      g=2, i=1: T=7, n_wiz=1, Q_T=86.0, obs_cost=5.0, prob=0.099
      g=2, i=2: T=8, n_wiz=1, Q_T=80.0, obs_cost=6.0, prob=0.099
      g=2, i=3: T=10, n_wiz=1, Q_T=98.0, obs_cost=8.0, prob=0.099
      g=2, i=4: T=14, n_wiz=1, Q_T=122.0, obs_cost=12.0, prob=0.099
      g=2, i=5: T=14, n_wiz=1, Q_T=128.0, obs_cost=12.0, prob=0.099
      g=3, i=1: T=7, n_wiz=1, Q_T=86.0, obs_cost=5.0, prob=0.099
      g=3, i=2: T=8, n_wiz=1, Q_T=80.0, obs_cost=6.0, prob=0.099
      g=3, i=3: T=10, n_wiz=1, Q_T=98.0, obs_cost=8.0, prob=0.099
      g=3, i=4: T=14, n_wiz=1, Q_T=122.0, obs_cost=12.0, prob=0.099
      g=3, i=5: T=14, n_wiz=1, Q_T=128.0, obs_cost=12.0, prob=0.099
    === agent3 (naive) breakdown ===
      g=1, i=1: T=3, n_wiz=5, Q_T=190.0, obs_cost=2.0, prob=0.067
      g=1, i=2: T=3, n_wiz=5, Q_T=190.0, obs_cost=2.0, prob=0.067
      g=1, i=3: T=3, n_wiz=5, Q_T=190.0, obs_cost=2.0, prob=0.067
      g=1, i=4: T=3, n_wiz=5, Q_T=190.0, obs_cost=2.0, prob=0.067
      g=1, i=5: T=3, n_wiz=5, Q_T=190.0, obs_cost=2.0, prob=0.067
      g=2, i=1: T=10, n_wiz=1, Q_T=86.0, obs_cost=9.0, prob=0.067
      g=2, i=2: T=12, n_wiz=1, Q_T=80.0, obs_cost=11.0, prob=0.067
      g=2, i=3: T=17, n_wiz=1, Q_T=98.0, obs_cost=16.0, prob=0.067
      g=2, i=4: T=24, n_wiz=1, Q_T=122.0, obs_cost=23.0, prob=0.067
      g=2, i=5: T=24, n_wiz=1, Q_T=128.0, obs_cost=23.0, prob=0.067
      g=3, i=1: T=10, n_wiz=1, Q_T=86.0, obs_cost=9.0, prob=0.067
      g=3, i=2: T=12, n_wiz=1, Q_T=80.0, obs_cost=11.0, prob=0.067
      g=3, i=3: T=17, n_wiz=1, Q_T=98.0, obs_cost=16.0, prob=0.067
      g=3, i=4: T=24, n_wiz=1, Q_T=122.0, obs_cost=23.0, prob=0.067
      g=3, i=5: T=24, n_wiz=1, Q_T=128.0, obs_cost=23.0, prob=0.067
    t=2: Q_observe_agent2=110.4, Q_observe_agent3=143.47, Q_not_observe=190.0
    wizard_candidates: 5
    agent2_count=2, agent3_count=0
    timestep_agent2=3, timestep_agent3=1
    === agent2 (actual) breakdown ===
      g=2, i=1: T=7, n_wiz=1, Q_T=86.0, obs_cost=4.0, prob=0.1
      g=2, i=2: T=8, n_wiz=1, Q_T=80.0, obs_cost=5.0, prob=0.1
      g=2, i=3: T=10, n_wiz=1, Q_T=98.0, obs_cost=7.0, prob=0.1
      g=2, i=4: T=14, n_wiz=1, Q_T=122.0, obs_cost=11.0, prob=0.1
      g=2, i=5: T=14, n_wiz=1, Q_T=128.0, obs_cost=11.0, prob=0.1
      g=3, i=1: T=7, n_wiz=1, Q_T=86.0, obs_cost=4.0, prob=0.1
      g=3, i=2: T=8, n_wiz=1, Q_T=80.0, obs_cost=5.0, prob=0.1
      g=3, i=3: T=10, n_wiz=1, Q_T=98.0, obs_cost=7.0, prob=0.1
      g=3, i=4: T=14, n_wiz=1, Q_T=122.0, obs_cost=11.0, prob=0.1
      g=3, i=5: T=14, n_wiz=1, Q_T=128.0, obs_cost=11.0, prob=0.1
    === agent3 (naive) breakdown ===
      g=1, i=1: T=3, n_wiz=5, Q_T=190.0, obs_cost=2.0, prob=0.067
      g=1, i=2: T=3, n_wiz=5, Q_T=190.0, obs_cost=2.0, prob=0.067
      g=1, i=3: T=3, n_wiz=5, Q_T=190.0, obs_cost=2.0, prob=0.067
      g=1, i=4: T=3, n_wiz=5, Q_T=190.0, obs_cost=2.0, prob=0.067
      g=1, i=5: T=3, n_wiz=5, Q_T=190.0, obs_cost=2.0, prob=0.067
      g=2, i=1: T=10, n_wiz=1, Q_T=86.0, obs_cost=9.0, prob=0.067
      g=2, i=2: T=12, n_wiz=1, Q_T=80.0, obs_cost=11.0, prob=0.067
      g=2, i=3: T=17, n_wiz=1, Q_T=98.0, obs_cost=16.0, prob=0.067
      g=2, i=4: T=24, n_wiz=1, Q_T=122.0, obs_cost=23.0, prob=0.067
      g=2, i=5: T=24, n_wiz=1, Q_T=128.0, obs_cost=23.0, prob=0.067
      g=3, i=1: T=10, n_wiz=1, Q_T=86.0, obs_cost=9.0, prob=0.067
      g=3, i=2: T=12, n_wiz=1, Q_T=80.0, obs_cost=11.0, prob=0.067
      g=3, i=3: T=17, n_wiz=1, Q_T=98.0, obs_cost=16.0, prob=0.067
      g=3, i=4: T=24, n_wiz=1, Q_T=122.0, obs_cost=23.0, prob=0.067
      g=3, i=5: T=24, n_wiz=1, Q_T=128.0, obs_cost=23.0, prob=0.067
    t=3: Q_observe_agent2=109.4, Q_observe_agent3=143.47, Q_not_observe=190.0
    wizard_candidates: 5
    agent2_count=3, agent3_count=0
    timestep_agent2=4, timestep_agent3=1
    === agent2 (actual) breakdown ===
      g=2, i=1: T=7, n_wiz=1, Q_T=86.0, obs_cost=3.0, prob=0.1
      g=2, i=2: T=8, n_wiz=1, Q_T=80.0, obs_cost=4.0, prob=0.1
      g=2, i=3: T=10, n_wiz=1, Q_T=98.0, obs_cost=6.0, prob=0.1
      g=2, i=4: T=14, n_wiz=1, Q_T=122.0, obs_cost=10.0, prob=0.1
      g=2, i=5: T=14, n_wiz=1, Q_T=128.0, obs_cost=10.0, prob=0.1
      g=3, i=1: T=7, n_wiz=1, Q_T=86.0, obs_cost=3.0, prob=0.1
      g=3, i=2: T=8, n_wiz=1, Q_T=80.0, obs_cost=4.0, prob=0.1
      g=3, i=3: T=10, n_wiz=1, Q_T=98.0, obs_cost=6.0, prob=0.1
      g=3, i=4: T=14, n_wiz=1, Q_T=122.0, obs_cost=10.0, prob=0.1
      g=3, i=5: T=14, n_wiz=1, Q_T=128.0, obs_cost=10.0, prob=0.1
    === agent3 (naive) breakdown ===
      g=1, i=1: T=3, n_wiz=5, Q_T=190.0, obs_cost=2.0, prob=0.067
      g=1, i=2: T=3, n_wiz=5, Q_T=190.0, obs_cost=2.0, prob=0.067
      g=1, i=3: T=3, n_wiz=5, Q_T=190.0, obs_cost=2.0, prob=0.067
      g=1, i=4: T=3, n_wiz=5, Q_T=190.0, obs_cost=2.0, prob=0.067
      g=1, i=5: T=3, n_wiz=5, Q_T=190.0, obs_cost=2.0, prob=0.067
      g=2, i=1: T=10, n_wiz=1, Q_T=86.0, obs_cost=9.0, prob=0.067
      g=2, i=2: T=12, n_wiz=1, Q_T=80.0, obs_cost=11.0, prob=0.067
      g=2, i=3: T=17, n_wiz=1, Q_T=98.0, obs_cost=16.0, prob=0.067
      g=2, i=4: T=24, n_wiz=1, Q_T=122.0, obs_cost=23.0, prob=0.067
      g=2, i=5: T=24, n_wiz=1, Q_T=128.0, obs_cost=23.0, prob=0.067
      g=3, i=1: T=10, n_wiz=1, Q_T=86.0, obs_cost=9.0, prob=0.067
      g=3, i=2: T=12, n_wiz=1, Q_T=80.0, obs_cost=11.0, prob=0.067
      g=3, i=3: T=17, n_wiz=1, Q_T=98.0, obs_cost=16.0, prob=0.067
      g=3, i=4: T=24, n_wiz=1, Q_T=122.0, obs_cost=23.0, prob=0.067
      g=3, i=5: T=24, n_wiz=1, Q_T=128.0, obs_cost=23.0, prob=0.067
    t=4: Q_observe_agent2=108.4, Q_observe_agent3=143.47, Q_not_observe=190.0
    wizard_candidates: 5
    agent2_count=4, agent3_count=0
    timestep_agent2=5, timestep_agent3=1
    === agent2 (actual) breakdown ===
      g=2, i=1: T=7, n_wiz=1, Q_T=86.0, obs_cost=2.0, prob=0.1
      g=2, i=2: T=8, n_wiz=1, Q_T=80.0, obs_cost=3.0, prob=0.1
      g=2, i=3: T=10, n_wiz=1, Q_T=98.0, obs_cost=5.0, prob=0.1
      g=2, i=4: T=14, n_wiz=1, Q_T=122.0, obs_cost=9.0, prob=0.1
      g=2, i=5: T=14, n_wiz=1, Q_T=128.0, obs_cost=9.0, prob=0.1
      g=3, i=1: T=7, n_wiz=1, Q_T=86.0, obs_cost=2.0, prob=0.1
      g=3, i=2: T=8, n_wiz=1, Q_T=80.0, obs_cost=3.0, prob=0.1
      g=3, i=3: T=10, n_wiz=1, Q_T=98.0, obs_cost=5.0, prob=0.1
      g=3, i=4: T=14, n_wiz=1, Q_T=122.0, obs_cost=9.0, prob=0.1
      g=3, i=5: T=14, n_wiz=1, Q_T=128.0, obs_cost=9.0, prob=0.1
    === agent3 (naive) breakdown ===
      g=1, i=1: T=3, n_wiz=5, Q_T=190.0, obs_cost=2.0, prob=0.067
      g=1, i=2: T=3, n_wiz=5, Q_T=190.0, obs_cost=2.0, prob=0.067
      g=1, i=3: T=3, n_wiz=5, Q_T=190.0, obs_cost=2.0, prob=0.067
      g=1, i=4: T=3, n_wiz=5, Q_T=190.0, obs_cost=2.0, prob=0.067
      g=1, i=5: T=3, n_wiz=5, Q_T=190.0, obs_cost=2.0, prob=0.067
      g=2, i=1: T=10, n_wiz=1, Q_T=86.0, obs_cost=9.0, prob=0.067
      g=2, i=2: T=12, n_wiz=1, Q_T=80.0, obs_cost=11.0, prob=0.067
      g=2, i=3: T=17, n_wiz=1, Q_T=98.0, obs_cost=16.0, prob=0.067
      g=2, i=4: T=24, n_wiz=1, Q_T=122.0, obs_cost=23.0, prob=0.067
      g=2, i=5: T=24, n_wiz=1, Q_T=128.0, obs_cost=23.0, prob=0.067
      g=3, i=1: T=10, n_wiz=1, Q_T=86.0, obs_cost=9.0, prob=0.067
      g=3, i=2: T=12, n_wiz=1, Q_T=80.0, obs_cost=11.0, prob=0.067
      g=3, i=3: T=17, n_wiz=1, Q_T=98.0, obs_cost=16.0, prob=0.067
      g=3, i=4: T=24, n_wiz=1, Q_T=122.0, obs_cost=23.0, prob=0.067
      g=3, i=5: T=24, n_wiz=1, Q_T=128.0, obs_cost=23.0, prob=0.067
    t=5: Q_observe_agent2=112.5, Q_observe_agent3=150.92, Q_not_observe=161.0
    wizard_candidates: 4
    agent2_count=5, agent3_count=0
    timestep_agent2=6, timestep_agent3=1
    === agent2 (actual) breakdown ===
      g=2, i=2: T=8, n_wiz=1, Q_T=80.0, obs_cost=2.0, prob=0.124
      g=2, i=3: T=10, n_wiz=1, Q_T=98.0, obs_cost=4.0, prob=0.124
      g=2, i=4: T=14, n_wiz=1, Q_T=122.0, obs_cost=8.0, prob=0.124
      g=2, i=5: T=14, n_wiz=1, Q_T=128.0, obs_cost=8.0, prob=0.124
      g=3, i=2: T=8, n_wiz=1, Q_T=80.0, obs_cost=2.0, prob=0.124
      g=3, i=3: T=10, n_wiz=1, Q_T=98.0, obs_cost=4.0, prob=0.124
      g=3, i=4: T=14, n_wiz=1, Q_T=122.0, obs_cost=8.0, prob=0.124
      g=3, i=5: T=14, n_wiz=1, Q_T=128.0, obs_cost=8.0, prob=0.124
    === agent3 (naive) breakdown ===
      g=1, i=1: T=3, n_wiz=5, Q_T=190.0, obs_cost=2.0, prob=0.067
      g=1, i=2: T=3, n_wiz=5, Q_T=190.0, obs_cost=2.0, prob=0.067
      g=1, i=3: T=3, n_wiz=5, Q_T=190.0, obs_cost=2.0, prob=0.067
      g=1, i=4: T=3, n_wiz=5, Q_T=190.0, obs_cost=2.0, prob=0.067
      g=1, i=5: T=3, n_wiz=5, Q_T=190.0, obs_cost=2.0, prob=0.067
      g=2, i=2: T=12, n_wiz=1, Q_T=80.0, obs_cost=11.0, prob=0.067
      g=2, i=3: T=17, n_wiz=1, Q_T=98.0, obs_cost=16.0, prob=0.067
      g=2, i=4: T=24, n_wiz=1, Q_T=122.0, obs_cost=23.0, prob=0.067
      g=2, i=5: T=24, n_wiz=1, Q_T=128.0, obs_cost=23.0, prob=0.067
      g=3, i=2: T=12, n_wiz=1, Q_T=80.0, obs_cost=11.0, prob=0.067
      g=3, i=3: T=17, n_wiz=1, Q_T=98.0, obs_cost=16.0, prob=0.067
      g=3, i=4: T=24, n_wiz=1, Q_T=122.0, obs_cost=23.0, prob=0.067
      g=3, i=5: T=24, n_wiz=1, Q_T=128.0, obs_cost=23.0, prob=0.067
    t=6: Q_observe_agent2=121.67, Q_observe_agent3=161.82, Q_not_observe=150.0
    wizard_candidates: 3
    agent2_count=6, agent3_count=0
    timestep_agent2=7, timestep_agent3=1
    === agent2 (actual) breakdown ===
      g=2, i=3: T=10, n_wiz=1, Q_T=98.0, obs_cost=3.0, prob=0.166
      g=2, i=4: T=14, n_wiz=1, Q_T=122.0, obs_cost=7.0, prob=0.166
      g=2, i=5: T=14, n_wiz=1, Q_T=128.0, obs_cost=7.0, prob=0.166
      g=3, i=3: T=10, n_wiz=1, Q_T=98.0, obs_cost=3.0, prob=0.166
      g=3, i=4: T=14, n_wiz=1, Q_T=122.0, obs_cost=7.0, prob=0.166
      g=3, i=5: T=14, n_wiz=1, Q_T=128.0, obs_cost=7.0, prob=0.166
    === agent3 (naive) breakdown ===
      g=1, i=1: T=3, n_wiz=5, Q_T=190.0, obs_cost=2.0, prob=0.067
      g=1, i=2: T=3, n_wiz=5, Q_T=190.0, obs_cost=2.0, prob=0.067
      g=1, i=3: T=3, n_wiz=5, Q_T=190.0, obs_cost=2.0, prob=0.067
      g=1, i=4: T=3, n_wiz=5, Q_T=190.0, obs_cost=2.0, prob=0.067
      g=1, i=5: T=3, n_wiz=5, Q_T=190.0, obs_cost=2.0, prob=0.067
      g=2, i=3: T=17, n_wiz=1, Q_T=98.0, obs_cost=16.0, prob=0.067
      g=2, i=4: T=24, n_wiz=1, Q_T=122.0, obs_cost=23.0, prob=0.067
      g=2, i=5: T=24, n_wiz=1, Q_T=128.0, obs_cost=23.0, prob=0.067
      g=3, i=3: T=17, n_wiz=1, Q_T=98.0, obs_cost=16.0, prob=0.067
      g=3, i=4: T=24, n_wiz=1, Q_T=122.0, obs_cost=23.0, prob=0.067
      g=3, i=5: T=24, n_wiz=1, Q_T=128.0, obs_cost=23.0, prob=0.067
    t=7: Q_observe_agent2=120.67, Q_observe_agent3=161.82, Q_not_observe=150.0
    wizard_candidates: 3
    agent2_count=7, agent3_count=0
    timestep_agent2=8, timestep_agent3=1
    === agent2 (actual) breakdown ===
      g=2, i=3: T=10, n_wiz=1, Q_T=98.0, obs_cost=2.0, prob=0.167
      g=2, i=4: T=14, n_wiz=1, Q_T=122.0, obs_cost=6.0, prob=0.167
      g=2, i=5: T=14, n_wiz=1, Q_T=128.0, obs_cost=6.0, prob=0.167
      g=3, i=3: T=10, n_wiz=1, Q_T=98.0, obs_cost=2.0, prob=0.167
      g=3, i=4: T=14, n_wiz=1, Q_T=122.0, obs_cost=6.0, prob=0.167
      g=3, i=5: T=14, n_wiz=1, Q_T=128.0, obs_cost=6.0, prob=0.167
    === agent3 (naive) breakdown ===
      g=1, i=1: T=3, n_wiz=5, Q_T=190.0, obs_cost=2.0, prob=0.067
      g=1, i=2: T=3, n_wiz=5, Q_T=190.0, obs_cost=2.0, prob=0.067
      g=1, i=3: T=3, n_wiz=5, Q_T=190.0, obs_cost=2.0, prob=0.067
      g=1, i=4: T=3, n_wiz=5, Q_T=190.0, obs_cost=2.0, prob=0.067
      g=1, i=5: T=3, n_wiz=5, Q_T=190.0, obs_cost=2.0, prob=0.067
      g=2, i=3: T=17, n_wiz=1, Q_T=98.0, obs_cost=16.0, prob=0.067
      g=2, i=4: T=24, n_wiz=1, Q_T=122.0, obs_cost=23.0, prob=0.067
      g=2, i=5: T=24, n_wiz=1, Q_T=128.0, obs_cost=23.0, prob=0.067
      g=3, i=3: T=17, n_wiz=1, Q_T=98.0, obs_cost=16.0, prob=0.067
      g=3, i=4: T=24, n_wiz=1, Q_T=122.0, obs_cost=23.0, prob=0.067
      g=3, i=5: T=24, n_wiz=1, Q_T=128.0, obs_cost=23.0, prob=0.067
    t=8: Q_observe_agent2=119.67, Q_observe_agent3=161.82, Q_not_observe=150.0
    wizard_candidates: 3
    agent2_count=8, agent3_count=0
    timestep_agent2=9, timestep_agent3=1
    === agent2 (actual) breakdown ===
      g=2, i=3: T=10, n_wiz=1, Q_T=98.0, obs_cost=1.0, prob=0.167
      g=2, i=4: T=14, n_wiz=1, Q_T=122.0, obs_cost=5.0, prob=0.167
      g=2, i=5: T=14, n_wiz=1, Q_T=128.0, obs_cost=5.0, prob=0.167
      g=3, i=3: T=10, n_wiz=1, Q_T=98.0, obs_cost=1.0, prob=0.167
      g=3, i=4: T=14, n_wiz=1, Q_T=122.0, obs_cost=5.0, prob=0.167
      g=3, i=5: T=14, n_wiz=1, Q_T=128.0, obs_cost=5.0, prob=0.167
    === agent3 (naive) breakdown ===
      g=1, i=1: T=3, n_wiz=5, Q_T=190.0, obs_cost=2.0, prob=0.067
      g=1, i=2: T=3, n_wiz=5, Q_T=190.0, obs_cost=2.0, prob=0.067
      g=1, i=3: T=3, n_wiz=5, Q_T=190.0, obs_cost=2.0, prob=0.067
      g=1, i=4: T=3, n_wiz=5, Q_T=190.0, obs_cost=2.0, prob=0.067
      g=1, i=5: T=3, n_wiz=5, Q_T=190.0, obs_cost=2.0, prob=0.067
      g=2, i=3: T=17, n_wiz=1, Q_T=98.0, obs_cost=16.0, prob=0.067
      g=2, i=4: T=24, n_wiz=1, Q_T=122.0, obs_cost=23.0, prob=0.067
      g=2, i=5: T=24, n_wiz=1, Q_T=128.0, obs_cost=23.0, prob=0.067
      g=3, i=3: T=17, n_wiz=1, Q_T=98.0, obs_cost=16.0, prob=0.067
      g=3, i=4: T=24, n_wiz=1, Q_T=122.0, obs_cost=23.0, prob=0.067
      g=3, i=5: T=24, n_wiz=1, Q_T=128.0, obs_cost=23.0, prob=0.067
    t=9: Q_observe_agent2=129.0, Q_observe_agent3=172.44, Q_not_observe=139.0
    wizard_candidates: 2
    agent2_count=9, agent3_count=0
    timestep_agent2=10, timestep_agent3=1
    === agent2 (actual) breakdown ===
      g=2, i=4: T=14, n_wiz=1, Q_T=122.0, obs_cost=4.0, prob=0.248
      g=2, i=5: T=14, n_wiz=1, Q_T=128.0, obs_cost=4.0, prob=0.248
      g=3, i=4: T=14, n_wiz=1, Q_T=122.0, obs_cost=4.0, prob=0.248
      g=3, i=5: T=14, n_wiz=1, Q_T=128.0, obs_cost=4.0, prob=0.248
    === agent3 (naive) breakdown ===
      g=1, i=1: T=3, n_wiz=5, Q_T=190.0, obs_cost=2.0, prob=0.067
      g=1, i=2: T=3, n_wiz=5, Q_T=190.0, obs_cost=2.0, prob=0.067
      g=1, i=3: T=3, n_wiz=5, Q_T=190.0, obs_cost=2.0, prob=0.067
      g=1, i=4: T=3, n_wiz=5, Q_T=190.0, obs_cost=2.0, prob=0.067
      g=1, i=5: T=3, n_wiz=5, Q_T=190.0, obs_cost=2.0, prob=0.067
      g=2, i=4: T=24, n_wiz=1, Q_T=122.0, obs_cost=23.0, prob=0.067
      g=2, i=5: T=24, n_wiz=1, Q_T=128.0, obs_cost=23.0, prob=0.067
      g=3, i=4: T=24, n_wiz=1, Q_T=122.0, obs_cost=23.0, prob=0.067
      g=3, i=5: T=24, n_wiz=1, Q_T=128.0, obs_cost=23.0, prob=0.067
    t=10: Q_observe_agent2=128.0, Q_observe_agent3=172.44, Q_not_observe=139.0
    wizard_candidates: 2
    agent2_count=10, agent3_count=0
    timestep_agent2=11, timestep_agent3=1
    === agent2 (actual) breakdown ===
      g=2, i=4: T=14, n_wiz=1, Q_T=122.0, obs_cost=3.0, prob=0.25
      g=2, i=5: T=14, n_wiz=1, Q_T=128.0, obs_cost=3.0, prob=0.25
      g=3, i=4: T=14, n_wiz=1, Q_T=122.0, obs_cost=3.0, prob=0.25
      g=3, i=5: T=14, n_wiz=1, Q_T=128.0, obs_cost=3.0, prob=0.25
    === agent3 (naive) breakdown ===
      g=1, i=1: T=3, n_wiz=5, Q_T=190.0, obs_cost=2.0, prob=0.067
      g=1, i=2: T=3, n_wiz=5, Q_T=190.0, obs_cost=2.0, prob=0.067
      g=1, i=3: T=3, n_wiz=5, Q_T=190.0, obs_cost=2.0, prob=0.067
      g=1, i=4: T=3, n_wiz=5, Q_T=190.0, obs_cost=2.0, prob=0.067
      g=1, i=5: T=3, n_wiz=5, Q_T=190.0, obs_cost=2.0, prob=0.067
      g=2, i=4: T=24, n_wiz=1, Q_T=122.0, obs_cost=23.0, prob=0.067
      g=2, i=5: T=24, n_wiz=1, Q_T=128.0, obs_cost=23.0, prob=0.067
      g=3, i=4: T=24, n_wiz=1, Q_T=122.0, obs_cost=23.0, prob=0.067
      g=3, i=5: T=24, n_wiz=1, Q_T=128.0, obs_cost=23.0, prob=0.067
    t=11: Q_observe_agent2=127.0, Q_observe_agent3=172.44, Q_not_observe=139.0
    wizard_candidates: 2
    agent2_count=11, agent3_count=0
    timestep_agent2=12, timestep_agent3=1
    === agent2 (actual) breakdown ===
      g=2, i=4: T=14, n_wiz=1, Q_T=122.0, obs_cost=2.0, prob=0.25
      g=2, i=5: T=14, n_wiz=1, Q_T=128.0, obs_cost=2.0, prob=0.25
      g=3, i=4: T=14, n_wiz=1, Q_T=122.0, obs_cost=2.0, prob=0.25
      g=3, i=5: T=14, n_wiz=1, Q_T=128.0, obs_cost=2.0, prob=0.25
    === agent3 (naive) breakdown ===
      g=1, i=1: T=3, n_wiz=5, Q_T=190.0, obs_cost=2.0, prob=0.067
      g=1, i=2: T=3, n_wiz=5, Q_T=190.0, obs_cost=2.0, prob=0.067
      g=1, i=3: T=3, n_wiz=5, Q_T=190.0, obs_cost=2.0, prob=0.067
      g=1, i=4: T=3, n_wiz=5, Q_T=190.0, obs_cost=2.0, prob=0.067
      g=1, i=5: T=3, n_wiz=5, Q_T=190.0, obs_cost=2.0, prob=0.067
      g=2, i=4: T=24, n_wiz=1, Q_T=122.0, obs_cost=23.0, prob=0.067
      g=2, i=5: T=24, n_wiz=1, Q_T=128.0, obs_cost=23.0, prob=0.067
      g=3, i=4: T=24, n_wiz=1, Q_T=122.0, obs_cost=23.0, prob=0.067
      g=3, i=5: T=24, n_wiz=1, Q_T=128.0, obs_cost=23.0, prob=0.067
    t=12: Q_observe_agent2=126.0, Q_observe_agent3=172.44, Q_not_observe=139.0
    wizard_candidates: 2
    agent2_count=12, agent3_count=0
    timestep_agent2=13, timestep_agent3=1
    === agent2 (actual) breakdown ===
      g=2, i=4: T=14, n_wiz=1, Q_T=122.0, obs_cost=1.0, prob=0.25
      g=2, i=5: T=14, n_wiz=1, Q_T=128.0, obs_cost=1.0, prob=0.25
      g=3, i=4: T=14, n_wiz=1, Q_T=122.0, obs_cost=1.0, prob=0.25
      g=3, i=5: T=14, n_wiz=1, Q_T=128.0, obs_cost=1.0, prob=0.25
    === agent3 (naive) breakdown ===
      g=1, i=1: T=3, n_wiz=5, Q_T=190.0, obs_cost=2.0, prob=0.067
      g=1, i=2: T=3, n_wiz=5, Q_T=190.0, obs_cost=2.0, prob=0.067
      g=1, i=3: T=3, n_wiz=5, Q_T=190.0, obs_cost=2.0, prob=0.067
      g=1, i=4: T=3, n_wiz=5, Q_T=190.0, obs_cost=2.0, prob=0.067
      g=1, i=5: T=3, n_wiz=5, Q_T=190.0, obs_cost=2.0, prob=0.067
      g=2, i=4: T=24, n_wiz=1, Q_T=122.0, obs_cost=23.0, prob=0.067
      g=2, i=5: T=24, n_wiz=1, Q_T=128.0, obs_cost=23.0, prob=0.067
      g=3, i=4: T=24, n_wiz=1, Q_T=122.0, obs_cost=23.0, prob=0.067
      g=3, i=5: T=24, n_wiz=1, Q_T=128.0, obs_cost=23.0, prob=0.067
    t=13: Q_observe_agent2=123.0, Q_observe_agent3=178.57, Q_not_observe=122.0
    wizard_candidates: 1
    agent2_count=13, agent3_count=0
    timestep_agent2=14, timestep_agent3=1
    === agent2 (actual) breakdown ===
      g=2, i=4: T=14, n_wiz=1, Q_T=122.0, obs_cost=1.0, prob=0.491
      g=3, i=4: T=14, n_wiz=1, Q_T=122.0, obs_cost=1.0, prob=0.491
    === agent3 (naive) breakdown ===
      g=1, i=1: T=3, n_wiz=5, Q_T=190.0, obs_cost=2.0, prob=0.067
      g=1, i=2: T=3, n_wiz=5, Q_T=190.0, obs_cost=2.0, prob=0.067
      g=1, i=3: T=3, n_wiz=5, Q_T=190.0, obs_cost=2.0, prob=0.067
      g=1, i=4: T=3, n_wiz=5, Q_T=190.0, obs_cost=2.0, prob=0.067
      g=1, i=5: T=3, n_wiz=5, Q_T=190.0, obs_cost=2.0, prob=0.067
      g=2, i=4: T=24, n_wiz=1, Q_T=122.0, obs_cost=23.0, prob=0.067
      g=3, i=4: T=24, n_wiz=1, Q_T=122.0, obs_cost=23.0, prob=0.067
    Scenario completed in 8.44s
    Cache stats: 5928 hits, 65 misses, 98.9% hit rate
Processing exp4:  28%|█████████▍                        |  ETA: 0:04:31[K  Map completed in 12.17s

Processing map: sm211
Const[wizard1, wizard2, wizard3]Const[wizard1, wizard2, wizard3]  Scenario 2
    agent2 (X) -> gem2 (actual), agent3 (Y) -> gem3 (naive)
    Loading probability data: s_id_agent2=2, s_id_agent3=2
    agent2_gem=2, agent3_gem=3
    Loaded agent2 probs: goal_probs size=(3, 43), state_probs size=(2, 43)
    Loaded agent3 probs: goal_probs size=(3, 35), state_probs size=(2, 35)
    Planning for agent1...
    problem.goal = has(agent1, gem2)
    agent1 location = (9, 10)
    Agent1 plan computed, length=42
    agent3 initial goal_probs: [0.333, 0.333, 0.333]
    agent3 initial state_probs: [0.5, 0.5]
    t=0: Q_observe_agent2=129.67, Q_observe_agent3=127.33, Q_not_observe=148.0
    wizard_candidates: 2
    agent2_count=0, agent3_count=0
    timestep_agent2=1, timestep_agent3=1
    === agent2 (actual) breakdown ===
      g=1, i=1: T=2, n_wiz=2, Q_T=148.0, obs_cost=1.0, prob=0.167
      g=1, i=2: T=2, n_wiz=2, Q_T=148.0, obs_cost=1.0, prob=0.167
      g=2, i=1: T=14, n_wiz=1, Q_T=89.0, obs_cost=13.0, prob=0.167
      g=2, i=2: T=14, n_wiz=1, Q_T=125.0, obs_cost=13.0, prob=0.167
      g=3, i=1: T=14, n_wiz=1, Q_T=89.0, obs_cost=13.0, prob=0.167
      g=3, i=2: T=14, n_wiz=1, Q_T=125.0, obs_cost=13.0, prob=0.167
    === agent3 (naive) breakdown ===
      g=1, i=1: T=3, n_wiz=2, Q_T=148.0, obs_cost=2.0, prob=0.167
      g=1, i=2: T=3, n_wiz=2, Q_T=148.0, obs_cost=2.0, prob=0.167
      g=2, i=1: T=12, n_wiz=1, Q_T=89.0, obs_cost=11.0, prob=0.167
      g=2, i=2: T=7, n_wiz=1, Q_T=125.0, obs_cost=6.0, prob=0.167
      g=3, i=1: T=14, n_wiz=1, Q_T=89.0, obs_cost=13.0, prob=0.167
      g=3, i=2: T=7, n_wiz=1, Q_T=125.0, obs_cost=6.0, prob=0.167
    t=1: Q_observe_agent2=129.67, Q_observe_agent3=115.0, Q_not_observe=148.0
    wizard_candidates: 2
    agent2_count=0, agent3_count=1
    timestep_agent2=1, timestep_agent3=2
    === agent2 (actual) breakdown ===
      g=1, i=1: T=2, n_wiz=2, Q_T=148.0, obs_cost=1.0, prob=0.167
      g=1, i=2: T=2, n_wiz=2, Q_T=148.0, obs_cost=1.0, prob=0.167
      g=2, i=1: T=14, n_wiz=1, Q_T=89.0, obs_cost=13.0, prob=0.167
      g=2, i=2: T=14, n_wiz=1, Q_T=125.0, obs_cost=13.0, prob=0.167
      g=3, i=1: T=14, n_wiz=1, Q_T=89.0, obs_cost=13.0, prob=0.167
      g=3, i=2: T=14, n_wiz=1, Q_T=125.0, obs_cost=13.0, prob=0.167
    === agent3 (naive) breakdown ===
      g=2, i=1: T=12, n_wiz=1, Q_T=89.0, obs_cost=10.0, prob=0.234
      g=2, i=2: T=7, n_wiz=1, Q_T=125.0, obs_cost=5.0, prob=0.234
      g=3, i=1: T=14, n_wiz=1, Q_T=89.0, obs_cost=12.0, prob=0.234
      g=3, i=2: T=7, n_wiz=1, Q_T=125.0, obs_cost=5.0, prob=0.234
    t=2: Q_observe_agent2=129.67, Q_observe_agent3=114.0, Q_not_observe=148.0
    wizard_candidates: 2
    agent2_count=0, agent3_count=2
    timestep_agent2=1, timestep_agent3=3
    === agent2 (actual) breakdown ===
      g=1, i=1: T=2, n_wiz=2, Q_T=148.0, obs_cost=1.0, prob=0.167
      g=1, i=2: T=2, n_wiz=2, Q_T=148.0, obs_cost=1.0, prob=0.167
      g=2, i=1: T=14, n_wiz=1, Q_T=89.0, obs_cost=13.0, prob=0.167
      g=2, i=2: T=14, n_wiz=1, Q_T=125.0, obs_cost=13.0, prob=0.167
      g=3, i=1: T=14, n_wiz=1, Q_T=89.0, obs_cost=13.0, prob=0.167
      g=3, i=2: T=14, n_wiz=1, Q_T=125.0, obs_cost=13.0, prob=0.167
    === agent3 (naive) breakdown ===
      g=2, i=1: T=12, n_wiz=1, Q_T=89.0, obs_cost=9.0, prob=0.234
      g=2, i=2: T=7, n_wiz=1, Q_T=125.0, obs_cost=4.0, prob=0.234
      g=3, i=1: T=14, n_wiz=1, Q_T=89.0, obs_cost=11.0, prob=0.234
      g=3, i=2: T=7, n_wiz=1, Q_T=125.0, obs_cost=4.0, prob=0.234
    t=3: Q_observe_agent2=129.67, Q_observe_agent3=113.0, Q_not_observe=148.0
    wizard_candidates: 2
    agent2_count=0, agent3_count=3
    timestep_agent2=1, timestep_agent3=4
    === agent2 (actual) breakdown ===
      g=1, i=1: T=2, n_wiz=2, Q_T=148.0, obs_cost=1.0, prob=0.167
      g=1, i=2: T=2, n_wiz=2, Q_T=148.0, obs_cost=1.0, prob=0.167
      g=2, i=1: T=14, n_wiz=1, Q_T=89.0, obs_cost=13.0, prob=0.167
      g=2, i=2: T=14, n_wiz=1, Q_T=125.0, obs_cost=13.0, prob=0.167
      g=3, i=1: T=14, n_wiz=1, Q_T=89.0, obs_cost=13.0, prob=0.167
      g=3, i=2: T=14, n_wiz=1, Q_T=125.0, obs_cost=13.0, prob=0.167
    === agent3 (naive) breakdown ===
      g=2, i=1: T=12, n_wiz=1, Q_T=89.0, obs_cost=8.0, prob=0.234
      g=2, i=2: T=7, n_wiz=1, Q_T=125.0, obs_cost=3.0, prob=0.234
      g=3, i=1: T=14, n_wiz=1, Q_T=89.0, obs_cost=10.0, prob=0.234
      g=3, i=2: T=7, n_wiz=1, Q_T=125.0, obs_cost=3.0, prob=0.234
    t=4: Q_observe_agent2=129.67, Q_observe_agent3=112.0, Q_not_observe=148.0
    wizard_candidates: 2
    agent2_count=0, agent3_count=4
    timestep_agent2=1, timestep_agent3=5
    === agent2 (actual) breakdown ===
      g=1, i=1: T=2, n_wiz=2, Q_T=148.0, obs_cost=1.0, prob=0.167
      g=1, i=2: T=2, n_wiz=2, Q_T=148.0, obs_cost=1.0, prob=0.167
      g=2, i=1: T=14, n_wiz=1, Q_T=89.0, obs_cost=13.0, prob=0.167
      g=2, i=2: T=14, n_wiz=1, Q_T=125.0, obs_cost=13.0, prob=0.167
      g=3, i=1: T=14, n_wiz=1, Q_T=89.0, obs_cost=13.0, prob=0.167
      g=3, i=2: T=14, n_wiz=1, Q_T=125.0, obs_cost=13.0, prob=0.167
    === agent3 (naive) breakdown ===
      g=2, i=1: T=12, n_wiz=1, Q_T=89.0, obs_cost=7.0, prob=0.234
      g=2, i=2: T=7, n_wiz=1, Q_T=125.0, obs_cost=2.0, prob=0.234
      g=3, i=1: T=14, n_wiz=1, Q_T=89.0, obs_cost=9.0, prob=0.234
      g=3, i=2: T=7, n_wiz=1, Q_T=125.0, obs_cost=2.0, prob=0.234
    t=5: Q_observe_agent2=129.67, Q_observe_agent3=122.24, Q_not_observe=148.0
    wizard_candidates: 2
    agent2_count=0, agent3_count=5
    timestep_agent2=1, timestep_agent3=6
    === agent2 (actual) breakdown ===
      g=1, i=1: T=2, n_wiz=2, Q_T=148.0, obs_cost=1.0, prob=0.167
      g=1, i=2: T=2, n_wiz=2, Q_T=148.0, obs_cost=1.0, prob=0.167
      g=2, i=1: T=14, n_wiz=1, Q_T=89.0, obs_cost=13.0, prob=0.167
      g=2, i=2: T=14, n_wiz=1, Q_T=125.0, obs_cost=13.0, prob=0.167
      g=3, i=1: T=14, n_wiz=1, Q_T=89.0, obs_cost=13.0, prob=0.167
      g=3, i=2: T=14, n_wiz=1, Q_T=125.0, obs_cost=13.0, prob=0.167
    === agent3 (naive) breakdown ===
      g=2, i=1: T=12, n_wiz=1, Q_T=89.0, obs_cost=6.0, prob=0.062
      g=2, i=2: T=7, n_wiz=1, Q_T=125.0, obs_cost=1.0, prob=0.43
      g=3, i=1: T=14, n_wiz=1, Q_T=89.0, obs_cost=8.0, prob=0.062
      g=3, i=2: T=7, n_wiz=1, Q_T=125.0, obs_cost=1.0, prob=0.43
    t=6: Q_observe_agent2=143.5, Q_observe_agent3=126.0, Q_not_observe=125.0
    wizard_candidates: 1
    agent2_count=0, agent3_count=6
    timestep_agent2=1, timestep_agent3=7
    === agent2 (actual) breakdown ===
      g=1, i=1: T=2, n_wiz=2, Q_T=148.0, obs_cost=1.0, prob=0.167
      g=1, i=2: T=2, n_wiz=2, Q_T=148.0, obs_cost=1.0, prob=0.167
      g=2, i=2: T=14, n_wiz=1, Q_T=125.0, obs_cost=13.0, prob=0.167
      g=3, i=2: T=14, n_wiz=1, Q_T=125.0, obs_cost=13.0, prob=0.167
    === agent3 (naive) breakdown ===
      g=2, i=2: T=7, n_wiz=1, Q_T=125.0, obs_cost=1.0, prob=0.489
      g=3, i=2: T=7, n_wiz=1, Q_T=125.0, obs_cost=1.0, prob=0.489
    Scenario completed in 3.1s
    Cache stats: 537 hits, 14 misses, 97.5% hit rate
Processing exp4:  30%|██████████▎                       |  ETA: 0:04:16[K  Map completed in 6.91s

Processing map: sm431
Const[wizard1, wizard2, wizard3, wizard4]Const[wizard1, wizard2, wizard3, wizard4]  Scenario 2
    agent2 (X) -> gem3 (actual), agent3 (Y) -> gem2 (naive)
    Loading probability data: s_id_agent2=3, s_id_agent3=3
    agent2_gem=3, agent3_gem=2
    Loaded agent2 probs: goal_probs size=(3, 32), state_probs size=(3, 32)
    Loaded agent3 probs: goal_probs size=(3, 35), state_probs size=(3, 35)
    Planning for agent1...
    problem.goal = has(agent1, gem2)
    agent1 location = (6, 10)
    Agent1 plan computed, length=37
    agent3 initial goal_probs: [0.333, 0.333, 0.333]
    agent3 initial state_probs: [0.333, 0.333, 0.333]
    t=0: Q_observe_agent2=113.22, Q_observe_agent3=115.78, Q_not_observe=132.0
    wizard_candidates: 3
    agent2_count=0, agent3_count=0
    timestep_agent2=1, timestep_agent3=1
    === agent2 (actual) breakdown ===
      g=1, i=1: T=5, n_wiz=1, Q_T=86.0, obs_cost=4.0, prob=0.111
      g=1, i=2: T=7, n_wiz=1, Q_T=98.0, obs_cost=6.0, prob=0.111
      g=1, i=3: T=7, n_wiz=1, Q_T=110.0, obs_cost=6.0, prob=0.111
      g=2, i=1: T=5, n_wiz=1, Q_T=86.0, obs_cost=4.0, prob=0.111
      g=2, i=2: T=7, n_wiz=1, Q_T=98.0, obs_cost=6.0, prob=0.111
      g=2, i=3: T=7, n_wiz=1, Q_T=110.0, obs_cost=6.0, prob=0.111
      g=3, i=1: T=2, n_wiz=3, Q_T=132.0, obs_cost=1.0, prob=0.111
      g=3, i=2: T=2, n_wiz=3, Q_T=132.0, obs_cost=1.0, prob=0.111
      g=3, i=3: T=2, n_wiz=3, Q_T=132.0, obs_cost=1.0, prob=0.111
    === agent3 (naive) breakdown ===
      g=1, i=1: T=7, n_wiz=1, Q_T=86.0, obs_cost=6.0, prob=0.111
      g=1, i=2: T=11, n_wiz=1, Q_T=98.0, obs_cost=10.0, prob=0.111
      g=1, i=3: T=11, n_wiz=1, Q_T=110.0, obs_cost=10.0, prob=0.111
      g=2, i=1: T=7, n_wiz=1, Q_T=86.0, obs_cost=6.0, prob=0.111
      g=2, i=2: T=11, n_wiz=1, Q_T=98.0, obs_cost=10.0, prob=0.111
      g=2, i=3: T=11, n_wiz=1, Q_T=110.0, obs_cost=10.0, prob=0.111
      g=3, i=1: T=3, n_wiz=3, Q_T=132.0, obs_cost=2.0, prob=0.111
      g=3, i=2: T=3, n_wiz=3, Q_T=132.0, obs_cost=2.0, prob=0.111
      g=3, i=3: T=3, n_wiz=3, Q_T=132.0, obs_cost=2.0, prob=0.111
    t=1: Q_observe_agent2=133.0, Q_observe_agent3=115.78, Q_not_observe=132.0
    wizard_candidates: 3
    agent2_count=1, agent3_count=0
    timestep_agent2=2, timestep_agent3=1
    === agent2 (actual) breakdown ===
      g=3, i=1: T=2, n_wiz=3, Q_T=132.0, obs_cost=1.0, prob=0.322
      g=3, i=2: T=2, n_wiz=3, Q_T=132.0, obs_cost=1.0, prob=0.322
      g=3, i=3: T=2, n_wiz=3, Q_T=132.0, obs_cost=1.0, prob=0.322
    === agent3 (naive) breakdown ===
      g=1, i=1: T=7, n_wiz=1, Q_T=86.0, obs_cost=6.0, prob=0.111
      g=1, i=2: T=11, n_wiz=1, Q_T=98.0, obs_cost=10.0, prob=0.111
      g=1, i=3: T=11, n_wiz=1, Q_T=110.0, obs_cost=10.0, prob=0.111
      g=2, i=1: T=7, n_wiz=1, Q_T=86.0, obs_cost=6.0, prob=0.111
      g=2, i=2: T=11, n_wiz=1, Q_T=98.0, obs_cost=10.0, prob=0.111
      g=2, i=3: T=11, n_wiz=1, Q_T=110.0, obs_cost=10.0, prob=0.111
      g=3, i=1: T=3, n_wiz=3, Q_T=132.0, obs_cost=2.0, prob=0.111
      g=3, i=2: T=3, n_wiz=3, Q_T=132.0, obs_cost=2.0, prob=0.111
      g=3, i=3: T=3, n_wiz=3, Q_T=132.0, obs_cost=2.0, prob=0.111
    t=2: Q_observe_agent2=133.0, Q_observe_agent3=105.67, Q_not_observe=132.0
    wizard_candidates: 3
    agent2_count=1, agent3_count=1
    timestep_agent2=2, timestep_agent3=2
    === agent2 (actual) breakdown ===
      g=3, i=1: T=2, n_wiz=3, Q_T=132.0, obs_cost=1.0, prob=0.322
      g=3, i=2: T=2, n_wiz=3, Q_T=132.0, obs_cost=1.0, prob=0.322
      g=3, i=3: T=2, n_wiz=3, Q_T=132.0, obs_cost=1.0, prob=0.322
    === agent3 (naive) breakdown ===
      g=1, i=1: T=7, n_wiz=1, Q_T=86.0, obs_cost=5.0, prob=0.156
      g=1, i=2: T=11, n_wiz=1, Q_T=98.0, obs_cost=9.0, prob=0.156
      g=1, i=3: T=11, n_wiz=1, Q_T=110.0, obs_cost=9.0, prob=0.156
      g=2, i=1: T=7, n_wiz=1, Q_T=86.0, obs_cost=5.0, prob=0.156
      g=2, i=2: T=11, n_wiz=1, Q_T=98.0, obs_cost=9.0, prob=0.156
      g=2, i=3: T=11, n_wiz=1, Q_T=110.0, obs_cost=9.0, prob=0.156
    t=3: Q_observe_agent2=133.0, Q_observe_agent3=104.67, Q_not_observe=132.0
    wizard_candidates: 3
    agent2_count=1, agent3_count=2
    timestep_agent2=2, timestep_agent3=3
    === agent2 (actual) breakdown ===
      g=3, i=1: T=2, n_wiz=3, Q_T=132.0, obs_cost=1.0, prob=0.322
      g=3, i=2: T=2, n_wiz=3, Q_T=132.0, obs_cost=1.0, prob=0.322
      g=3, i=3: T=2, n_wiz=3, Q_T=132.0, obs_cost=1.0, prob=0.322
    === agent3 (naive) breakdown ===
      g=1, i=1: T=7, n_wiz=1, Q_T=86.0, obs_cost=4.0, prob=0.165
      g=1, i=2: T=11, n_wiz=1, Q_T=98.0, obs_cost=8.0, prob=0.165
      g=1, i=3: T=11, n_wiz=1, Q_T=110.0, obs_cost=8.0, prob=0.165
      g=2, i=1: T=7, n_wiz=1, Q_T=86.0, obs_cost=4.0, prob=0.165
      g=2, i=2: T=11, n_wiz=1, Q_T=98.0, obs_cost=8.0, prob=0.165
      g=2, i=3: T=11, n_wiz=1, Q_T=110.0, obs_cost=8.0, prob=0.165
    t=4: Q_observe_agent2=133.0, Q_observe_agent3=103.67, Q_not_observe=132.0
    wizard_candidates: 3
    agent2_count=1, agent3_count=3
    timestep_agent2=2, timestep_agent3=4
    === agent2 (actual) breakdown ===
      g=3, i=1: T=2, n_wiz=3, Q_T=132.0, obs_cost=1.0, prob=0.322
      g=3, i=2: T=2, n_wiz=3, Q_T=132.0, obs_cost=1.0, prob=0.322
      g=3, i=3: T=2, n_wiz=3, Q_T=132.0, obs_cost=1.0, prob=0.322
    === agent3 (naive) breakdown ===
      g=1, i=1: T=7, n_wiz=1, Q_T=86.0, obs_cost=3.0, prob=0.165
      g=1, i=2: T=11, n_wiz=1, Q_T=98.0, obs_cost=7.0, prob=0.165
      g=1, i=3: T=11, n_wiz=1, Q_T=110.0, obs_cost=7.0, prob=0.165
      g=2, i=1: T=7, n_wiz=1, Q_T=86.0, obs_cost=3.0, prob=0.165
      g=2, i=2: T=11, n_wiz=1, Q_T=98.0, obs_cost=7.0, prob=0.165
      g=2, i=3: T=11, n_wiz=1, Q_T=110.0, obs_cost=7.0, prob=0.165
    t=5: Q_observe_agent2=133.0, Q_observe_agent3=110.0, Q_not_observe=121.0
    wizard_candidates: 2
    agent2_count=1, agent3_count=4
    timestep_agent2=2, timestep_agent3=5
    === agent2 (actual) breakdown ===
      g=3, i=1: T=2, n_wiz=3, Q_T=132.0, obs_cost=1.0, prob=0.322
      g=3, i=2: T=2, n_wiz=3, Q_T=132.0, obs_cost=1.0, prob=0.322
      g=3, i=3: T=2, n_wiz=3, Q_T=132.0, obs_cost=1.0, prob=0.322
    === agent3 (naive) breakdown ===
      g=1, i=2: T=11, n_wiz=1, Q_T=98.0, obs_cost=6.0, prob=0.234
      g=1, i=3: T=11, n_wiz=1, Q_T=110.0, obs_cost=6.0, prob=0.234
      g=2, i=2: T=11, n_wiz=1, Q_T=98.0, obs_cost=6.0, prob=0.234
      g=2, i=3: T=11, n_wiz=1, Q_T=110.0, obs_cost=6.0, prob=0.234
    t=6: Q_observe_agent2=133.0, Q_observe_agent3=109.0, Q_not_observe=121.0
    wizard_candidates: 2
    agent2_count=1, agent3_count=5
    timestep_agent2=2, timestep_agent3=6
    === agent2 (actual) breakdown ===
      g=3, i=1: T=2, n_wiz=3, Q_T=132.0, obs_cost=1.0, prob=0.322
      g=3, i=2: T=2, n_wiz=3, Q_T=132.0, obs_cost=1.0, prob=0.322
      g=3, i=3: T=2, n_wiz=3, Q_T=132.0, obs_cost=1.0, prob=0.322
    === agent3 (naive) breakdown ===
      g=1, i=2: T=11, n_wiz=1, Q_T=98.0, obs_cost=5.0, prob=0.248
      g=1, i=3: T=11, n_wiz=1, Q_T=110.0, obs_cost=5.0, prob=0.248
      g=2, i=2: T=11, n_wiz=1, Q_T=98.0, obs_cost=5.0, prob=0.248
      g=2, i=3: T=11, n_wiz=1, Q_T=110.0, obs_cost=5.0, prob=0.248
    t=7: Q_observe_agent2=133.0, Q_observe_agent3=108.0, Q_not_observe=121.0
    wizard_candidates: 2
    agent2_count=1, agent3_count=6
    timestep_agent2=2, timestep_agent3=7
    === agent2 (actual) breakdown ===
      g=3, i=1: T=2, n_wiz=3, Q_T=132.0, obs_cost=1.0, prob=0.322
      g=3, i=2: T=2, n_wiz=3, Q_T=132.0, obs_cost=1.0, prob=0.322
      g=3, i=3: T=2, n_wiz=3, Q_T=132.0, obs_cost=1.0, prob=0.322
    === agent3 (naive) breakdown ===
      g=1, i=2: T=11, n_wiz=1, Q_T=98.0, obs_cost=4.0, prob=0.25
      g=1, i=3: T=11, n_wiz=1, Q_T=110.0, obs_cost=4.0, prob=0.25
      g=2, i=2: T=11, n_wiz=1, Q_T=98.0, obs_cost=4.0, prob=0.25
      g=2, i=3: T=11, n_wiz=1, Q_T=110.0, obs_cost=4.0, prob=0.25
    t=8: Q_observe_agent2=133.0, Q_observe_agent3=107.0, Q_not_observe=121.0
    wizard_candidates: 2
    agent2_count=1, agent3_count=7
    timestep_agent2=2, timestep_agent3=8
    === agent2 (actual) breakdown ===
      g=3, i=1: T=2, n_wiz=3, Q_T=132.0, obs_cost=1.0, prob=0.322
      g=3, i=2: T=2, n_wiz=3, Q_T=132.0, obs_cost=1.0, prob=0.322
      g=3, i=3: T=2, n_wiz=3, Q_T=132.0, obs_cost=1.0, prob=0.322
    === agent3 (naive) breakdown ===
      g=1, i=2: T=11, n_wiz=1, Q_T=98.0, obs_cost=3.0, prob=0.25
      g=1, i=3: T=11, n_wiz=1, Q_T=110.0, obs_cost=3.0, prob=0.25
      g=2, i=2: T=11, n_wiz=1, Q_T=98.0, obs_cost=3.0, prob=0.25
      g=2, i=3: T=11, n_wiz=1, Q_T=110.0, obs_cost=3.0, prob=0.25
    t=9: Q_observe_agent2=133.0, Q_observe_agent3=106.0, Q_not_observe=121.0
    wizard_candidates: 2
    agent2_count=1, agent3_count=8
    timestep_agent2=2, timestep_agent3=9
    === agent2 (actual) breakdown ===
      g=3, i=1: T=2, n_wiz=3, Q_T=132.0, obs_cost=1.0, prob=0.322
      g=3, i=2: T=2, n_wiz=3, Q_T=132.0, obs_cost=1.0, prob=0.322
      g=3, i=3: T=2, n_wiz=3, Q_T=132.0, obs_cost=1.0, prob=0.322
    === agent3 (naive) breakdown ===
      g=1, i=2: T=11, n_wiz=1, Q_T=98.0, obs_cost=2.0, prob=0.25
      g=1, i=3: T=11, n_wiz=1, Q_T=110.0, obs_cost=2.0, prob=0.25
      g=2, i=2: T=11, n_wiz=1, Q_T=98.0, obs_cost=2.0, prob=0.25
      g=2, i=3: T=11, n_wiz=1, Q_T=110.0, obs_cost=2.0, prob=0.25
    t=10: Q_observe_agent2=133.0, Q_observe_agent3=109.57, Q_not_observe=121.0
    wizard_candidates: 2
    agent2_count=1, agent3_count=9
    timestep_agent2=2, timestep_agent3=10
    === agent2 (actual) breakdown ===
      g=3, i=1: T=2, n_wiz=3, Q_T=132.0, obs_cost=1.0, prob=0.322
      g=3, i=2: T=2, n_wiz=3, Q_T=132.0, obs_cost=1.0, prob=0.322
      g=3, i=3: T=2, n_wiz=3, Q_T=132.0, obs_cost=1.0, prob=0.322
    === agent3 (naive) breakdown ===
      g=1, i=2: T=11, n_wiz=1, Q_T=98.0, obs_cost=1.0, prob=0.06
      g=1, i=3: T=11, n_wiz=1, Q_T=110.0, obs_cost=1.0, prob=0.44
      g=2, i=2: T=11, n_wiz=1, Q_T=98.0, obs_cost=1.0, prob=0.06
      g=2, i=3: T=11, n_wiz=1, Q_T=110.0, obs_cost=1.0, prob=0.44
    t=11: Q_observe_agent2=133.0, Q_observe_agent3=111.0, Q_not_observe=110.0
    wizard_candidates: 1
    agent2_count=1, agent3_count=10
    timestep_agent2=2, timestep_agent3=11
    === agent2 (actual) breakdown ===
      g=3, i=1: T=2, n_wiz=3, Q_T=132.0, obs_cost=1.0, prob=0.322
      g=3, i=2: T=2, n_wiz=3, Q_T=132.0, obs_cost=1.0, prob=0.322
      g=3, i=3: T=2, n_wiz=3, Q_T=132.0, obs_cost=1.0, prob=0.322
    === agent3 (naive) breakdown ===
      g=1, i=3: T=11, n_wiz=1, Q_T=110.0, obs_cost=1.0, prob=0.491
      g=2, i=3: T=11, n_wiz=1, Q_T=110.0, obs_cost=1.0, prob=0.491
    Scenario completed in 4.11s
    Cache stats: 1544 hits, 24 misses, 98.5% hit rate
Processing exp4:  32%|███████████                       |  ETA: 0:04:04[K  Map completed in 7.82s

Processing map: sm341
Const[wizard1, wizard2, wizard3, wizard4]Const[wizard1, wizard2, wizard3, wizard4]  Scenario 2
    agent2 (X) -> gem2 (actual), agent3 (Y) -> gem2 (naive)
    Loading probability data: s_id_agent2=3, s_id_agent3=3
    agent2_gem=2, agent3_gem=2
    Loaded agent2 probs: goal_probs size=(3, 27), state_probs size=(3, 27)
    Loaded agent3 probs: goal_probs size=(3, 32), state_probs size=(3, 32)
    Planning for agent1...
    problem.goal = has(agent1, gem2)
    agent1 location = (1, 9)
    Agent1 plan computed, length=28
    agent3 initial goal_probs: [0.333, 0.333, 0.333]
    agent3 initial state_probs: [0.333, 0.333, 0.333]
    t=0: Q_observe_agent2=111.78, Q_observe_agent3=113.0, Q_not_observe=123.0
    wizard_candidates: 3
    agent2_count=0, agent3_count=0
    timestep_agent2=1, timestep_agent3=1
    === agent2 (actual) breakdown ===
      g=1, i=1: T=2, n_wiz=3, Q_T=123.0, obs_cost=1.0, prob=0.111
      g=1, i=2: T=2, n_wiz=3, Q_T=123.0, obs_cost=1.0, prob=0.111
      g=1, i=3: T=2, n_wiz=3, Q_T=123.0, obs_cost=1.0, prob=0.111
      g=2, i=1: T=4, n_wiz=1, Q_T=83.0, obs_cost=3.0, prob=0.111
      g=2, i=2: T=9, n_wiz=1, Q_T=77.0, obs_cost=8.0, prob=0.111
      g=2, i=3: T=9, n_wiz=1, Q_T=83.0, obs_cost=8.0, prob=0.111
      g=3, i=1: T=2, n_wiz=3, Q_T=123.0, obs_cost=1.0, prob=0.111
      g=3, i=2: T=2, n_wiz=3, Q_T=123.0, obs_cost=1.0, prob=0.111
      g=3, i=3: T=2, n_wiz=3, Q_T=123.0, obs_cost=1.0, prob=0.111
    === agent3 (naive) breakdown ===
      g=1, i=1: T=2, n_wiz=3, Q_T=123.0, obs_cost=1.0, prob=0.111
      g=1, i=2: T=2, n_wiz=3, Q_T=123.0, obs_cost=1.0, prob=0.111
      g=1, i=3: T=2, n_wiz=3, Q_T=123.0, obs_cost=1.0, prob=0.111
      g=2, i=1: T=13, n_wiz=1, Q_T=83.0, obs_cost=12.0, prob=0.111
      g=2, i=2: T=7, n_wiz=1, Q_T=77.0, obs_cost=6.0, prob=0.111
      g=2, i=3: T=13, n_wiz=1, Q_T=83.0, obs_cost=12.0, prob=0.111
      g=3, i=1: T=2, n_wiz=3, Q_T=123.0, obs_cost=1.0, prob=0.111
      g=3, i=2: T=2, n_wiz=3, Q_T=123.0, obs_cost=1.0, prob=0.111
      g=3, i=3: T=2, n_wiz=3, Q_T=123.0, obs_cost=1.0, prob=0.111
    t=1: Q_observe_agent2=86.33, Q_observe_agent3=113.0, Q_not_observe=123.0
    wizard_candidates: 3
    agent2_count=1, agent3_count=0
    timestep_agent2=2, timestep_agent3=1
    === agent2 (actual) breakdown ===
      g=2, i=1: T=4, n_wiz=1, Q_T=83.0, obs_cost=2.0, prob=0.322
      g=2, i=2: T=9, n_wiz=1, Q_T=77.0, obs_cost=7.0, prob=0.322
      g=2, i=3: T=9, n_wiz=1, Q_T=83.0, obs_cost=7.0, prob=0.322
    === agent3 (naive) breakdown ===
      g=1, i=1: T=2, n_wiz=3, Q_T=123.0, obs_cost=1.0, prob=0.111
      g=1, i=2: T=2, n_wiz=3, Q_T=123.0, obs_cost=1.0, prob=0.111
      g=1, i=3: T=2, n_wiz=3, Q_T=123.0, obs_cost=1.0, prob=0.111
      g=2, i=1: T=13, n_wiz=1, Q_T=83.0, obs_cost=12.0, prob=0.111
      g=2, i=2: T=7, n_wiz=1, Q_T=77.0, obs_cost=6.0, prob=0.111
      g=2, i=3: T=13, n_wiz=1, Q_T=83.0, obs_cost=12.0, prob=0.111
      g=3, i=1: T=2, n_wiz=3, Q_T=123.0, obs_cost=1.0, prob=0.111
      g=3, i=2: T=2, n_wiz=3, Q_T=123.0, obs_cost=1.0, prob=0.111
      g=3, i=3: T=2, n_wiz=3, Q_T=123.0, obs_cost=1.0, prob=0.111
    t=2: Q_observe_agent2=85.33, Q_observe_agent3=113.0, Q_not_observe=123.0
    wizard_candidates: 3
    agent2_count=2, agent3_count=0
    timestep_agent2=3, timestep_agent3=1
    === agent2 (actual) breakdown ===
      g=2, i=1: T=4, n_wiz=1, Q_T=83.0, obs_cost=1.0, prob=0.333
      g=2, i=2: T=9, n_wiz=1, Q_T=77.0, obs_cost=6.0, prob=0.333
      g=2, i=3: T=9, n_wiz=1, Q_T=83.0, obs_cost=6.0, prob=0.333
    === agent3 (naive) breakdown ===
      g=1, i=1: T=2, n_wiz=3, Q_T=123.0, obs_cost=1.0, prob=0.111
      g=1, i=2: T=2, n_wiz=3, Q_T=123.0, obs_cost=1.0, prob=0.111
      g=1, i=3: T=2, n_wiz=3, Q_T=123.0, obs_cost=1.0, prob=0.111
      g=2, i=1: T=13, n_wiz=1, Q_T=83.0, obs_cost=12.0, prob=0.111
      g=2, i=2: T=7, n_wiz=1, Q_T=77.0, obs_cost=6.0, prob=0.111
      g=2, i=3: T=13, n_wiz=1, Q_T=83.0, obs_cost=12.0, prob=0.111
      g=3, i=1: T=2, n_wiz=3, Q_T=123.0, obs_cost=1.0, prob=0.111
      g=3, i=2: T=2, n_wiz=3, Q_T=123.0, obs_cost=1.0, prob=0.111
      g=3, i=3: T=2, n_wiz=3, Q_T=123.0, obs_cost=1.0, prob=0.111
    t=3: Q_observe_agent2=85.0, Q_observe_agent3=115.25, Q_not_observe=94.0
    wizard_candidates: 2
    agent2_count=3, agent3_count=0
    timestep_agent2=4, timestep_agent3=1
    === agent2 (actual) breakdown ===
      g=2, i=2: T=9, n_wiz=1, Q_T=77.0, obs_cost=5.0, prob=0.495
      g=2, i=3: T=9, n_wiz=1, Q_T=83.0, obs_cost=5.0, prob=0.495
    === agent3 (naive) breakdown ===
      g=1, i=1: T=2, n_wiz=3, Q_T=123.0, obs_cost=1.0, prob=0.111
      g=1, i=2: T=2, n_wiz=3, Q_T=123.0, obs_cost=1.0, prob=0.111
      g=1, i=3: T=2, n_wiz=3, Q_T=123.0, obs_cost=1.0, prob=0.111
      g=2, i=2: T=7, n_wiz=1, Q_T=77.0, obs_cost=6.0, prob=0.111
      g=2, i=3: T=13, n_wiz=1, Q_T=83.0, obs_cost=12.0, prob=0.111
      g=3, i=1: T=2, n_wiz=3, Q_T=123.0, obs_cost=1.0, prob=0.111
      g=3, i=2: T=2, n_wiz=3, Q_T=123.0, obs_cost=1.0, prob=0.111
      g=3, i=3: T=2, n_wiz=3, Q_T=123.0, obs_cost=1.0, prob=0.111
    t=4: Q_observe_agent2=84.0, Q_observe_agent3=115.25, Q_not_observe=94.0
    wizard_candidates: 2
    agent2_count=4, agent3_count=0
    timestep_agent2=5, timestep_agent3=1
    === agent2 (actual) breakdown ===
      g=2, i=2: T=9, n_wiz=1, Q_T=77.0, obs_cost=4.0, prob=0.5
      g=2, i=3: T=9, n_wiz=1, Q_T=83.0, obs_cost=4.0, prob=0.5
    === agent3 (naive) breakdown ===
      g=1, i=1: T=2, n_wiz=3, Q_T=123.0, obs_cost=1.0, prob=0.111
      g=1, i=2: T=2, n_wiz=3, Q_T=123.0, obs_cost=1.0, prob=0.111
      g=1, i=3: T=2, n_wiz=3, Q_T=123.0, obs_cost=1.0, prob=0.111
      g=2, i=2: T=7, n_wiz=1, Q_T=77.0, obs_cost=6.0, prob=0.111
      g=2, i=3: T=13, n_wiz=1, Q_T=83.0, obs_cost=12.0, prob=0.111
      g=3, i=1: T=2, n_wiz=3, Q_T=123.0, obs_cost=1.0, prob=0.111
      g=3, i=2: T=2, n_wiz=3, Q_T=123.0, obs_cost=1.0, prob=0.111
      g=3, i=3: T=2, n_wiz=3, Q_T=123.0, obs_cost=1.0, prob=0.111
    t=5: Q_observe_agent2=83.0, Q_observe_agent3=115.25, Q_not_observe=94.0
    wizard_candidates: 2
    agent2_count=5, agent3_count=0
    timestep_agent2=6, timestep_agent3=1
    === agent2 (actual) breakdown ===
      g=2, i=2: T=9, n_wiz=1, Q_T=77.0, obs_cost=3.0, prob=0.5
      g=2, i=3: T=9, n_wiz=1, Q_T=83.0, obs_cost=3.0, prob=0.5
    === agent3 (naive) breakdown ===
      g=1, i=1: T=2, n_wiz=3, Q_T=123.0, obs_cost=1.0, prob=0.111
      g=1, i=2: T=2, n_wiz=3, Q_T=123.0, obs_cost=1.0, prob=0.111
      g=1, i=3: T=2, n_wiz=3, Q_T=123.0, obs_cost=1.0, prob=0.111
      g=2, i=2: T=7, n_wiz=1, Q_T=77.0, obs_cost=6.0, prob=0.111
      g=2, i=3: T=13, n_wiz=1, Q_T=83.0, obs_cost=12.0, prob=0.111
      g=3, i=1: T=2, n_wiz=3, Q_T=123.0, obs_cost=1.0, prob=0.111
      g=3, i=2: T=2, n_wiz=3, Q_T=123.0, obs_cost=1.0, prob=0.111
      g=3, i=3: T=2, n_wiz=3, Q_T=123.0, obs_cost=1.0, prob=0.111
    t=6: Q_observe_agent2=82.0, Q_observe_agent3=115.25, Q_not_observe=94.0
    wizard_candidates: 2
    agent2_count=6, agent3_count=0
    timestep_agent2=7, timestep_agent3=1
    === agent2 (actual) breakdown ===
      g=2, i=2: T=9, n_wiz=1, Q_T=77.0, obs_cost=2.0, prob=0.5
      g=2, i=3: T=9, n_wiz=1, Q_T=83.0, obs_cost=2.0, prob=0.5
    === agent3 (naive) breakdown ===
      g=1, i=1: T=2, n_wiz=3, Q_T=123.0, obs_cost=1.0, prob=0.111
      g=1, i=2: T=2, n_wiz=3, Q_T=123.0, obs_cost=1.0, prob=0.111
      g=1, i=3: T=2, n_wiz=3, Q_T=123.0, obs_cost=1.0, prob=0.111
      g=2, i=2: T=7, n_wiz=1, Q_T=77.0, obs_cost=6.0, prob=0.111
      g=2, i=3: T=13, n_wiz=1, Q_T=83.0, obs_cost=12.0, prob=0.111
      g=3, i=1: T=2, n_wiz=3, Q_T=123.0, obs_cost=1.0, prob=0.111
      g=3, i=2: T=2, n_wiz=3, Q_T=123.0, obs_cost=1.0, prob=0.111
      g=3, i=3: T=2, n_wiz=3, Q_T=123.0, obs_cost=1.0, prob=0.111
    t=7: Q_observe_agent2=81.0, Q_observe_agent3=115.25, Q_not_observe=94.0
    wizard_candidates: 2
    agent2_count=7, agent3_count=0
    timestep_agent2=8, timestep_agent3=1
    === agent2 (actual) breakdown ===
      g=2, i=2: T=9, n_wiz=1, Q_T=77.0, obs_cost=1.0, prob=0.5
      g=2, i=3: T=9, n_wiz=1, Q_T=83.0, obs_cost=1.0, prob=0.5
    === agent3 (naive) breakdown ===
      g=1, i=1: T=2, n_wiz=3, Q_T=123.0, obs_cost=1.0, prob=0.111
      g=1, i=2: T=2, n_wiz=3, Q_T=123.0, obs_cost=1.0, prob=0.111
      g=1, i=3: T=2, n_wiz=3, Q_T=123.0, obs_cost=1.0, prob=0.111
      g=2, i=2: T=7, n_wiz=1, Q_T=77.0, obs_cost=6.0, prob=0.111
      g=2, i=3: T=13, n_wiz=1, Q_T=83.0, obs_cost=12.0, prob=0.111
      g=3, i=1: T=2, n_wiz=3, Q_T=123.0, obs_cost=1.0, prob=0.111
      g=3, i=2: T=2, n_wiz=3, Q_T=123.0, obs_cost=1.0, prob=0.111
      g=3, i=3: T=2, n_wiz=3, Q_T=123.0, obs_cost=1.0, prob=0.111
    t=8: Q_observe_agent2=84.0, Q_observe_agent3=119.86, Q_not_observe=83.0
    wizard_candidates: 1
    agent2_count=8, agent3_count=0
    timestep_agent2=9, timestep_agent3=1
    === agent2 (actual) breakdown ===
      g=2, i=3: T=9, n_wiz=1, Q_T=83.0, obs_cost=1.0, prob=0.982
    === agent3 (naive) breakdown ===
      g=1, i=1: T=2, n_wiz=3, Q_T=123.0, obs_cost=1.0, prob=0.111
      g=1, i=2: T=2, n_wiz=3, Q_T=123.0, obs_cost=1.0, prob=0.111
      g=1, i=3: T=2, n_wiz=3, Q_T=123.0, obs_cost=1.0, prob=0.111
      g=2, i=3: T=13, n_wiz=1, Q_T=83.0, obs_cost=12.0, prob=0.111
      g=3, i=1: T=2, n_wiz=3, Q_T=123.0, obs_cost=1.0, prob=0.111
      g=3, i=2: T=2, n_wiz=3, Q_T=123.0, obs_cost=1.0, prob=0.111
      g=3, i=3: T=2, n_wiz=3, Q_T=123.0, obs_cost=1.0, prob=0.111
    Scenario completed in 4.69s
    Cache stats: 1818 hits, 27 misses, 98.5% hit rate
Processing exp4:  35%|███████████▉                      |  ETA: 0:03:54[K  Map completed in 8.42s

Processing map: sm411
Const[wizard1, wizard2, wizard3, wizard4, wizard5]Const[wizard1, wizard2, wizard3, wizard4, wizard5]  Scenario 2
    agent2 (X) -> gem2 (actual), agent3 (Y) -> gem3 (naive)
    Loading probability data: s_id_agent2=4, s_id_agent3=4
    agent2_gem=2, agent3_gem=3
    Loaded agent2 probs: goal_probs size=(3, 33), state_probs size=(4, 33)
    Loaded agent3 probs: goal_probs size=(3, 41), state_probs size=(4, 41)
    Planning for agent1...
    problem.goal = has(agent1, gem2)
    agent1 location = (7, 7)
    Agent1 plan computed, length=43
    agent3 initial goal_probs: [0.333, 0.333, 0.333]
    agent3 initial state_probs: [0.25, 0.25, 0.25, 0.25]
    t=0: Q_observe_agent2=126.33, Q_observe_agent3=131.83, Q_not_observe=173.0
    wizard_candidates: 4
    agent2_count=0, agent3_count=0
    timestep_agent2=1, timestep_agent3=1
    === agent2 (actual) breakdown ===
      g=1, i=1: T=2, n_wiz=4, Q_T=173.0, obs_cost=1.0, prob=0.083
      g=1, i=2: T=2, n_wiz=4, Q_T=173.0, obs_cost=1.0, prob=0.083
      g=1, i=3: T=2, n_wiz=4, Q_T=173.0, obs_cost=1.0, prob=0.083
      g=1, i=4: T=2, n_wiz=4, Q_T=173.0, obs_cost=1.0, prob=0.083
      g=2, i=1: T=5, n_wiz=1, Q_T=92.0, obs_cost=4.0, prob=0.083
      g=2, i=2: T=5, n_wiz=1, Q_T=80.0, obs_cost=4.0, prob=0.083
      g=2, i=3: T=6, n_wiz=1, Q_T=92.0, obs_cost=5.0, prob=0.083
      g=2, i=4: T=6, n_wiz=1, Q_T=128.0, obs_cost=5.0, prob=0.083
      g=3, i=1: T=5, n_wiz=1, Q_T=92.0, obs_cost=4.0, prob=0.083
      g=3, i=2: T=5, n_wiz=1, Q_T=80.0, obs_cost=4.0, prob=0.083
      g=3, i=3: T=6, n_wiz=1, Q_T=92.0, obs_cost=5.0, prob=0.083
      g=3, i=4: T=6, n_wiz=1, Q_T=128.0, obs_cost=5.0, prob=0.083
    === agent3 (naive) breakdown ===
      g=1, i=1: T=3, n_wiz=4, Q_T=173.0, obs_cost=2.0, prob=0.083
      g=1, i=2: T=3, n_wiz=4, Q_T=173.0, obs_cost=2.0, prob=0.083
      g=1, i=3: T=3, n_wiz=4, Q_T=173.0, obs_cost=2.0, prob=0.083
      g=1, i=4: T=3, n_wiz=4, Q_T=173.0, obs_cost=2.0, prob=0.083
      g=2, i=1: T=12, n_wiz=1, Q_T=92.0, obs_cost=11.0, prob=0.083
      g=2, i=2: T=11, n_wiz=1, Q_T=80.0, obs_cost=10.0, prob=0.083
      g=2, i=3: T=15, n_wiz=1, Q_T=92.0, obs_cost=14.0, prob=0.083
      g=2, i=4: T=15, n_wiz=1, Q_T=128.0, obs_cost=14.0, prob=0.083
      g=3, i=1: T=12, n_wiz=1, Q_T=92.0, obs_cost=11.0, prob=0.083
      g=3, i=2: T=11, n_wiz=1, Q_T=80.0, obs_cost=10.0, prob=0.083
      g=3, i=3: T=15, n_wiz=1, Q_T=92.0, obs_cost=14.0, prob=0.083
      g=3, i=4: T=15, n_wiz=1, Q_T=128.0, obs_cost=14.0, prob=0.083
    t=1: Q_observe_agent2=101.5, Q_observe_agent3=131.83, Q_not_observe=173.0
    wizard_candidates: 4
    agent2_count=1, agent3_count=0
    timestep_agent2=2, timestep_agent3=1
    === agent2 (actual) breakdown ===
      g=2, i=1: T=5, n_wiz=1, Q_T=92.0, obs_cost=3.0, prob=0.124
      g=2, i=2: T=5, n_wiz=1, Q_T=80.0, obs_cost=3.0, prob=0.124
      g=2, i=3: T=6, n_wiz=1, Q_T=92.0, obs_cost=4.0, prob=0.124
      g=2, i=4: T=6, n_wiz=1, Q_T=128.0, obs_cost=4.0, prob=0.124
      g=3, i=1: T=5, n_wiz=1, Q_T=92.0, obs_cost=3.0, prob=0.124
      g=3, i=2: T=5, n_wiz=1, Q_T=80.0, obs_cost=3.0, prob=0.124
      g=3, i=3: T=6, n_wiz=1, Q_T=92.0, obs_cost=4.0, prob=0.124
      g=3, i=4: T=6, n_wiz=1, Q_T=128.0, obs_cost=4.0, prob=0.124
    === agent3 (naive) breakdown ===
      g=1, i=1: T=3, n_wiz=4, Q_T=173.0, obs_cost=2.0, prob=0.083
      g=1, i=2: T=3, n_wiz=4, Q_T=173.0, obs_cost=2.0, prob=0.083
      g=1, i=3: T=3, n_wiz=4, Q_T=173.0, obs_cost=2.0, prob=0.083
      g=1, i=4: T=3, n_wiz=4, Q_T=173.0, obs_cost=2.0, prob=0.083
      g=2, i=1: T=12, n_wiz=1, Q_T=92.0, obs_cost=11.0, prob=0.083
      g=2, i=2: T=11, n_wiz=1, Q_T=80.0, obs_cost=10.0, prob=0.083
      g=2, i=3: T=15, n_wiz=1, Q_T=92.0, obs_cost=14.0, prob=0.083
      g=2, i=4: T=15, n_wiz=1, Q_T=128.0, obs_cost=14.0, prob=0.083
      g=3, i=1: T=12, n_wiz=1, Q_T=92.0, obs_cost=11.0, prob=0.083
      g=3, i=2: T=11, n_wiz=1, Q_T=80.0, obs_cost=10.0, prob=0.083
      g=3, i=3: T=15, n_wiz=1, Q_T=92.0, obs_cost=14.0, prob=0.083
      g=3, i=4: T=15, n_wiz=1, Q_T=128.0, obs_cost=14.0, prob=0.083
    t=2: Q_observe_agent2=100.5, Q_observe_agent3=131.83, Q_not_observe=173.0
    wizard_candidates: 4
    agent2_count=2, agent3_count=0
    timestep_agent2=3, timestep_agent3=1
    === agent2 (actual) breakdown ===
      g=2, i=1: T=5, n_wiz=1, Q_T=92.0, obs_cost=2.0, prob=0.125
      g=2, i=2: T=5, n_wiz=1, Q_T=80.0, obs_cost=2.0, prob=0.125
      g=2, i=3: T=6, n_wiz=1, Q_T=92.0, obs_cost=3.0, prob=0.125
      g=2, i=4: T=6, n_wiz=1, Q_T=128.0, obs_cost=3.0, prob=0.125
      g=3, i=1: T=5, n_wiz=1, Q_T=92.0, obs_cost=2.0, prob=0.125
      g=3, i=2: T=5, n_wiz=1, Q_T=80.0, obs_cost=2.0, prob=0.125
      g=3, i=3: T=6, n_wiz=1, Q_T=92.0, obs_cost=3.0, prob=0.125
      g=3, i=4: T=6, n_wiz=1, Q_T=128.0, obs_cost=3.0, prob=0.125
    === agent3 (naive) breakdown ===
      g=1, i=1: T=3, n_wiz=4, Q_T=173.0, obs_cost=2.0, prob=0.083
      g=1, i=2: T=3, n_wiz=4, Q_T=173.0, obs_cost=2.0, prob=0.083
      g=1, i=3: T=3, n_wiz=4, Q_T=173.0, obs_cost=2.0, prob=0.083
      g=1, i=4: T=3, n_wiz=4, Q_T=173.0, obs_cost=2.0, prob=0.083
      g=2, i=1: T=12, n_wiz=1, Q_T=92.0, obs_cost=11.0, prob=0.083
      g=2, i=2: T=11, n_wiz=1, Q_T=80.0, obs_cost=10.0, prob=0.083
      g=2, i=3: T=15, n_wiz=1, Q_T=92.0, obs_cost=14.0, prob=0.083
      g=2, i=4: T=15, n_wiz=1, Q_T=128.0, obs_cost=14.0, prob=0.083
      g=3, i=1: T=12, n_wiz=1, Q_T=92.0, obs_cost=11.0, prob=0.083
      g=3, i=2: T=11, n_wiz=1, Q_T=80.0, obs_cost=10.0, prob=0.083
      g=3, i=3: T=15, n_wiz=1, Q_T=92.0, obs_cost=14.0, prob=0.083
      g=3, i=4: T=15, n_wiz=1, Q_T=128.0, obs_cost=14.0, prob=0.083
    t=3: Q_observe_agent2=112.0, Q_observe_agent3=149.5, Q_not_observe=139.0
    wizard_candidates: 2
    agent2_count=3, agent3_count=0
    timestep_agent2=4, timestep_agent3=1
    === agent2 (actual) breakdown ===
      g=2, i=3: T=6, n_wiz=1, Q_T=92.0, obs_cost=2.0, prob=0.246
      g=2, i=4: T=6, n_wiz=1, Q_T=128.0, obs_cost=2.0, prob=0.246
      g=3, i=3: T=6, n_wiz=1, Q_T=92.0, obs_cost=2.0, prob=0.246
      g=3, i=4: T=6, n_wiz=1, Q_T=128.0, obs_cost=2.0, prob=0.246
    === agent3 (naive) breakdown ===
      g=1, i=1: T=3, n_wiz=4, Q_T=173.0, obs_cost=2.0, prob=0.083
      g=1, i=2: T=3, n_wiz=4, Q_T=173.0, obs_cost=2.0, prob=0.083
      g=1, i=3: T=3, n_wiz=4, Q_T=173.0, obs_cost=2.0, prob=0.083
      g=1, i=4: T=3, n_wiz=4, Q_T=173.0, obs_cost=2.0, prob=0.083
      g=2, i=3: T=15, n_wiz=1, Q_T=92.0, obs_cost=14.0, prob=0.083
      g=2, i=4: T=15, n_wiz=1, Q_T=128.0, obs_cost=14.0, prob=0.083
      g=3, i=3: T=15, n_wiz=1, Q_T=92.0, obs_cost=14.0, prob=0.083
      g=3, i=4: T=15, n_wiz=1, Q_T=128.0, obs_cost=14.0, prob=0.083
    t=4: Q_observe_agent2=111.0, Q_observe_agent3=149.5, Q_not_observe=139.0
    wizard_candidates: 2
    agent2_count=4, agent3_count=0
    timestep_agent2=5, timestep_agent3=1
    === agent2 (actual) breakdown ===
      g=2, i=3: T=6, n_wiz=1, Q_T=92.0, obs_cost=1.0, prob=0.25
      g=2, i=4: T=6, n_wiz=1, Q_T=128.0, obs_cost=1.0, prob=0.25
      g=3, i=3: T=6, n_wiz=1, Q_T=92.0, obs_cost=1.0, prob=0.25
      g=3, i=4: T=6, n_wiz=1, Q_T=128.0, obs_cost=1.0, prob=0.25
    === agent3 (naive) breakdown ===
      g=1, i=1: T=3, n_wiz=4, Q_T=173.0, obs_cost=2.0, prob=0.083
      g=1, i=2: T=3, n_wiz=4, Q_T=173.0, obs_cost=2.0, prob=0.083
      g=1, i=3: T=3, n_wiz=4, Q_T=173.0, obs_cost=2.0, prob=0.083
      g=1, i=4: T=3, n_wiz=4, Q_T=173.0, obs_cost=2.0, prob=0.083
      g=2, i=3: T=15, n_wiz=1, Q_T=92.0, obs_cost=14.0, prob=0.083
      g=2, i=4: T=15, n_wiz=1, Q_T=128.0, obs_cost=14.0, prob=0.083
      g=3, i=3: T=15, n_wiz=1, Q_T=92.0, obs_cost=14.0, prob=0.083
      g=3, i=4: T=15, n_wiz=1, Q_T=128.0, obs_cost=14.0, prob=0.083
    t=5: Q_observe_agent2=129.0, Q_observe_agent3=164.0, Q_not_observe=128.0
    wizard_candidates: 1
    agent2_count=5, agent3_count=0
    timestep_agent2=6, timestep_agent3=1
    === agent2 (actual) breakdown ===
      g=2, i=4: T=6, n_wiz=1, Q_T=128.0, obs_cost=1.0, prob=0.491
      g=3, i=4: T=6, n_wiz=1, Q_T=128.0, obs_cost=1.0, prob=0.491
    === agent3 (naive) breakdown ===
      g=1, i=1: T=3, n_wiz=4, Q_T=173.0, obs_cost=2.0, prob=0.083
      g=1, i=2: T=3, n_wiz=4, Q_T=173.0, obs_cost=2.0, prob=0.083
      g=1, i=3: T=3, n_wiz=4, Q_T=173.0, obs_cost=2.0, prob=0.083
      g=1, i=4: T=3, n_wiz=4, Q_T=173.0, obs_cost=2.0, prob=0.083
      g=2, i=4: T=15, n_wiz=1, Q_T=128.0, obs_cost=14.0, prob=0.083
      g=3, i=4: T=15, n_wiz=1, Q_T=128.0, obs_cost=14.0, prob=0.083
    Scenario completed in 5.69s
    Cache stats: 1600 hits, 42 misses, 97.4% hit rate
Processing exp4:  38%|████████████▊                     |  ETA: 0:03:46[K  Map completed in 9.41s

Processing map: sm371
Const[wizard1, wizard2]Const[wizard1, wizard2]  Scenario 2
    agent2 (X) -> gem1 (actual), agent3 (Y) -> gem1 (naive)
    Loading probability data: s_id_agent2=2, s_id_agent3=2
    agent2_gem=1, agent3_gem=1
    Loaded agent2 probs: goal_probs size=(3, 30), state_probs size=(2, 30)
    Loaded agent3 probs: goal_probs size=(3, 36), state_probs size=(2, 36)
    Planning for agent1...
    problem.goal = has(agent1, gem1)
    agent1 location = (1, 4)
    Agent1 plan computed, length=16
    agent3 initial goal_probs: [0.333, 0.333, 0.333]
    agent3 initial state_probs: [0.5, 0.5]
    t=0: Q_observe_agent2=63.67, Q_observe_agent3=64.33, Q_not_observe=58.0
    wizard_candidates: 2
    agent2_count=0, agent3_count=0
    timestep_agent2=1, timestep_agent3=1
    === agent2 (actual) breakdown ===
      g=1, i=1: T=15, n_wiz=1, Q_T=47.0, obs_cost=14.0, prob=0.167
      g=1, i=2: T=15, n_wiz=1, Q_T=47.0, obs_cost=14.0, prob=0.167
      g=2, i=1: T=8, n_wiz=2, Q_T=58.0, obs_cost=7.0, prob=0.167
      g=2, i=2: T=8, n_wiz=2, Q_T=58.0, obs_cost=7.0, prob=0.167
      g=3, i=1: T=8, n_wiz=2, Q_T=58.0, obs_cost=7.0, prob=0.167
      g=3, i=2: T=8, n_wiz=2, Q_T=58.0, obs_cost=7.0, prob=0.167
    === agent3 (naive) breakdown ===
      g=1, i=1: T=22, n_wiz=1, Q_T=47.0, obs_cost=21.0, prob=0.167
      g=1, i=2: T=22, n_wiz=1, Q_T=47.0, obs_cost=21.0, prob=0.167
      g=2, i=1: T=5, n_wiz=2, Q_T=58.0, obs_cost=4.0, prob=0.167
      g=2, i=2: T=5, n_wiz=2, Q_T=58.0, obs_cost=4.0, prob=0.167
      g=3, i=1: T=6, n_wiz=2, Q_T=58.0, obs_cost=5.0, prob=0.167
      g=3, i=2: T=6, n_wiz=2, Q_T=58.0, obs_cost=5.0, prob=0.167
    Scenario completed in 2.79s
    Cache stats: 123 hits, 14 misses, 89.8% hit rate
Processing exp4:  40%|█████████████▋                    |  ETA: 0:03:33[K  Map completed in 6.44s

Processing map: sm221
Const[wizard1, wizard2, wizard3]Const[wizard1, wizard2, wizard3]  Scenario 2
    agent2 (X) -> gem3 (actual), agent3 (Y) -> gem1 (naive)
    Loading probability data: s_id_agent2=1, s_id_agent3=1
    agent2_gem=3, agent3_gem=1
    Loaded agent2 probs: goal_probs size=(3, 32), state_probs size=(2, 32)
    Loaded agent3 probs: goal_probs size=(3, 30), state_probs size=(2, 30)
    Planning for agent1...
    problem.goal = has(agent1, gem1)
    agent1 location = (4, 10)
    Agent1 plan computed, length=26
    agent3 initial goal_probs: [0.333, 0.333, 0.333]
    agent3 initial state_probs: [0.5, 0.5]
    t=0: Q_observe_agent2=95.67, Q_observe_agent3=95.5, Q_not_observe=106.0
    wizard_candidates: 2
    agent2_count=0, agent3_count=0
    timestep_agent2=1, timestep_agent3=1
    === agent2 (actual) breakdown ===
      g=1, i=1: T=9, n_wiz=1, Q_T=77.0, obs_cost=8.0, prob=0.167
      g=1, i=2: T=9, n_wiz=1, Q_T=53.0, obs_cost=8.0, prob=0.167
      g=2, i=1: T=2, n_wiz=2, Q_T=106.0, obs_cost=1.0, prob=0.167
      g=2, i=2: T=2, n_wiz=2, Q_T=106.0, obs_cost=1.0, prob=0.167
      g=3, i=1: T=2, n_wiz=2, Q_T=106.0, obs_cost=1.0, prob=0.167
      g=3, i=2: T=2, n_wiz=2, Q_T=106.0, obs_cost=1.0, prob=0.167
    === agent3 (naive) breakdown ===
      g=1, i=1: T=7, n_wiz=1, Q_T=77.0, obs_cost=6.0, prob=0.167
      g=1, i=2: T=10, n_wiz=1, Q_T=53.0, obs_cost=9.0, prob=0.167
      g=2, i=1: T=2, n_wiz=2, Q_T=106.0, obs_cost=1.0, prob=0.167
      g=2, i=2: T=2, n_wiz=2, Q_T=106.0, obs_cost=1.0, prob=0.167
      g=3, i=1: T=2, n_wiz=2, Q_T=106.0, obs_cost=1.0, prob=0.167
      g=3, i=2: T=2, n_wiz=2, Q_T=106.0, obs_cost=1.0, prob=0.167
    t=1: Q_observe_agent2=95.67, Q_observe_agent3=79.06, Q_not_observe=106.0
    wizard_candidates: 2
    agent2_count=0, agent3_count=1
    timestep_agent2=1, timestep_agent3=2
    === agent2 (actual) breakdown ===
      g=1, i=1: T=9, n_wiz=1, Q_T=77.0, obs_cost=8.0, prob=0.167
      g=1, i=2: T=9, n_wiz=1, Q_T=53.0, obs_cost=8.0, prob=0.167
      g=2, i=1: T=2, n_wiz=2, Q_T=106.0, obs_cost=1.0, prob=0.167
      g=2, i=2: T=2, n_wiz=2, Q_T=106.0, obs_cost=1.0, prob=0.167
      g=3, i=1: T=2, n_wiz=2, Q_T=106.0, obs_cost=1.0, prob=0.167
      g=3, i=2: T=2, n_wiz=2, Q_T=106.0, obs_cost=1.0, prob=0.167
    === agent3 (naive) breakdown ===
      g=1, i=1: T=7, n_wiz=1, Q_T=77.0, obs_cost=5.0, prob=0.393
      g=1, i=2: T=10, n_wiz=1, Q_T=53.0, obs_cost=8.0, prob=0.393
      g=2, i=1: T=2, n_wiz=2, Q_T=106.0, obs_cost=1.0, prob=0.053
      g=2, i=2: T=2, n_wiz=2, Q_T=106.0, obs_cost=1.0, prob=0.053
      g=3, i=1: T=2, n_wiz=2, Q_T=106.0, obs_cost=1.0, prob=0.053
      g=3, i=2: T=2, n_wiz=2, Q_T=106.0, obs_cost=1.0, prob=0.053
    t=2: Q_observe_agent2=95.67, Q_observe_agent3=78.28, Q_not_observe=106.0
    wizard_candidates: 2
    agent2_count=0, agent3_count=2
    timestep_agent2=1, timestep_agent3=3
    === agent2 (actual) breakdown ===
      g=1, i=1: T=9, n_wiz=1, Q_T=77.0, obs_cost=8.0, prob=0.167
      g=1, i=2: T=9, n_wiz=1, Q_T=53.0, obs_cost=8.0, prob=0.167
      g=2, i=1: T=2, n_wiz=2, Q_T=106.0, obs_cost=1.0, prob=0.167
      g=2, i=2: T=2, n_wiz=2, Q_T=106.0, obs_cost=1.0, prob=0.167
      g=3, i=1: T=2, n_wiz=2, Q_T=106.0, obs_cost=1.0, prob=0.167
      g=3, i=2: T=2, n_wiz=2, Q_T=106.0, obs_cost=1.0, prob=0.167
    === agent3 (naive) breakdown ===
      g=1, i=1: T=7, n_wiz=1, Q_T=77.0, obs_cost=4.0, prob=0.393
      g=1, i=2: T=10, n_wiz=1, Q_T=53.0, obs_cost=7.0, prob=0.393
      g=2, i=1: T=2, n_wiz=2, Q_T=106.0, obs_cost=1.0, prob=0.053
      g=2, i=2: T=2, n_wiz=2, Q_T=106.0, obs_cost=1.0, prob=0.053
      g=3, i=1: T=2, n_wiz=2, Q_T=106.0, obs_cost=1.0, prob=0.053
      g=3, i=2: T=2, n_wiz=2, Q_T=106.0, obs_cost=1.0, prob=0.053
    t=3: Q_observe_agent2=95.67, Q_observe_agent3=85.27, Q_not_observe=106.0
    wizard_candidates: 2
    agent2_count=0, agent3_count=3
    timestep_agent2=1, timestep_agent3=4
    === agent2 (actual) breakdown ===
      g=1, i=1: T=9, n_wiz=1, Q_T=77.0, obs_cost=8.0, prob=0.167
      g=1, i=2: T=9, n_wiz=1, Q_T=53.0, obs_cost=8.0, prob=0.167
      g=2, i=1: T=2, n_wiz=2, Q_T=106.0, obs_cost=1.0, prob=0.167
      g=2, i=2: T=2, n_wiz=2, Q_T=106.0, obs_cost=1.0, prob=0.167
      g=3, i=1: T=2, n_wiz=2, Q_T=106.0, obs_cost=1.0, prob=0.167
      g=3, i=2: T=2, n_wiz=2, Q_T=106.0, obs_cost=1.0, prob=0.167
    === agent3 (naive) breakdown ===
      g=1, i=1: T=7, n_wiz=1, Q_T=77.0, obs_cost=3.0, prob=0.513
      g=1, i=2: T=10, n_wiz=1, Q_T=53.0, obs_cost=6.0, prob=0.164
      g=2, i=1: T=2, n_wiz=2, Q_T=106.0, obs_cost=1.0, prob=0.122
      g=2, i=2: T=2, n_wiz=2, Q_T=106.0, obs_cost=1.0, prob=0.039
      g=3, i=1: T=2, n_wiz=2, Q_T=106.0, obs_cost=1.0, prob=0.122
      g=3, i=2: T=2, n_wiz=2, Q_T=106.0, obs_cost=1.0, prob=0.039
    t=4: Q_observe_agent2=95.67, Q_observe_agent3=86.18, Q_not_observe=106.0
    wizard_candidates: 2
    agent2_count=0, agent3_count=4
    timestep_agent2=1, timestep_agent3=5
    === agent2 (actual) breakdown ===
      g=1, i=1: T=9, n_wiz=1, Q_T=77.0, obs_cost=8.0, prob=0.167
      g=1, i=2: T=9, n_wiz=1, Q_T=53.0, obs_cost=8.0, prob=0.167
      g=2, i=1: T=2, n_wiz=2, Q_T=106.0, obs_cost=1.0, prob=0.167
      g=2, i=2: T=2, n_wiz=2, Q_T=106.0, obs_cost=1.0, prob=0.167
      g=3, i=1: T=2, n_wiz=2, Q_T=106.0, obs_cost=1.0, prob=0.167
      g=3, i=2: T=2, n_wiz=2, Q_T=106.0, obs_cost=1.0, prob=0.167
    === agent3 (naive) breakdown ===
      g=1, i=1: T=7, n_wiz=1, Q_T=77.0, obs_cost=2.0, prob=0.532
      g=1, i=2: T=10, n_wiz=1, Q_T=53.0, obs_cost=5.0, prob=0.121
      g=2, i=1: T=2, n_wiz=2, Q_T=106.0, obs_cost=1.0, prob=0.141
      g=2, i=2: T=2, n_wiz=2, Q_T=106.0, obs_cost=1.0, prob=0.032
      g=3, i=1: T=2, n_wiz=2, Q_T=106.0, obs_cost=1.0, prob=0.141
      g=3, i=2: T=2, n_wiz=2, Q_T=106.0, obs_cost=1.0, prob=0.032
    t=5: Q_observe_agent2=95.67, Q_observe_agent3=85.76, Q_not_observe=106.0
    wizard_candidates: 2
    agent2_count=0, agent3_count=5
    timestep_agent2=1, timestep_agent3=6
    === agent2 (actual) breakdown ===
      g=1, i=1: T=9, n_wiz=1, Q_T=77.0, obs_cost=8.0, prob=0.167
      g=1, i=2: T=9, n_wiz=1, Q_T=53.0, obs_cost=8.0, prob=0.167
      g=2, i=1: T=2, n_wiz=2, Q_T=106.0, obs_cost=1.0, prob=0.167
      g=2, i=2: T=2, n_wiz=2, Q_T=106.0, obs_cost=1.0, prob=0.167
      g=3, i=1: T=2, n_wiz=2, Q_T=106.0, obs_cost=1.0, prob=0.167
      g=3, i=2: T=2, n_wiz=2, Q_T=106.0, obs_cost=1.0, prob=0.167
    === agent3 (naive) breakdown ===
      g=1, i=1: T=7, n_wiz=1, Q_T=77.0, obs_cost=1.0, prob=0.534
      g=1, i=2: T=10, n_wiz=1, Q_T=53.0, obs_cost=4.0, prob=0.115
      g=2, i=1: T=2, n_wiz=2, Q_T=106.0, obs_cost=1.0, prob=0.144
      g=2, i=2: T=2, n_wiz=2, Q_T=106.0, obs_cost=1.0, prob=0.031
      g=3, i=1: T=2, n_wiz=2, Q_T=106.0, obs_cost=1.0, prob=0.144
      g=3, i=2: T=2, n_wiz=2, Q_T=106.0, obs_cost=1.0, prob=0.031
    t=6: Q_observe_agent2=102.6, Q_observe_agent3=78.0, Q_not_observe=77.0
    wizard_candidates: 1
    agent2_count=0, agent3_count=6
    timestep_agent2=1, timestep_agent3=7
    === agent2 (actual) breakdown ===
      g=1, i=1: T=9, n_wiz=1, Q_T=77.0, obs_cost=8.0, prob=0.167
      g=2, i=1: T=2, n_wiz=2, Q_T=106.0, obs_cost=1.0, prob=0.167
      g=2, i=2: T=2, n_wiz=2, Q_T=106.0, obs_cost=1.0, prob=0.167
      g=3, i=1: T=2, n_wiz=2, Q_T=106.0, obs_cost=1.0, prob=0.167
      g=3, i=2: T=2, n_wiz=2, Q_T=106.0, obs_cost=1.0, prob=0.167
    === agent3 (naive) breakdown ===
      g=1, i=1: T=7, n_wiz=1, Q_T=77.0, obs_cost=1.0, prob=0.9
    Scenario completed in 3.14s
    Cache stats: 875 hits, 14 misses, 98.4% hit rate
Processing exp4:  42%|██████████████▌                   |  ETA: 0:03:21[K  Map completed in 6.84s

Processing map: sm331
Const[wizard1, wizard2, wizard3, wizard4]Const[wizard1, wizard2, wizard3, wizard4]  Scenario 2
    agent2 (X) -> gem1 (actual), agent3 (Y) -> gem1 (naive)
    Loading probability data: s_id_agent2=3, s_id_agent3=3
    agent2_gem=1, agent3_gem=1
    Loaded agent2 probs: goal_probs size=(3, 36), state_probs size=(3, 36)
    Loaded agent3 probs: goal_probs size=(3, 32), state_probs size=(3, 32)
    Planning for agent1...
    problem.goal = has(agent1, gem1)
    agent1 location = (4, 12)
    Agent1 plan computed, length=24
    agent3 initial goal_probs: [0.333, 0.333, 0.333]
    agent3 initial state_probs: [0.333, 0.333, 0.333]
    t=0: Q_observe_agent2=84.0, Q_observe_agent3=82.78, Q_not_observe=93.0
    wizard_candidates: 3
    agent2_count=0, agent3_count=0
    timestep_agent2=1, timestep_agent3=1
    === agent2 (actual) breakdown ===
      g=1, i=1: T=13, n_wiz=1, Q_T=65.0, obs_cost=12.0, prob=0.111
      g=1, i=2: T=13, n_wiz=1, Q_T=65.0, obs_cost=12.0, prob=0.111
      g=1, i=3: T=13, n_wiz=1, Q_T=71.0, obs_cost=12.0, prob=0.111
      g=2, i=1: T=2, n_wiz=3, Q_T=93.0, obs_cost=1.0, prob=0.111
      g=2, i=2: T=2, n_wiz=3, Q_T=93.0, obs_cost=1.0, prob=0.111
      g=2, i=3: T=2, n_wiz=3, Q_T=93.0, obs_cost=1.0, prob=0.111
      g=3, i=1: T=13, n_wiz=1, Q_T=65.0, obs_cost=12.0, prob=0.111
      g=3, i=2: T=13, n_wiz=1, Q_T=65.0, obs_cost=12.0, prob=0.111
      g=3, i=3: T=13, n_wiz=1, Q_T=71.0, obs_cost=12.0, prob=0.111
    === agent3 (naive) breakdown ===
      g=1, i=1: T=13, n_wiz=1, Q_T=65.0, obs_cost=12.0, prob=0.111
      g=1, i=2: T=12, n_wiz=1, Q_T=65.0, obs_cost=11.0, prob=0.111
      g=1, i=3: T=8, n_wiz=1, Q_T=71.0, obs_cost=7.0, prob=0.111
      g=2, i=1: T=3, n_wiz=3, Q_T=93.0, obs_cost=2.0, prob=0.111
      g=2, i=2: T=3, n_wiz=3, Q_T=93.0, obs_cost=2.0, prob=0.111
      g=2, i=3: T=3, n_wiz=3, Q_T=93.0, obs_cost=2.0, prob=0.111
      g=3, i=1: T=11, n_wiz=1, Q_T=65.0, obs_cost=10.0, prob=0.111
      g=3, i=2: T=12, n_wiz=1, Q_T=65.0, obs_cost=11.0, prob=0.111
      g=3, i=3: T=8, n_wiz=1, Q_T=71.0, obs_cost=7.0, prob=0.111
    t=1: Q_observe_agent2=84.0, Q_observe_agent3=75.67, Q_not_observe=93.0
    wizard_candidates: 3
    agent2_count=0, agent3_count=1
    timestep_agent2=1, timestep_agent3=2
    === agent2 (actual) breakdown ===
      g=1, i=1: T=13, n_wiz=1, Q_T=65.0, obs_cost=12.0, prob=0.111
      g=1, i=2: T=13, n_wiz=1, Q_T=65.0, obs_cost=12.0, prob=0.111
      g=1, i=3: T=13, n_wiz=1, Q_T=71.0, obs_cost=12.0, prob=0.111
      g=2, i=1: T=2, n_wiz=3, Q_T=93.0, obs_cost=1.0, prob=0.111
      g=2, i=2: T=2, n_wiz=3, Q_T=93.0, obs_cost=1.0, prob=0.111
      g=2, i=3: T=2, n_wiz=3, Q_T=93.0, obs_cost=1.0, prob=0.111
      g=3, i=1: T=13, n_wiz=1, Q_T=65.0, obs_cost=12.0, prob=0.111
      g=3, i=2: T=13, n_wiz=1, Q_T=65.0, obs_cost=12.0, prob=0.111
      g=3, i=3: T=13, n_wiz=1, Q_T=71.0, obs_cost=12.0, prob=0.111
    === agent3 (naive) breakdown ===
      g=1, i=1: T=13, n_wiz=1, Q_T=65.0, obs_cost=11.0, prob=0.156
      g=1, i=2: T=12, n_wiz=1, Q_T=65.0, obs_cost=10.0, prob=0.156
      g=1, i=3: T=8, n_wiz=1, Q_T=71.0, obs_cost=6.0, prob=0.156
      g=3, i=1: T=11, n_wiz=1, Q_T=65.0, obs_cost=9.0, prob=0.156
      g=3, i=2: T=12, n_wiz=1, Q_T=65.0, obs_cost=10.0, prob=0.156
      g=3, i=3: T=8, n_wiz=1, Q_T=71.0, obs_cost=6.0, prob=0.156
    t=2: Q_observe_agent2=84.0, Q_observe_agent3=74.67, Q_not_observe=93.0
    wizard_candidates: 3
    agent2_count=0, agent3_count=2
    timestep_agent2=1, timestep_agent3=3
    === agent2 (actual) breakdown ===
      g=1, i=1: T=13, n_wiz=1, Q_T=65.0, obs_cost=12.0, prob=0.111
      g=1, i=2: T=13, n_wiz=1, Q_T=65.0, obs_cost=12.0, prob=0.111
      g=1, i=3: T=13, n_wiz=1, Q_T=71.0, obs_cost=12.0, prob=0.111
      g=2, i=1: T=2, n_wiz=3, Q_T=93.0, obs_cost=1.0, prob=0.111
      g=2, i=2: T=2, n_wiz=3, Q_T=93.0, obs_cost=1.0, prob=0.111
      g=2, i=3: T=2, n_wiz=3, Q_T=93.0, obs_cost=1.0, prob=0.111
      g=3, i=1: T=13, n_wiz=1, Q_T=65.0, obs_cost=12.0, prob=0.111
      g=3, i=2: T=13, n_wiz=1, Q_T=65.0, obs_cost=12.0, prob=0.111
      g=3, i=3: T=13, n_wiz=1, Q_T=71.0, obs_cost=12.0, prob=0.111
    === agent3 (naive) breakdown ===
      g=1, i=1: T=13, n_wiz=1, Q_T=65.0, obs_cost=10.0, prob=0.165
      g=1, i=2: T=12, n_wiz=1, Q_T=65.0, obs_cost=9.0, prob=0.165
      g=1, i=3: T=8, n_wiz=1, Q_T=71.0, obs_cost=5.0, prob=0.165
      g=3, i=1: T=11, n_wiz=1, Q_T=65.0, obs_cost=8.0, prob=0.165
      g=3, i=2: T=12, n_wiz=1, Q_T=65.0, obs_cost=9.0, prob=0.165
      g=3, i=3: T=8, n_wiz=1, Q_T=71.0, obs_cost=5.0, prob=0.165
    t=3: Q_observe_agent2=84.0, Q_observe_agent3=73.67, Q_not_observe=93.0
    wizard_candidates: 3
    agent2_count=0, agent3_count=3
    timestep_agent2=1, timestep_agent3=4
    === agent2 (actual) breakdown ===
      g=1, i=1: T=13, n_wiz=1, Q_T=65.0, obs_cost=12.0, prob=0.111
      g=1, i=2: T=13, n_wiz=1, Q_T=65.0, obs_cost=12.0, prob=0.111
      g=1, i=3: T=13, n_wiz=1, Q_T=71.0, obs_cost=12.0, prob=0.111
      g=2, i=1: T=2, n_wiz=3, Q_T=93.0, obs_cost=1.0, prob=0.111
      g=2, i=2: T=2, n_wiz=3, Q_T=93.0, obs_cost=1.0, prob=0.111
      g=2, i=3: T=2, n_wiz=3, Q_T=93.0, obs_cost=1.0, prob=0.111
      g=3, i=1: T=13, n_wiz=1, Q_T=65.0, obs_cost=12.0, prob=0.111
      g=3, i=2: T=13, n_wiz=1, Q_T=65.0, obs_cost=12.0, prob=0.111
      g=3, i=3: T=13, n_wiz=1, Q_T=71.0, obs_cost=12.0, prob=0.111
    === agent3 (naive) breakdown ===
      g=1, i=1: T=13, n_wiz=1, Q_T=65.0, obs_cost=9.0, prob=0.165
      g=1, i=2: T=12, n_wiz=1, Q_T=65.0, obs_cost=8.0, prob=0.165
      g=1, i=3: T=8, n_wiz=1, Q_T=71.0, obs_cost=4.0, prob=0.165
      g=3, i=1: T=11, n_wiz=1, Q_T=65.0, obs_cost=7.0, prob=0.165
      g=3, i=2: T=12, n_wiz=1, Q_T=65.0, obs_cost=8.0, prob=0.165
      g=3, i=3: T=8, n_wiz=1, Q_T=71.0, obs_cost=4.0, prob=0.165
    t=4: Q_observe_agent2=84.0, Q_observe_agent3=72.67, Q_not_observe=93.0
    wizard_candidates: 3
    agent2_count=0, agent3_count=4
    timestep_agent2=1, timestep_agent3=5
    === agent2 (actual) breakdown ===
      g=1, i=1: T=13, n_wiz=1, Q_T=65.0, obs_cost=12.0, prob=0.111
      g=1, i=2: T=13, n_wiz=1, Q_T=65.0, obs_cost=12.0, prob=0.111
      g=1, i=3: T=13, n_wiz=1, Q_T=71.0, obs_cost=12.0, prob=0.111
      g=2, i=1: T=2, n_wiz=3, Q_T=93.0, obs_cost=1.0, prob=0.111
      g=2, i=2: T=2, n_wiz=3, Q_T=93.0, obs_cost=1.0, prob=0.111
      g=2, i=3: T=2, n_wiz=3, Q_T=93.0, obs_cost=1.0, prob=0.111
      g=3, i=1: T=13, n_wiz=1, Q_T=65.0, obs_cost=12.0, prob=0.111
      g=3, i=2: T=13, n_wiz=1, Q_T=65.0, obs_cost=12.0, prob=0.111
      g=3, i=3: T=13, n_wiz=1, Q_T=71.0, obs_cost=12.0, prob=0.111
    === agent3 (naive) breakdown ===
      g=1, i=1: T=13, n_wiz=1, Q_T=65.0, obs_cost=8.0, prob=0.165
      g=1, i=2: T=12, n_wiz=1, Q_T=65.0, obs_cost=7.0, prob=0.165
      g=1, i=3: T=8, n_wiz=1, Q_T=71.0, obs_cost=3.0, prob=0.165
      g=3, i=1: T=11, n_wiz=1, Q_T=65.0, obs_cost=6.0, prob=0.165
      g=3, i=2: T=12, n_wiz=1, Q_T=65.0, obs_cost=7.0, prob=0.165
      g=3, i=3: T=8, n_wiz=1, Q_T=71.0, obs_cost=3.0, prob=0.165
    t=5: Q_observe_agent2=84.0, Q_observe_agent3=72.43, Q_not_observe=93.0
    wizard_candidates: 3
    agent2_count=0, agent3_count=5
    timestep_agent2=1, timestep_agent3=6
    === agent2 (actual) breakdown ===
      g=1, i=1: T=13, n_wiz=1, Q_T=65.0, obs_cost=12.0, prob=0.111
      g=1, i=2: T=13, n_wiz=1, Q_T=65.0, obs_cost=12.0, prob=0.111
      g=1, i=3: T=13, n_wiz=1, Q_T=71.0, obs_cost=12.0, prob=0.111
      g=2, i=1: T=2, n_wiz=3, Q_T=93.0, obs_cost=1.0, prob=0.111
      g=2, i=2: T=2, n_wiz=3, Q_T=93.0, obs_cost=1.0, prob=0.111
      g=2, i=3: T=2, n_wiz=3, Q_T=93.0, obs_cost=1.0, prob=0.111
      g=3, i=1: T=13, n_wiz=1, Q_T=65.0, obs_cost=12.0, prob=0.111
      g=3, i=2: T=13, n_wiz=1, Q_T=65.0, obs_cost=12.0, prob=0.111
      g=3, i=3: T=13, n_wiz=1, Q_T=71.0, obs_cost=12.0, prob=0.111
    === agent3 (naive) breakdown ===
      g=1, i=1: T=13, n_wiz=1, Q_T=65.0, obs_cost=7.0, prob=0.122
      g=1, i=2: T=12, n_wiz=1, Q_T=65.0, obs_cost=6.0, prob=0.122
      g=1, i=3: T=8, n_wiz=1, Q_T=71.0, obs_cost=2.0, prob=0.51
      g=3, i=1: T=11, n_wiz=1, Q_T=65.0, obs_cost=5.0, prob=0.039
      g=3, i=2: T=12, n_wiz=1, Q_T=65.0, obs_cost=6.0, prob=0.039
      g=3, i=3: T=8, n_wiz=1, Q_T=71.0, obs_cost=2.0, prob=0.163
    t=6: Q_observe_agent2=89.6, Q_observe_agent3=72.0, Q_not_observe=71.0
    wizard_candidates: 1
    agent2_count=0, agent3_count=6
    timestep_agent2=1, timestep_agent3=7
    === agent2 (actual) breakdown ===
      g=1, i=3: T=13, n_wiz=1, Q_T=71.0, obs_cost=12.0, prob=0.111
      g=2, i=1: T=2, n_wiz=3, Q_T=93.0, obs_cost=1.0, prob=0.111
      g=2, i=2: T=2, n_wiz=3, Q_T=93.0, obs_cost=1.0, prob=0.111
      g=2, i=3: T=2, n_wiz=3, Q_T=93.0, obs_cost=1.0, prob=0.111
      g=3, i=3: T=13, n_wiz=1, Q_T=71.0, obs_cost=12.0, prob=0.111
    === agent3 (naive) breakdown ===
      g=1, i=3: T=8, n_wiz=1, Q_T=71.0, obs_cost=1.0, prob=0.885
    Scenario completed in 4.33s
    Cache stats: 1104 hits, 26 misses, 97.7% hit rate
Processing exp4:  45%|███████████████▎                  |  ETA: 0:03:12[K  Map completed in 8.03s

Processing map: sm543
Const[wizard1, wizard2, wizard3]Const[wizard1, wizard2, wizard3]  Scenario 2
    agent2 (X) -> gem3 (actual), agent3 (Y) -> gem1 (naive)
    Loading probability data: s_id_agent2=2, s_id_agent3=2
    agent2_gem=3, agent3_gem=1
    Loaded agent2 probs: goal_probs size=(3, 33), state_probs size=(2, 33)
    Loaded agent3 probs: goal_probs size=(3, 36), state_probs size=(2, 36)
    Planning for agent1...
    problem.goal = has(agent1, gem1)
    agent1 location = (4, 1)
    Agent1 plan computed, length=16
    agent3 initial goal_probs: [0.333, 0.333, 0.333]
    agent3 initial state_probs: [0.5, 0.5]
    t=0: Q_observe_agent2=64.0, Q_observe_agent3=65.67, Q_not_observe=58.0
    wizard_candidates: 2
    agent2_count=0, agent3_count=0
    timestep_agent2=1, timestep_agent3=1
    === agent2 (actual) breakdown ===
      g=1, i=1: T=18, n_wiz=1, Q_T=47.0, obs_cost=17.0, prob=0.167
      g=1, i=2: T=18, n_wiz=1, Q_T=47.0, obs_cost=17.0, prob=0.167
      g=2, i=1: T=7, n_wiz=2, Q_T=58.0, obs_cost=6.0, prob=0.167
      g=2, i=2: T=7, n_wiz=2, Q_T=58.0, obs_cost=6.0, prob=0.167
      g=3, i=1: T=7, n_wiz=2, Q_T=58.0, obs_cost=6.0, prob=0.167
      g=3, i=2: T=7, n_wiz=2, Q_T=58.0, obs_cost=6.0, prob=0.167
    === agent3 (naive) breakdown ===
      g=1, i=1: T=22, n_wiz=1, Q_T=47.0, obs_cost=21.0, prob=0.167
      g=1, i=2: T=22, n_wiz=1, Q_T=47.0, obs_cost=21.0, prob=0.167
      g=2, i=1: T=8, n_wiz=2, Q_T=58.0, obs_cost=7.0, prob=0.167
      g=2, i=2: T=8, n_wiz=2, Q_T=58.0, obs_cost=7.0, prob=0.167
      g=3, i=1: T=7, n_wiz=2, Q_T=58.0, obs_cost=6.0, prob=0.167
      g=3, i=2: T=7, n_wiz=2, Q_T=58.0, obs_cost=6.0, prob=0.167
    Scenario completed in 3.24s
    Cache stats: 123 hits, 14 misses, 89.8% hit rate
Processing exp4:  48%|████████████████▏                 |  ETA: 0:03:01[K  Map completed in 6.9s

Processing map: sm351
Const[wizard1, wizard2, wizard3, wizard4]Const[wizard1, wizard2, wizard3, wizard4]  Scenario 2
    agent2 (X) -> gem2 (actual), agent3 (Y) -> gem3 (naive)
    Loading probability data: s_id_agent2=3, s_id_agent3=3
    agent2_gem=2, agent3_gem=3
    Loaded agent2 probs: goal_probs size=(3, 34), state_probs size=(3, 34)
    Loaded agent3 probs: goal_probs size=(3, 32), state_probs size=(3, 32)
    Planning for agent1...
    problem.goal = has(agent1, gem3)
    agent1 location = (11, 12)
    Agent1 plan computed, length=38
    agent3 initial goal_probs: [0.333, 0.333, 0.333]
    agent3 initial state_probs: [0.333, 0.333, 0.333]
    t=0: Q_observe_agent2=118.56, Q_observe_agent3=116.11, Q_not_observe=135.0
    wizard_candidates: 3
    agent2_count=0, agent3_count=0
    timestep_agent2=1, timestep_agent3=1
    === agent2 (actual) breakdown ===
      g=1, i=1: T=7, n_wiz=3, Q_T=135.0, obs_cost=6.0, prob=0.111
      g=1, i=2: T=7, n_wiz=3, Q_T=135.0, obs_cost=6.0, prob=0.111
      g=1, i=3: T=7, n_wiz=3, Q_T=135.0, obs_cost=6.0, prob=0.111
      g=2, i=1: T=10, n_wiz=1, Q_T=83.0, obs_cost=9.0, prob=0.111
      g=2, i=2: T=12, n_wiz=1, Q_T=95.0, obs_cost=11.0, prob=0.111
      g=2, i=3: T=12, n_wiz=1, Q_T=113.0, obs_cost=11.0, prob=0.111
      g=3, i=1: T=10, n_wiz=1, Q_T=83.0, obs_cost=9.0, prob=0.111
      g=3, i=2: T=12, n_wiz=1, Q_T=95.0, obs_cost=11.0, prob=0.111
      g=3, i=3: T=12, n_wiz=1, Q_T=113.0, obs_cost=11.0, prob=0.111
    === agent3 (naive) breakdown ===
      g=1, i=1: T=3, n_wiz=3, Q_T=135.0, obs_cost=2.0, prob=0.111
      g=1, i=2: T=3, n_wiz=3, Q_T=135.0, obs_cost=2.0, prob=0.111
      g=1, i=3: T=3, n_wiz=3, Q_T=135.0, obs_cost=2.0, prob=0.111
      g=2, i=1: T=7, n_wiz=1, Q_T=83.0, obs_cost=6.0, prob=0.111
      g=2, i=2: T=11, n_wiz=1, Q_T=95.0, obs_cost=10.0, prob=0.111
      g=2, i=3: T=11, n_wiz=1, Q_T=113.0, obs_cost=10.0, prob=0.111
      g=3, i=1: T=7, n_wiz=1, Q_T=83.0, obs_cost=6.0, prob=0.111
      g=3, i=2: T=11, n_wiz=1, Q_T=95.0, obs_cost=10.0, prob=0.111
      g=3, i=3: T=11, n_wiz=1, Q_T=113.0, obs_cost=10.0, prob=0.111
    t=1: Q_observe_agent2=118.56, Q_observe_agent3=104.67, Q_not_observe=135.0
    wizard_candidates: 3
    agent2_count=0, agent3_count=1
    timestep_agent2=1, timestep_agent3=2
    === agent2 (actual) breakdown ===
      g=1, i=1: T=7, n_wiz=3, Q_T=135.0, obs_cost=6.0, prob=0.111
      g=1, i=2: T=7, n_wiz=3, Q_T=135.0, obs_cost=6.0, prob=0.111
      g=1, i=3: T=7, n_wiz=3, Q_T=135.0, obs_cost=6.0, prob=0.111
      g=2, i=1: T=10, n_wiz=1, Q_T=83.0, obs_cost=9.0, prob=0.111
      g=2, i=2: T=12, n_wiz=1, Q_T=95.0, obs_cost=11.0, prob=0.111
      g=2, i=3: T=12, n_wiz=1, Q_T=113.0, obs_cost=11.0, prob=0.111
      g=3, i=1: T=10, n_wiz=1, Q_T=83.0, obs_cost=9.0, prob=0.111
      g=3, i=2: T=12, n_wiz=1, Q_T=95.0, obs_cost=11.0, prob=0.111
      g=3, i=3: T=12, n_wiz=1, Q_T=113.0, obs_cost=11.0, prob=0.111
    === agent3 (naive) breakdown ===
      g=2, i=1: T=7, n_wiz=1, Q_T=83.0, obs_cost=5.0, prob=0.156
      g=2, i=2: T=11, n_wiz=1, Q_T=95.0, obs_cost=9.0, prob=0.156
      g=2, i=3: T=11, n_wiz=1, Q_T=113.0, obs_cost=9.0, prob=0.156
      g=3, i=1: T=7, n_wiz=1, Q_T=83.0, obs_cost=5.0, prob=0.156
      g=3, i=2: T=11, n_wiz=1, Q_T=95.0, obs_cost=9.0, prob=0.156
      g=3, i=3: T=11, n_wiz=1, Q_T=113.0, obs_cost=9.0, prob=0.156
    t=2: Q_observe_agent2=118.56, Q_observe_agent3=103.67, Q_not_observe=135.0
    wizard_candidates: 3
    agent2_count=0, agent3_count=2
    timestep_agent2=1, timestep_agent3=3
    === agent2 (actual) breakdown ===
      g=1, i=1: T=7, n_wiz=3, Q_T=135.0, obs_cost=6.0, prob=0.111
      g=1, i=2: T=7, n_wiz=3, Q_T=135.0, obs_cost=6.0, prob=0.111
      g=1, i=3: T=7, n_wiz=3, Q_T=135.0, obs_cost=6.0, prob=0.111
      g=2, i=1: T=10, n_wiz=1, Q_T=83.0, obs_cost=9.0, prob=0.111
      g=2, i=2: T=12, n_wiz=1, Q_T=95.0, obs_cost=11.0, prob=0.111
      g=2, i=3: T=12, n_wiz=1, Q_T=113.0, obs_cost=11.0, prob=0.111
      g=3, i=1: T=10, n_wiz=1, Q_T=83.0, obs_cost=9.0, prob=0.111
      g=3, i=2: T=12, n_wiz=1, Q_T=95.0, obs_cost=11.0, prob=0.111
      g=3, i=3: T=12, n_wiz=1, Q_T=113.0, obs_cost=11.0, prob=0.111
    === agent3 (naive) breakdown ===
      g=2, i=1: T=7, n_wiz=1, Q_T=83.0, obs_cost=4.0, prob=0.165
      g=2, i=2: T=11, n_wiz=1, Q_T=95.0, obs_cost=8.0, prob=0.165
      g=2, i=3: T=11, n_wiz=1, Q_T=113.0, obs_cost=8.0, prob=0.165
      g=3, i=1: T=7, n_wiz=1, Q_T=83.0, obs_cost=4.0, prob=0.165
      g=3, i=2: T=11, n_wiz=1, Q_T=95.0, obs_cost=8.0, prob=0.165
      g=3, i=3: T=11, n_wiz=1, Q_T=113.0, obs_cost=8.0, prob=0.165
    t=3: Q_observe_agent2=118.56, Q_observe_agent3=102.67, Q_not_observe=135.0
    wizard_candidates: 3
    agent2_count=0, agent3_count=3
    timestep_agent2=1, timestep_agent3=4
    === agent2 (actual) breakdown ===
      g=1, i=1: T=7, n_wiz=3, Q_T=135.0, obs_cost=6.0, prob=0.111
      g=1, i=2: T=7, n_wiz=3, Q_T=135.0, obs_cost=6.0, prob=0.111
      g=1, i=3: T=7, n_wiz=3, Q_T=135.0, obs_cost=6.0, prob=0.111
      g=2, i=1: T=10, n_wiz=1, Q_T=83.0, obs_cost=9.0, prob=0.111
      g=2, i=2: T=12, n_wiz=1, Q_T=95.0, obs_cost=11.0, prob=0.111
      g=2, i=3: T=12, n_wiz=1, Q_T=113.0, obs_cost=11.0, prob=0.111
      g=3, i=1: T=10, n_wiz=1, Q_T=83.0, obs_cost=9.0, prob=0.111
      g=3, i=2: T=12, n_wiz=1, Q_T=95.0, obs_cost=11.0, prob=0.111
      g=3, i=3: T=12, n_wiz=1, Q_T=113.0, obs_cost=11.0, prob=0.111
    === agent3 (naive) breakdown ===
      g=2, i=1: T=7, n_wiz=1, Q_T=83.0, obs_cost=3.0, prob=0.165
      g=2, i=2: T=11, n_wiz=1, Q_T=95.0, obs_cost=7.0, prob=0.165
      g=2, i=3: T=11, n_wiz=1, Q_T=113.0, obs_cost=7.0, prob=0.165
      g=3, i=1: T=7, n_wiz=1, Q_T=83.0, obs_cost=3.0, prob=0.165
      g=3, i=2: T=11, n_wiz=1, Q_T=95.0, obs_cost=7.0, prob=0.165
      g=3, i=3: T=11, n_wiz=1, Q_T=113.0, obs_cost=7.0, prob=0.165
    t=4: Q_observe_agent2=126.14, Q_observe_agent3=110.0, Q_not_observe=124.0
    wizard_candidates: 2
    agent2_count=0, agent3_count=4
    timestep_agent2=1, timestep_agent3=5
    === agent2 (actual) breakdown ===
      g=1, i=1: T=7, n_wiz=3, Q_T=135.0, obs_cost=6.0, prob=0.111
      g=1, i=2: T=7, n_wiz=3, Q_T=135.0, obs_cost=6.0, prob=0.111
      g=1, i=3: T=7, n_wiz=3, Q_T=135.0, obs_cost=6.0, prob=0.111
      g=2, i=2: T=12, n_wiz=1, Q_T=95.0, obs_cost=11.0, prob=0.111
      g=2, i=3: T=12, n_wiz=1, Q_T=113.0, obs_cost=11.0, prob=0.111
      g=3, i=2: T=12, n_wiz=1, Q_T=95.0, obs_cost=11.0, prob=0.111
      g=3, i=3: T=12, n_wiz=1, Q_T=113.0, obs_cost=11.0, prob=0.111
    === agent3 (naive) breakdown ===
      g=2, i=2: T=11, n_wiz=1, Q_T=95.0, obs_cost=6.0, prob=0.234
      g=2, i=3: T=11, n_wiz=1, Q_T=113.0, obs_cost=6.0, prob=0.234
      g=3, i=2: T=11, n_wiz=1, Q_T=95.0, obs_cost=6.0, prob=0.234
      g=3, i=3: T=11, n_wiz=1, Q_T=113.0, obs_cost=6.0, prob=0.234
    t=5: Q_observe_agent2=126.14, Q_observe_agent3=109.0, Q_not_observe=124.0
    wizard_candidates: 2
    agent2_count=0, agent3_count=5
    timestep_agent2=1, timestep_agent3=6
    === agent2 (actual) breakdown ===
      g=1, i=1: T=7, n_wiz=3, Q_T=135.0, obs_cost=6.0, prob=0.111
      g=1, i=2: T=7, n_wiz=3, Q_T=135.0, obs_cost=6.0, prob=0.111
      g=1, i=3: T=7, n_wiz=3, Q_T=135.0, obs_cost=6.0, prob=0.111
      g=2, i=2: T=12, n_wiz=1, Q_T=95.0, obs_cost=11.0, prob=0.111
      g=2, i=3: T=12, n_wiz=1, Q_T=113.0, obs_cost=11.0, prob=0.111
      g=3, i=2: T=12, n_wiz=1, Q_T=95.0, obs_cost=11.0, prob=0.111
      g=3, i=3: T=12, n_wiz=1, Q_T=113.0, obs_cost=11.0, prob=0.111
    === agent3 (naive) breakdown ===
      g=2, i=2: T=11, n_wiz=1, Q_T=95.0, obs_cost=5.0, prob=0.248
      g=2, i=3: T=11, n_wiz=1, Q_T=113.0, obs_cost=5.0, prob=0.248
      g=3, i=2: T=11, n_wiz=1, Q_T=95.0, obs_cost=5.0, prob=0.248
      g=3, i=3: T=11, n_wiz=1, Q_T=113.0, obs_cost=5.0, prob=0.248
    t=6: Q_observe_agent2=126.14, Q_observe_agent3=108.0, Q_not_observe=124.0
    wizard_candidates: 2
    agent2_count=0, agent3_count=6
    timestep_agent2=1, timestep_agent3=7
    === agent2 (actual) breakdown ===
      g=1, i=1: T=7, n_wiz=3, Q_T=135.0, obs_cost=6.0, prob=0.111
      g=1, i=2: T=7, n_wiz=3, Q_T=135.0, obs_cost=6.0, prob=0.111
      g=1, i=3: T=7, n_wiz=3, Q_T=135.0, obs_cost=6.0, prob=0.111
      g=2, i=2: T=12, n_wiz=1, Q_T=95.0, obs_cost=11.0, prob=0.111
      g=2, i=3: T=12, n_wiz=1, Q_T=113.0, obs_cost=11.0, prob=0.111
      g=3, i=2: T=12, n_wiz=1, Q_T=95.0, obs_cost=11.0, prob=0.111
      g=3, i=3: T=12, n_wiz=1, Q_T=113.0, obs_cost=11.0, prob=0.111
    === agent3 (naive) breakdown ===
      g=2, i=2: T=11, n_wiz=1, Q_T=95.0, obs_cost=4.0, prob=0.25
      g=2, i=3: T=11, n_wiz=1, Q_T=113.0, obs_cost=4.0, prob=0.25
      g=3, i=2: T=11, n_wiz=1, Q_T=95.0, obs_cost=4.0, prob=0.25
      g=3, i=3: T=11, n_wiz=1, Q_T=113.0, obs_cost=4.0, prob=0.25
    t=7: Q_observe_agent2=126.14, Q_observe_agent3=107.0, Q_not_observe=124.0
    wizard_candidates: 2
    agent2_count=0, agent3_count=7
    timestep_agent2=1, timestep_agent3=8
    === agent2 (actual) breakdown ===
      g=1, i=1: T=7, n_wiz=3, Q_T=135.0, obs_cost=6.0, prob=0.111
      g=1, i=2: T=7, n_wiz=3, Q_T=135.0, obs_cost=6.0, prob=0.111
      g=1, i=3: T=7, n_wiz=3, Q_T=135.0, obs_cost=6.0, prob=0.111
      g=2, i=2: T=12, n_wiz=1, Q_T=95.0, obs_cost=11.0, prob=0.111
      g=2, i=3: T=12, n_wiz=1, Q_T=113.0, obs_cost=11.0, prob=0.111
      g=3, i=2: T=12, n_wiz=1, Q_T=95.0, obs_cost=11.0, prob=0.111
      g=3, i=3: T=12, n_wiz=1, Q_T=113.0, obs_cost=11.0, prob=0.111
    === agent3 (naive) breakdown ===
      g=2, i=2: T=11, n_wiz=1, Q_T=95.0, obs_cost=3.0, prob=0.25
      g=2, i=3: T=11, n_wiz=1, Q_T=113.0, obs_cost=3.0, prob=0.25
      g=3, i=2: T=11, n_wiz=1, Q_T=95.0, obs_cost=3.0, prob=0.25
      g=3, i=3: T=11, n_wiz=1, Q_T=113.0, obs_cost=3.0, prob=0.25
    t=8: Q_observe_agent2=126.14, Q_observe_agent3=106.0, Q_not_observe=124.0
    wizard_candidates: 2
    agent2_count=0, agent3_count=8
    timestep_agent2=1, timestep_agent3=9
    === agent2 (actual) breakdown ===
      g=1, i=1: T=7, n_wiz=3, Q_T=135.0, obs_cost=6.0, prob=0.111
      g=1, i=2: T=7, n_wiz=3, Q_T=135.0, obs_cost=6.0, prob=0.111
      g=1, i=3: T=7, n_wiz=3, Q_T=135.0, obs_cost=6.0, prob=0.111
      g=2, i=2: T=12, n_wiz=1, Q_T=95.0, obs_cost=11.0, prob=0.111
      g=2, i=3: T=12, n_wiz=1, Q_T=113.0, obs_cost=11.0, prob=0.111
      g=3, i=2: T=12, n_wiz=1, Q_T=95.0, obs_cost=11.0, prob=0.111
      g=3, i=3: T=12, n_wiz=1, Q_T=113.0, obs_cost=11.0, prob=0.111
    === agent3 (naive) breakdown ===
      g=2, i=2: T=11, n_wiz=1, Q_T=95.0, obs_cost=2.0, prob=0.25
      g=2, i=3: T=11, n_wiz=1, Q_T=113.0, obs_cost=2.0, prob=0.25
      g=3, i=2: T=11, n_wiz=1, Q_T=95.0, obs_cost=2.0, prob=0.25
      g=3, i=3: T=11, n_wiz=1, Q_T=113.0, obs_cost=2.0, prob=0.25
    t=9: Q_observe_agent2=126.14, Q_observe_agent3=111.85, Q_not_observe=124.0
    wizard_candidates: 2
    agent2_count=0, agent3_count=9
    timestep_agent2=1, timestep_agent3=10
    === agent2 (actual) breakdown ===
      g=1, i=1: T=7, n_wiz=3, Q_T=135.0, obs_cost=6.0, prob=0.111
      g=1, i=2: T=7, n_wiz=3, Q_T=135.0, obs_cost=6.0, prob=0.111
      g=1, i=3: T=7, n_wiz=3, Q_T=135.0, obs_cost=6.0, prob=0.111
      g=2, i=2: T=12, n_wiz=1, Q_T=95.0, obs_cost=11.0, prob=0.111
      g=2, i=3: T=12, n_wiz=1, Q_T=113.0, obs_cost=11.0, prob=0.111
      g=3, i=2: T=12, n_wiz=1, Q_T=95.0, obs_cost=11.0, prob=0.111
      g=3, i=3: T=12, n_wiz=1, Q_T=113.0, obs_cost=11.0, prob=0.111
    === agent3 (naive) breakdown ===
      g=2, i=2: T=11, n_wiz=1, Q_T=95.0, obs_cost=1.0, prob=0.06
      g=2, i=3: T=11, n_wiz=1, Q_T=113.0, obs_cost=1.0, prob=0.44
      g=3, i=2: T=11, n_wiz=1, Q_T=95.0, obs_cost=1.0, prob=0.06
      g=3, i=3: T=11, n_wiz=1, Q_T=113.0, obs_cost=1.0, prob=0.44
    t=10: Q_observe_agent2=134.2, Q_observe_agent3=114.0, Q_not_observe=113.0
    wizard_candidates: 1
    agent2_count=0, agent3_count=10
    timestep_agent2=1, timestep_agent3=11
    === agent2 (actual) breakdown ===
      g=1, i=1: T=7, n_wiz=3, Q_T=135.0, obs_cost=6.0, prob=0.111
      g=1, i=2: T=7, n_wiz=3, Q_T=135.0, obs_cost=6.0, prob=0.111
      g=1, i=3: T=7, n_wiz=3, Q_T=135.0, obs_cost=6.0, prob=0.111
      g=2, i=3: T=12, n_wiz=1, Q_T=113.0, obs_cost=11.0, prob=0.111
      g=3, i=3: T=12, n_wiz=1, Q_T=113.0, obs_cost=11.0, prob=0.111
    === agent3 (naive) breakdown ===
      g=2, i=3: T=11, n_wiz=1, Q_T=113.0, obs_cost=1.0, prob=0.491
      g=3, i=3: T=11, n_wiz=1, Q_T=113.0, obs_cost=1.0, prob=0.491
    Scenario completed in 4.51s
    Cache stats: 1557 hits, 26 misses, 98.4% hit rate
Processing exp4:  50%|█████████████████                 |  ETA: 0:02:52[K  Map completed in 8.19s

=== Timing Summary ===
Total time: 171.8s
Average per map: 8.58s
Fastest map: 6.44s
Slowest map: 19.72s

=== Experiment Complete ===
Results saved to: /Users/heyodogo/code/lab/social_learning/social_learning_ToM/model_outputs/experiments_v2/exp4/_wrapper_artifacts/steps_dict_exp4_031726_2_scenario2.json
Replay trace saved to: /Users/heyodogo/code/lab/social_learning/social_learning_ToM/model_outputs/experiments_v2/exp4/_wrapper_artifacts/steps_dict_exp4_031726_2_scenario2_replay_trace.json

Results saved to: /Users/heyodogo/code/lab/social_learning/social_learning_ToM/model_outputs/experiments_v2/exp4/_wrapper_artifacts/steps_dict_exp4_031726_2_scenario2.json
Replay trace saved to: /Users/heyodogo/code/lab/social_learning/social_learning_ToM/model_outputs/experiments_v2/exp4/_wrapper_artifacts/steps_dict_exp4_031726_2_scenario2_replay_trace.json
Canonical scenario outputs: /Users/heyodogo/code/lab/social_learning/social_learning_ToM/model_outputs/experiments_v2/exp4/scenario2
Debug output saved to: /Users/heyodogo/code/lab/social_learning/social_learning_ToM/model_outputs/experiments_v2/exp4/_wrapper_artifacts/steps_dict_exp4_031726_2_scenario2_debug.txt

==================================================
PHASE 3: Merging results
==================================================
Scenario 1 results: /Users/heyodogo/code/lab/social_learning/social_learning_ToM/model_outputs/experiments_v2/exp4/_wrapper_artifacts/steps_dict_exp4_031726_2_scenario1.json
Scenario 2 results: /Users/heyodogo/code/lab/social_learning/social_learning_ToM/model_outputs/experiments_v2/exp4/_wrapper_artifacts/steps_dict_exp4_031726_2_scenario2.json
Merged results: /Users/heyodogo/code/lab/social_learning/social_learning_ToM/model_outputs/experiments_v2/exp4/_wrapper_artifacts/steps_dict_exp4_031726_2.json
Merged replay trace: /Users/heyodogo/code/lab/social_learning/social_learning_ToM/model_outputs/experiments_v2/exp4/_wrapper_artifacts/steps_dict_exp4_031726_2_replay_trace.json
Canonical exp4 outputs: /Users/heyodogo/code/lab/social_learning/social_learning_ToM/model_outputs/experiments_v2/exp4

=== Experiment Complete ===
