method,true_goal_probs
belief_only,0.25
goal_only,0.5015678184622911
joint,0.6586182610001646
human,0.6217948717948718
