{"mod_s432": {"mean_observe_per_activation": 8.6875, "bootstrap_sd": 0.7002175100619341, "ci_lower": 7.3125, "ci_upper": 10.00078125, "observe_count": 278, "activation_count": 32}, "mod_s511": {"mean_observe_per_activation": 8.0, "bootstrap_sd": 1.916571419490024, "ci_lower": 3.6, "ci_upper": 11.0, "observe_count": 40, "activation_count": 5}, "mod_s362": {"mean_observe_per_activation": 7.4, "bootstrap_sd": 2.381664326676823, "ci_lower": 3.0, "ci_upper": 12.4, "observe_count": 37, "activation_count": 5}, "mod_s411": {"mean_observe_per_activation": 6.814814814814815, "bootstrap_sd": 0.5913655594340042, "ci_lower": 5.665740740740741, "ci_upper": 7.963888888888888, "observe_count": 184, "activation_count": 27}, "mod_s521": {"mean_observe_per_activation": 6.4, "bootstrap_sd": 1.5670884870760573, "ci_lower": 2.8, "ci_upper": 8.6, "observe_count": 32, "activation_count": 5}, "mod_s332": {"mean_observe_per_activation": 6.2, "bootstrap_sd": 2.004088703508787, "ci_lower": 4.0, "ci_upper": 10.6, "observe_count": 31, "activation_count": 5}, "mod_s421": {"mean_observe_per_activation": 5.481481481481482, "bootstrap_sd": 0.6437443009216774, "ci_lower": 4.2592592592592595, "ci_upper": 6.814814814814815, "observe_count": 148, "activation_count": 27}, "mod_s352": {"mean_observe_per_activation": 5.185185185185185, "bootstrap_sd": 0.5914592469274867, "ci_lower": 4.148148148148148, "ci_upper": 6.37037037037037, "observe_count": 140, "activation_count": 27}, "mod_s111": {"mean_observe_per_activation": 4.594594594594595, "bootstrap_sd": 0.7700472786651984, "ci_lower": 3.1344594594594595, "ci_upper": 6.2168918918918905, "observe_count": 170, "activation_count": 37}, "mod_s441": {"mean_observe_per_activation": 4.25, "bootstrap_sd": 0.9015485162914013, "ci_lower": 2.5, "ci_upper": 6.0, "observe_count": 17, "activation_count": 4}, "mod_s341": {"mean_observe_per_activation": 3.814814814814815, "bootstrap_sd": 0.6986661414263106, "ci_lower": 2.4444444444444446, "ci_upper": 5.18611111111111, "observe_count": 103, "activation_count": 27}, "mod_s221": {"mean_observe_per_activation": 3.5185185185185186, "bootstrap_sd": 0.9806703802903739, "ci_lower": 1.6666666666666667, "ci_upper": 5.482407407407407, "observe_count": 95, "activation_count": 27}, "mod_s532": {"mean_observe_per_activation": 3.4, "bootstrap_sd": 0.5276854099668589, "ci_lower": 2.2, "ci_upper": 4.0, "observe_count": 17, "activation_count": 5}, "mod_s112": {"mean_observe_per_activation": 3.324324324324324, "bootstrap_sd": 0.5162037294027849, "ci_lower": 2.4324324324324325, "ci_upper": 4.486486486486487, "observe_count": 123, "activation_count": 37}, "mod_s211": {"mean_observe_per_activation": 3.0, "bootstrap_sd": 0.0, "ci_lower": 3.0, "ci_upper": 3.0, "observe_count": 15, "activation_count": 5}, "mod_s541": {"mean_observe_per_activation": 2.8, "bootstrap_sd": 1.0621947550697555, "ci_lower": 0.8, "ci_upper": 4.8, "observe_count": 14, "activation_count": 5}, "mod_s321": {"mean_observe_per_activation": 2.6, "bootstrap_sd": 0.36017657776036344, "ci_lower": 1.8, "ci_upper": 3.0, "observe_count": 13, "activation_count": 5}, "mod_s361": {"mean_observe_per_activation": 2.6, "bootstrap_sd": 2.1528565747470108, "ci_lower": 0.0, "ci_upper": 7.4, "observe_count": 13, "activation_count": 5}, "mod_s542": {"mean_observe_per_activation": 2.5, "bootstrap_sd": 0.5527796263569374, "ci_lower": 1.5, "ci_upper": 3.5, "observe_count": 10, "activation_count": 4}, "mod_s351": {"mean_observe_per_activation": 2.4, "bootstrap_sd": 0.8966349950310406, "ci_lower": 0.6, "ci_upper": 4.0, "observe_count": 12, "activation_count": 5}, "mod_s331": {"mean_observe_per_activation": 1.0, "bootstrap_sd": 0.28364677945553246, "ci_lower": 0.4, "ci_upper": 1.6, "observe_count": 5, "activation_count": 5}, "mod_s544": {"mean_observe_per_activation": 0.2, "bootstrap_sd": 0.17942617912042197, "ci_lower": 0.0, "ci_upper": 0.6, "observe_count": 1, "activation_count": 5}, "comprehension_check": {"mean_observe_per_activation": 0.0, "bootstrap_sd": 0.0, "ci_lower": 0.0, "ci_upper": 0.0, "observe_count": 0, "activation_count": 37}, "mod_s371": {"mean_observe_per_activation": 0.0, "bootstrap_sd": 0.0, "ci_lower": 0.0, "ci_upper": 0.0, "observe_count": 0, "activation_count": 5}, "s211": {"mean_observe_per_activation": 0.0, "bootstrap_sd": 0.0, "ci_lower": 0.0, "ci_upper": 0.0, "observe_count": 0, "activation_count": 37}}