{"s442_blue_exp": 7.857142857142857, "s542_blue_exp": 3.933333333333333, "s342_blue_exp": 2.217391304347826, "s352_other_exp": 3.8846153846153846, "s431_other_exp": 4.866666666666666, "s411_blue_exp": 7.0, "s362_other_exp": 0.9411764705882353, "s211_blue_exp": 2.8636363636363638, "s361_blue_exp": 1.0263157894736843, "s432_other_exp": 2.0833333333333335, "s351_blue_exp": 3.4909090909090907, "s431_blue_exp": 5.029411764705882, "s351_other_exp": 3.2083333333333335, "s211_other_exp": 2.7142857142857144, "s511_other_exp": 2.5555555555555554, "s352_blue_exp": 6.0476190476190474, "s342_other_exp": 2.3181818181818183, "s441_blue_exp": 4.54, "s362_blue_exp": 0.8888888888888888, "s542_other_exp": 3.0833333333333335, "s311_blue_exp": 3.8947368421052633, "s441_other_exp": 3.1538461538461537, "s311_other_exp": 1.1818181818181819, "s361_other_exp": 0.21052631578947367, "s411_other_exp": 5.111111111111111, "s511_blue_exp": 9.666666666666666, "s421_other_exp": 2.85, "s442_other_exp": 1.6956521739130435, "s432_blue_exp": 6.6, "s321_blue_exp": 2.7419354838709675, "s321_other_exp": 2.7777777777777777, "s521_blue_exp": 7.354838709677419, "s521_other_exp": 3.04, "s542_blue_naive": 5.324324324324325, "s342_blue_naive": 4.5, "s221_blue_exp": 4.387096774193548, "s221_other_exp": 2.1379310344827585, "s421_blue_exp": 8.347826086956522, "s341_blue_exp": 5.68, "s332_blue_naive": 4.565217391304348, "s541_other_exp": 3.4, "s341_other_exp": 2.5, "s541_blue_exp": 5.166666666666667, "s331_blue_naive": 2.7222222222222223, "s332_other_exp": 2.4166666666666665, "s332_blue_exp": 4.117647058823529, "s341_blue_naive": 5.64, "s331_blue_exp": 1.6666666666666667, "s541_blue_naive": 6.65, "s531_other_exp": 1.2857142857142858, "s531_blue_exp": 5.035714285714286, "s532_blue_exp": 5.0, "s331_other_exp": 3.0833333333333335, "s532_other_exp": 4.8, "s543_other_exp": 0.625, "s544_blue_exp": 1.8235294117647058, "s371_blue_exp": 5.071428571428571, "s543_blue_exp": 1.4166666666666667, "s544_other_exp": 0.09090909090909091, "s371_other_exp": 0.5384615384615384}